Y_pred,Y_real,Mean,,,
8.518941,21.6,13.08105907,,,Mean
4.261109,17.2,12.93889112,,count,1626
5.652992,18.4,12.74700823,,mean,2.426859
5.971703,18.5,12.52829695,,std,2.064105
6.6156774,18.4,11.78432264,,min,0.000469
6.9293504,18.7,11.77064962,,25%,0.877255
17.16065,5.9,11.26065025,,50%,1.914735
8.411491,18.9,10.48850861,,75%,3.4062
6.8878613,17.2,10.31213875,,max,13.081059
8.146181,18.4,10.25381889,,,
11.667087,1.8,9.867086601,,,
7.346297,17.2,9.853703213,,,
17.388647,7.6,9.788647079,,,
11.463921,1.8,9.663920593,,,
21.213167,11.7,9.513167191,,,
6.665965,16.1,9.43403492,,,
15.27445,5.9,9.374450302,,,
7.2339396,16.6,9.366060352,,,
1.9600399,11.2,9.239960146,,,
1.2465055,10.2,8.953494501,,,
20.538513,11.7,8.838513184,,,
9.560789,0.8,8.760789108,,,
16.24182,7.6,8.641819382,,,
12.991075,21.6,8.608925438,,,
10.347495,18.9,8.552504921,,,
7.4631996,16,8.536800385,,,
10.020113,1.5,8.520112991,,,
1.3051488,9.8,8.49485116,,,
17.577879,9.1,8.477878952,,,
9.9331255,18.4,8.466874504,,,
5.235528,13.7,8.464472008,,,
9.252935,0.8,8.45293541,,,
9.387081,1.1,8.287081146,,,
10.652726,18.9,8.247273827,,,
9.735042,1.5,8.235041618,,,
9.026056,0.8,8.22605629,,,
10.757222,2.6,8.157222176,,,
9.436531,1.3,8.136531067,,,
10.625351,2.5,8.125350952,,,
9.115087,1,8.115086555,,,
9.774176,1.7,8.074175644,,,
14.617408,6.6,8.017407799,,,
13.768291,5.9,7.868291473,,,
10.550142,18.4,7.849857712,,,
8.793197,1,7.793196678,,,
10.648767,18.4,7.751232529,,,
6.394833,14.1,7.705166912,,,
10.196253,2.5,7.696252823,,,
11.610399,4,7.610399246,,,
7.258627,14.8,7.541373062,,,
2.2644346,9.8,7.535565424,,,
14.086717,21.6,7.513283348,,,
11.251465,18.7,7.448535156,,,
8.542541,1.1,7.44254055,,,
19.098648,11.7,7.398648071,,,
9.803558,17.2,7.39644165,,,
8.621074,1.3,7.321073723,,,
6.886413,14.2,7.313586903,,,
8.24781,1,7.247810364,,,
18.920858,11.7,7.220858383,,,
11.566527,18.7,7.133472633,,,
8.343627,1.3,7.043626976,,,
18.805937,11.8,7.005936813,,,
11.753866,18.7,6.946133804,,,
12.809342,5.9,6.909342384,,,
7.703284,0.8,6.903283787,,,
7.962227,1.1,6.862226868,,,
7.770595,1,6.770595074,,,
8.546309,1.8,6.746309471,,,
10.026431,3.3,6.726431084,,,
12.160761,5.5,6.66076088,,,
5.349043,12,6.650957108,,,
14.969957,21.6,6.630042648,,,
10.08664,16.7,6.613359642,,,
8.425517,1.9,6.525517082,,,
8.103552,1.6,6.503551865,,,
6.2167473,12.7,6.483252716,,,
4.030546,10.5,6.469453812,,,
4.7934504,11.2,6.406549644,,,
7.377594,1,6.377593994,,,
7.859672,1.5,6.35967207,,,
7.7967052,14.1,6.303294754,,,
6.9239125,0.7,6.223912525,,,
8.601038,14.8,6.198962021,,,
7.287063,1.1,6.187063122,,,
8.756351,2.6,6.156351471,,,
24.053442,17.9,6.153442001,,,
9.151761,3,6.151761055,,,
10.048035,3.9,6.148034668,,,
6.557332,12.7,6.142667961,,,
2.1653955,8.3,6.134604502,,,
12.032577,5.9,6.132576561,,,
6.584281,12.7,6.115719032,,,
7.2846613,13.4,6.115338707,,,
13.613646,7.5,6.113645554,,,
16.309881,22.4,6.09011879,,,
13.389729,7.3,6.089728546,,,
6.7155805,12.8,6.084419537,,,
12.878584,6.8,6.078583908,,,
11.126865,17.2,6.073134613,,,
5.745664,11.8,6.05433588,,,
12.224891,6.2,6.024890709,,,
11.23142,17.2,5.968580437,,,
11.160382,5.2,5.960382271,,,
4.9714355,10.9,5.928564453,,,
24.322062,18.4,5.922061539,,,
6.797674,12.7,5.902325821,,,
10.481247,4.6,5.881246948,,,
6.8291583,12.7,5.870841694,,,
16.55601,22.4,5.843990707,,,
12.708959,6.9,5.808958626,,,
8.295043,14.1,5.804957008,,,
4.40292,10.2,5.797080231,,,
15.803153,21.6,5.796846962,,,
7.7959304,2,5.795930386,,,
6.7859025,1,5.7859025,,,
4.4315553,10.2,5.768444729,,,
3.6449573,9.4,5.755042696,,,
9.35013,3.6,5.750130081,,,
14.614192,8.9,5.714192009,,,
13.00903,7.3,5.709030342,,,
15.894352,21.6,5.705648041,,,
5.320054,11,5.679945946,,,
17.376488,11.7,5.676487732,,,
14.220127,19.8,5.579872894,,,
3.9443722,9.5,5.555627823,,,
6.383396,11.9,5.516603851,,,
5.710356,0.2,5.510356236,,,
5.4907374,11,5.509262562,,,
5.3969264,10.9,5.503073597,,,
12.199893,6.7,5.499892998,,,
7.211771,12.7,5.488228989,,,
6.4773297,1,5.477329731,,,
10.547268,16,5.452732086,,,
13.450124,18.9,5.449876213,,,
8.848572,3.4,5.448571777,,,
7.3698688,12.8,5.430131245,,,
11.803874,6.4,5.403874016,,,
5.6977773,11.1,5.402222729,,,
7.9874487,2.6,5.387448692,,,
12.523818,17.9,5.376181984,,,
9.42507,14.8,5.374930191,,,
6.630776,12,5.369224072,,,
7.268232,1.9,5.368231869,,,
1.146272,6.5,5.353728056,,,
7.251114,1.9,5.351113892,,,
7.935336,2.6,5.335336113,,,
7.789359,13.1,5.310640907,,,
3.8931968,9.2,5.306803179,,,
11.901821,6.6,5.301821136,,,
7.1846437,1.9,5.284643745,,,
7.1409507,12.4,5.25904932,,,
10.957599,5.7,5.257598686,,,
13.642824,18.9,5.257175827,,,
7.0514116,12.3,5.248588371,,,
16.3629,21.6,5.23710022,,,
5.9633207,11.2,5.236679268,,,
11.199645,6,5.199645042,,,
17.209421,22.4,5.190578842,,,
8.010489,13.2,5.189510536,,,
12.188077,7,5.188076973,,,
13.213998,18.4,5.186002159,,,
5.8344245,11,5.165575504,,,
6.1613503,1,5.16135025,,,
5.8408356,11,5.159164429,,,
9.652198,14.8,5.147802162,,,
9.945913,4.8,5.145913315,,,
17.273798,22.4,5.126202011,,,
8.521234,3.4,5.121233559,,,
6.8192973,1.7,5.119297314,,,
7.782224,12.9,5.117775822,,,
6.388893,11.5,5.111106873,,,
9.081702,4,5.081702232,,,
8.723447,13.8,5.076553154,,,
4.732281,9.8,5.067718792,,,
7.6519637,12.7,5.048036289,,,
9.847075,4.8,5.047075462,,,
9.057305,14.1,5.042694664,,,
7.384015,12.4,5.015984917,,,
6.5920415,11.6,5.007958508,,,
4.3921046,9.4,5.007895374,,,
11.903407,6.9,5.003407097,,,
6.2108817,11.2,4.98911829,,,
13.920904,18.9,4.97909584,,,
7.47367,2.5,4.973670006,,,
9.771362,4.8,4.971362305,,,
10.262317,5.3,4.962316704,,,
6.5353556,1.6,4.935355568,,,
7.47129,12.4,4.928709888,,,
3.9965808,8.9,4.903419161,,,
0.7049616,5.6,4.895038402,,,
11.808875,16.7,4.891124916,,,
7.5674963,2.7,4.8674963,,,
7.444979,2.6,4.844979191,,,
7.336788,2.5,4.836788177,,,
7.7357225,2.9,4.835722542,,,
16.632671,11.8,4.832671356,,,
8.931405,4.1,4.831405067,,,
7.5189266,2.7,4.81892662,,,
9.392933,4.6,4.792932892,,,
6.280139,1.5,4.780138969,,,
9.326914,14.1,4.773086166,,,
6.0706716,1.3,4.770671558,,,
8.764609,4,4.764609337,,,
13.547244,8.8,4.747244072,,,
8.056616,12.8,4.743384171,,,
12.04185,7.3,4.74185009,,,
3.7594407,8.5,4.74055934,,,
9.538341,4.8,4.738340569,,,
16.86291,21.6,4.737090683,,,
12.203991,7.5,4.703990936,,,
5.9008636,10.6,4.699136353,,,
6.696542,2,4.696541786,,,
6.3937716,1.7,4.693771648,,,
14.207943,18.9,4.692057037,,,
8.586284,3.9,4.686283684,,,
7.221686,11.9,4.678314114,,,
9.972689,5.3,4.672688675,,,
13.232733,17.9,4.667267227,,,
8.7487335,4.1,4.648733521,,,
4.951401,9.6,4.648598766,,,
9.155555,13.8,4.644445229,,,
3.584113,8.2,4.615887117,,,
0.3843034,5,4.615696609,,,
9.49956,14.1,4.600439644,,,
5.7026987,10.3,4.597301292,,,
6.6912208,2.1,4.59122076,,,
7.8184204,12.4,4.58157959,,,
2.422477,7,4.577522993,,,
7.824166,12.4,4.575834179,,,
9.527523,14.1,4.572476959,,,
8.46661,3.9,4.566609955,,,
9.663585,5.1,4.563584709,,,
-0.7614624,3.8,4.56146239,,,
5.4386306,0.9,4.538630581,,,
11.579475,16.1,4.520524597,,,
7.8809156,12.4,4.519084358,,,
5.31431,0.8,4.514310074,,,
9.0005865,4.5,4.50058651,,,
11.9999075,7.5,4.499907494,,,
15.305741,19.8,4.49425869,,,
5.478193,1,4.478192806,,,
11.971169,7.5,4.471169472,,,
8.530311,13,4.469689369,,,
3.5307825,8,4.469217539,,,
7.260182,2.8,4.460181904,,,
6.041527,10.5,4.458473206,,,
1.6421292,6.1,4.457870817,,,
9.057065,4.6,4.45706501,,,
6.354382,1.9,4.454382038,,,
14.463385,18.9,4.436615372,,,
13.333952,8.9,4.43395195,,,
8.833467,4.4,4.43346653,,,
9.027807,4.6,4.427807236,,,
6.895871,11.3,4.404128838,,,
6.403168,2,4.403168201,,,
8.200613,3.8,4.400613022,,,
6.474594,2.1,4.374594116,,,
4.2353578,8.6,4.364642239,,,
7.6407022,12,4.359297752,,,
1.4480121,5.8,4.351987886,,,
10.745044,6.4,4.345043755,,,
10.455265,14.8,4.344734955,,,
5.5756397,9.9,4.324360275,,,
11.7996025,7.5,4.299602509,,,
6.296215,2,4.296215057,,,
8.51408,12.8,4.285919952,,,
8.71667,13,4.283329964,,,
7.9365096,3.7,4.236509609,,,
19.995804,15.8,4.195803833,,,
7.8123393,12,4.187660694,,,
8.666169,4.5,4.166169167,,,
6.1659956,2,4.165995598,,,
7.2631516,3.1,4.163151646,,,
6.051491,1.9,4.151490784,,,
8.255924,12.4,4.144075775,,,
5.6588073,9.8,4.141192722,,,
6.8837113,11,4.116288662,,,
11.684532,15.8,4.115467834,,,
11.70071,7.6,4.100710297,,,
3.514417,7.6,4.085583067,,,
4.2144666,8.3,4.085533428,,,
19.877949,15.8,4.077948761,,,
7.4395804,11.5,4.060419559,,,
8.350418,12.4,4.049581909,,,
8.753209,12.8,4.046790886,,,
10.945924,6.9,4.045923805,,,
6.543892,2.5,4.043891907,,,
18.643847,14.6,4.043846512,,,
6.157456,10.2,4.042544079,,,
13.231912,9.2,4.031911659,,,
10.4308195,6.4,4.030819511,,,
4.7250233,0.7,4.02502327,,,
7.380356,11.4,4.019644165,,,
7.714624,3.7,4.014623928,,,
7.8873835,11.9,4.012616539,,,
12.206596,8.2,4.006596375,,,
12.898947,8.9,3.998946762,,,
7.392438,3.4,3.992437935,,,
6.0789394,2.1,3.978939438,,,
6.5252295,10.5,3.974770546,,,
6.673569,2.7,3.973569202,,,
6.470641,2.5,3.970641136,,,
9.769624,5.8,3.969623756,,,
9.033049,13,3.96695137,,,
14.266411,10.3,3.966410828,,,
4.9409065,8.9,3.959093475,,,
9.457338,5.5,3.957338333,,,
9.853036,5.9,3.953035927,,,
9.449772,13.4,3.950228119,,,
8.455266,12.4,3.944734001,,,
10.437924,6.5,3.937924385,,,
9.837857,5.9,3.937857246,,,
9.131513,5.2,3.931512642,,,
8.999,5.1,3.898999596,,,
9.790115,5.9,3.890115356,,,
4.078153,0.2,3.878153133,,,
10.77648,6.9,3.876479721,,,
10.224448,14.1,3.875551796,,,
8.428823,12.3,3.871176529,,,
5.6321406,9.5,3.867859364,,,
5.461557,1.6,3.861556911,,,
9.761393,5.9,3.861392593,,,
6.0505137,9.9,3.849486256,,,
7.350944,11.2,3.849055958,,,
5.354962,9.2,3.845038128,,,
6.7440643,2.9,3.844064331,,,
15.962162,19.8,3.837837982,,,
9.527648,5.7,3.827647972,,,
11.983261,15.8,3.816738892,,,
7.2082067,3.4,3.808206654,,,
14.204537,10.4,3.804537392,,,
9.002476,12.8,3.797524261,,,
7.4032288,11.2,3.79677124,,,
10.40544,14.2,3.794559669,,,
6.6914797,2.9,3.791479683,,,
11.009067,14.8,3.790933418,,,
11.6842985,7.9,3.784298515,,,
5.416924,9.2,3.783076,,,
7.722548,11.5,3.777451992,,,
8.573971,4.8,3.773970795,,,
1.5282428,5.3,3.771757174,,,
6.2637043,2.5,3.7637043,,,
6.262518,2.5,3.762517929,,,
5.458305,1.7,3.758304882,,,
5.8570557,2.1,3.757055664,,,
5.252281,1.5,3.752281189,,,
0.65421325,4.4,3.74578675,,,
10.243185,6.5,3.743185043,,,
9.263561,13,3.736438751,,,
7.525754,3.8,3.725753975,,,
10.212043,6.5,3.712042809,,,
6.590309,10.3,3.709690857,,,
7.3955317,3.7,3.695531654,,,
11.113115,14.8,3.686884689,,,
9.574148,5.9,3.674148178,,,
7.466787,3.8,3.666786861,,,
8.764609,5.1,3.664609337,,,
6.261186,2.6,3.661186123,,,
9.558582,5.9,3.658582306,,,
13.248533,9.6,3.648533249,,,
11.153,14.8,3.647000122,,,
7.355737,11,3.644262791,,,
4.363372,8,3.636628151,,,
6.4360094,2.8,3.636009407,,,
6.333195,2.7,3.63319521,,,
5.500849,1.9,3.60084877,,,
15.297657,11.7,3.597657013,,,
9.106228,12.7,3.593772125,,,
4.88924,1.3,3.589239788,,,
4.877223,1.3,3.577223015,,,
9.126253,12.7,3.573746872,,,
4.4704638,0.9,3.570463753,,,
4.8663015,1.3,3.566301537,,,
5.633722,9.2,3.566278172,,,
13.354264,9.8,3.554264259,,,
8.834089,5.3,3.534089279,,,
6.823811,3.3,3.523811054,,,
5.6780252,9.2,3.521974754,,,
7.5159497,4,3.515949726,,,
5.1018434,8.6,3.498156643,,,
5.397715,1.9,3.497715092,,,
5.8046517,9.3,3.495348263,,,
6.08175,2.6,3.481749916,,,
6.5773153,3.1,3.477315331,,,
9.329641,12.8,3.470358658,,,
15.431961,18.9,3.46803894,,,
5.9644055,2.5,3.464405537,,,
6.463607,3,3.463606834,,,
7.4596934,4,3.459693432,,,
7.1418843,10.6,3.458115673,,,
8.052881,4.6,3.452881241,,,
6.0511646,2.6,3.451164627,,,
14.45409,17.9,3.445909882,,,
9.256032,12.7,3.44396801,,,
15.458045,18.9,3.441954994,,,
4.1597757,7.6,3.440224266,,,
7.063274,10.5,3.436726093,,,
9.264073,12.7,3.435926628,,,
5.235163,1.8,3.435163212,,,
1.3667471,4.8,3.433252859,,,
8.730567,5.3,3.430566978,,,
9.375455,12.8,3.424545097,,,
9.320627,5.9,3.420627213,,,
11.379834,14.8,3.420165825,,,
15.4912815,18.9,3.408718491,,,
8.993651,12.4,3.40634861,,,
10.4942465,13.9,3.405753517,,,
12.300276,8.9,3.400275803,,,
8.495647,5.1,3.39564743,,,
4.894802,1.5,3.394802094,,,
7.6940813,4.3,3.394081306,,,
10.293506,6.9,3.393505669,,,
15.510898,18.9,3.389102364,,,
10.177753,6.8,3.377753448,,,
6.173815,2.8,3.373814774,,,
7.1732006,3.8,3.373200607,,,
6.071841,2.7,3.371840763,,,
6.067287,2.7,3.367286968,,,
4.066237,0.7,3.366236973,,,
3.5637772,0.2,3.363777208,,,
10.9578285,7.6,3.357828522,,,
9.253711,5.9,3.353710747,,,
6.0465045,9.4,3.353495502,,,
1.3522251,4.7,3.347774935,,,
6.9457526,3.6,3.345752621,,,
3.0556,6.4,3.344400072,,,
9.659359,13,3.340641022,,,
10.924917,7.6,3.324917221,,,
6.7792125,10.1,3.320787525,,,
9.186398,5.9,3.286397552,,,
8.581948,5.3,3.28194828,,,
8.581919,5.3,3.281918716,,,
13.421158,16.7,3.278842163,,,
6.0284843,9.3,3.271515656,,,
12.3683,9.1,3.268300438,,,
8.631934,11.9,3.268065834,,,
6.3363543,9.6,3.263645744,,,
6.136951,9.4,3.26304903,,,
7.742274,11,3.257726192,,,
7.942704,11.2,3.257295799,,,
6.3526754,3.1,3.252675438,,,
8.537891,5.3,3.237891388,,,
8.036297,4.8,3.236296844,,,
10.134043,6.9,3.23404274,,,
9.917331,6.7,3.217330742,,,
4.3140507,1.1,3.214050674,,,
6.01249,2.8,3.212489796,,,
6.094677,2.9,3.194676971,,,
5.5105,8.7,3.189500046,,,
6.2869267,3.1,3.186926746,,,
9.824217,13,3.175783157,,,
7.4314337,10.6,3.168566322,,,
8.564472,5.4,3.164472198,,,
9.564017,6.4,3.164017296,,,
7.15647,4,3.156469822,,,
6.256154,3.1,3.15615406,,,
10.743927,7.6,3.143927002,,,
5.741867,2.6,3.141867065,,,
9.036846,5.9,3.136846161,,,
9.135651,6,3.135650635,,,
4.4744616,7.6,3.125538445,,,
5.575853,8.7,3.124147129,,,
7.918775,4.8,3.118775082,,,
12.9184265,9.8,3.118426514,,,
8.913244,5.8,3.113244247,,,
7.709652,4.6,3.109651947,,,
8.408638,5.3,3.108638,,,
3.9084156,0.8,3.108415556,,,
7.392443,10.5,3.10755682,,,
6.399827,3.3,3.099827003,,,
21.494848,18.4,3.094848251,,,
6.5892787,3.5,3.089278698,,,
8.011835,11.1,3.088164902,,,
5.7166343,8.8,3.083365726,,,
9.717113,12.8,3.082887459,,,
7.1819367,4.1,3.081936741,,,
6.1673656,3.1,3.067365551,,,
6.257655,3.2,3.057655144,,,
11.255732,8.2,3.055731583,,,
8.353304,5.3,3.053303909,,,
6.3517447,3.3,3.051744652,,,
2.2620199,5.3,3.037980127,,,
6.8639464,9.9,3.036053562,,,
3.826156,0.8,3.026155901,,,
4.57993,7.6,3.020070171,,,
6.81706,3.8,3.017059994,,,
0.98310596,4,3.016894042,,,
8.811241,5.8,3.01124115,,,
9.410768,6.4,3.010767555,,,
9.804935,12.8,2.995064545,,,
7.2059917,10.2,2.994008255,,,
5.093816,2.1,2.993815804,,,
7.692978,4.7,2.992977905,,,
5.8927755,2.9,2.992775536,,,
1.5080707,4.5,2.991929293,,,
6.889504,3.9,2.989503956,,,
7.785448,4.8,2.985448074,,,
8.083578,5.1,2.98357811,,,
8.879274,5.9,2.979274368,,,
6.3773947,3.4,2.977394676,,,
8.925348,11.9,2.974651718,,,
10.571072,7.6,2.971071625,,,
9.868152,6.9,2.968151665,,,
8.535613,11.5,2.96438694,,,
5.0443416,8,2.955658436,,,
6.7502284,9.7,2.949771595,,,
7.247586,4.3,2.947585773,,,
8.960773,11.9,2.939226532,,,
7.032935,4.1,2.932935143,,,
6.723637,3.8,2.923637104,,,
5.0224423,2.1,2.922442341,,,
8.977647,11.9,2.922353172,,,
5.415598,2.5,2.915597916,,,
8.211391,5.3,2.911391449,,,
8.909603,6,2.909603119,,,
9.9015255,7,2.901525497,,,
7.29932,10.2,2.900679779,,,
4.9046316,7.8,2.895368385,,,
5.4058075,8.3,2.894192505,,,
6.7079363,9.6,2.892063713,,,
7.9915624,5.1,2.891562366,,,
7.6898656,4.8,2.889865589,,,
6.585558,3.7,2.885557938,,,
6.8170223,9.7,2.882977676,,,
9.282327,6.4,2.882326698,,,
4.0188427,6.9,2.881157303,,,
6.9221516,9.8,2.877848434,,,
12.624575,15.5,2.875425339,,,
8.873611,6,2.87361145,,,
8.771876,5.9,2.871876335,,,
5.13202,8,2.867980003,,,
16.932323,19.8,2.867676544,,,
7.3665714,4.5,2.866571426,,,
7.361209,4.5,2.861208916,,,
9.251696,6.4,2.851695633,,,
7.8511233,5,2.851123333,,,
4.8512974,7.7,2.848702621,,,
7.3578925,10.2,2.842107487,,,
1.7655556,4.6,2.83444438,,,
6.865945,9.7,2.834055138,,,
6.629539,3.8,2.829539013,,,
11.728104,8.9,2.828103638,,,
8.727999,5.9,2.827998734,,,
9.62583,6.8,2.825829697,,,
10.423263,7.6,2.823262596,,,
8.7168045,5.9,2.816804504,,,
8.31215,5.5,2.812150002,,,
7.6112804,4.8,2.811280441,,,
10.988945,13.8,2.811054993,,,
5.590718,8.4,2.809282207,,,
6.8940935,9.7,2.805906487,,,
12.995568,15.8,2.804431725,,,
10.006888,12.8,2.79311161,,,
8.393103,5.6,2.793102646,,,
16.111692,18.9,2.788307571,,,
5.4169216,8.2,2.783078384,,,
9.922663,12.7,2.777337265,,,
5.523655,8.3,2.776345062,,,
5.4319882,8.2,2.768011761,,,
7.6568785,4.9,2.756878471,,,
5.6456747,2.9,2.745674706,,,
6.555578,9.3,2.744421768,,,
6.6596165,9.4,2.74038353,,,
6.3362675,3.6,2.736267471,,,
10.034494,7.3,2.7344944,,,
9.669868,12.4,2.730131531,,,
4.7295465,2,2.729546547,,,
8.9289465,6.2,2.728946495,,,
7.1711855,9.9,2.728814507,,,
6.4728355,9.2,2.727164459,,,
8.019573,5.3,2.719573212,,,
10.318428,7.6,2.71842804,,,
7.9151883,5.2,2.715188313,,,
8.013634,5.3,2.713633728,,,
5.403543,2.7,2.703542995,,,
4.197209,6.9,2.702791119,,,
1.0040424,3.7,2.695957613,,,
8.30796,11,2.692040443,,,
5.7905517,3.1,2.690551662,,,
7.5100255,10.2,2.689974499,,,
8.388138,5.7,2.688137817,,,
4.281027,1.6,2.68102684,,,
7.3804784,4.7,2.680478382,,,
4.1774893,1.5,2.677489281,,,
11.072436,8.4,2.672436333,,,
8.027929,10.7,2.672070694,,,
4.6716347,2,2.671634674,,,
11.459083,8.8,2.659082603,,,
5.4539003,2.8,2.653900337,,,
5.1461663,7.8,2.653833675,,,
3.0466812,5.7,2.653318834,,,
7.2479625,9.9,2.652037525,,,
5.552366,8.2,2.64763422,,,
5.74483,3.1,2.644830132,,,
10.365237,13,2.634762764,,,
10.166005,12.8,2.633994865,,,
3.9322722,1.3,2.632272196,,,
6.231626,3.6,2.631626034,,,
6.8713393,9.5,2.628660679,,,
4.226147,1.6,2.626147175,,,
5.209638,2.6,2.609638119,,,
5.1091514,2.5,2.609151363,,,
6.1939,8.8,2.606099892,,,
8.29437,10.9,2.605630302,,,
12.40252,9.8,2.60252018,,,
9.297512,11.9,2.602487946,,,
8.499638,11.1,2.600362396,,,
4.404008,7,2.595992088,,,
6.0056124,8.6,2.594387627,,,
6.685961,4.1,2.58596077,,,
9.179498,6.6,2.579497719,,,
3.020573,5.6,2.579427099,,,
17.229082,19.8,2.570917892,,,
6.6703763,4.1,2.570376301,,,
7.8697166,5.3,2.569716644,,,
8.468631,5.9,2.568630791,,,
7.86347,5.3,2.563470078,,,
12.860478,10.3,2.560478401,,,
15.356636,12.8,2.556636047,,,
9.15523,6.6,2.555229568,,,
5.3534164,2.8,2.553416443,,,
6.3512864,3.8,2.551286411,,,
5.44657,2.9,2.54656992,,,
5.6549816,8.2,2.545018387,,,
3.439687,0.9,2.539687014,,,
6.7619915,9.3,2.538008499,,,
7.536295,5,2.536294937,,,
7.067701,9.6,2.532299137,,,
5.1293793,2.6,2.529379272,,,
10.128841,7.6,2.5288414,,,
4.9258437,2.4,2.525843716,,,
3.575446,6.1,2.52455411,,,
20.420942,17.9,2.520942307,,,
9.818602,7.3,2.518601608,,,
5.7830315,8.3,2.516968536,,,
2.7849367,5.3,2.515063334,,,
8.8114195,6.3,2.511419487,,,
7.8039303,5.3,2.503930283,,,
6.5023518,4,2.502351761,,,
9.802341,7.3,2.502341461,,,
6.3003283,8.8,2.499671745,,,
13.497261,11,2.497261047,,,
5.1961308,2.7,2.496130753,,,
6.2880564,3.8,2.488056374,,,
4.7833347,2.3,2.483334732,,,
12.481818,10,2.481818199,,,
10.52769,13,2.472310066,,,
7.631203,10.1,2.468796825,,,
3.1335528,5.6,2.46644721,,,
11.06591,8.6,2.465910339,,,
3.464832,1,2.464832067,,,
10.3354645,12.8,2.464535522,,,
5.2606406,2.8,2.460640621,,,
9.354429,6.9,2.454429245,,,
6.2488093,3.8,2.448809338,,,
9.348558,6.9,2.448558426,,,
6.247458,3.8,2.447457981,,,
7.1406665,4.7,2.440666485,,,
8.960569,11.4,2.439430618,,,
6.230314,3.8,2.430313778,,,
5.324835,2.9,2.424834824,,,
11.678707,14.1,2.421292877,,,
7.719788,5.3,2.419788074,,,
8.809842,6.4,2.40984211,,,
9.3094845,6.9,2.409484482,,,
5.20273,2.8,2.402730179,,,
10.402891,12.8,2.397108841,,,
4.3094263,6.7,2.390573692,,,
4.8869977,2.5,2.3869977,,,
5.0864286,2.7,2.386428642,,,
4.986046,2.6,2.386045837,,,
8.784639,6.4,2.384639359,,,
4.982648,2.6,2.382647896,,,
5.227777,7.6,2.372222996,,,
5.7624803,3.4,2.362480259,,,
3.9620664,1.6,2.362066412,,,
6.5394087,8.9,2.360591316,,,
4.6601562,2.3,2.36015625,,,
16.54131,18.9,2.358690643,,,
16.051672,18.4,2.348328018,,,
3.6415508,1.3,2.341550779,,,
3.0623538,5.4,2.337646151,,,
5.73477,3.4,2.334769821,,,
7.871851,10.2,2.328149033,,,
13.472466,15.8,2.327533531,,,
13.325623,11,2.325622559,,,
5.5227933,3.2,2.322793293,,,
5.1227627,2.8,2.32276268,,,
6.7217755,4.4,2.321775532,,,
6.9787574,9.3,2.321242619,,,
14.117756,11.8,2.31775589,,,
6.11407,3.8,2.314069939,,,
15.597489,17.9,2.302510643,,,
7.096196,4.8,2.296196175,,,
8.206099,10.5,2.293901443,,,
7.291931,5,2.291931152,,,
9.28306,7,2.283060074,,,
9.882745,7.6,2.282744789,,,
7.5824933,5.3,2.282493305,,,
5.881806,3.6,2.281805897,,,
9.32153,11.6,2.278469658,,,
4.0759115,1.8,2.275911522,,,
7.5527377,9.8,2.247262287,,,
7.2600956,9.5,2.239904404,,,
4.634581,2.4,2.234581089,,,
10.774771,13,2.225229263,,,
3.516525,1.3,2.21652503,,,
5.3885913,7.6,2.21140871,,,
16.18956,18.4,2.210440063,,,
7.4096437,5.2,2.20964365,,,
8.109153,5.9,2.209152794,,,
8.895032,11.1,2.204968071,,,
5.0921774,2.9,2.192177391,,,
5.2793694,3.1,2.179369354,,,
5.079193,2.9,2.179193115,,,
8.82081,11,2.179189682,,,
17.624979,19.8,2.175020981,,,
5.9746776,3.8,2.174677563,,,
6.271412,4.1,2.171411896,,,
9.169274,7,2.16927433,,,
1.6317022,3.8,2.168297815,,,
16.733711,18.9,2.166288757,,,
8.2613735,6.1,2.16137352,,,
6.7396517,8.9,2.16034832,,,
10.042172,12.2,2.157827568,,,
11.054147,8.9,2.154146767,,,
5.251118,3.1,2.151118183,,,
6.0496826,8.2,2.150317383,,,
4.750211,6.9,2.149789238,,,
9.646164,7.5,2.14616394,,,
4.444203,2.3,2.1442029,,,
7.256041,9.4,2.14395895,,,
10.656835,12.8,2.143165398,,,
9.758162,11.9,2.141838455,,,
7.258829,9.4,2.141170883,,,
8.736246,6.6,2.136246109,,,
5.6671314,7.8,2.132868576,,,
8.131854,6,2.131854057,,,
15.768851,17.9,2.13114872,,,
6.5699368,8.7,2.130063248,,,
10.4282255,8.3,2.128225517,,,
6.6732154,8.8,2.126784611,,,
10.276995,12.4,2.123005295,,,
6.8189073,4.7,2.118907261,,,
4.2178955,2.1,2.117895508,,,
6.2977386,8.4,2.102261448,,,
5.399112,7.5,2.100887775,,,
2.6992376,4.8,2.100762415,,,
2.500252,0.4,2.100252008,,,
11.398234,9.3,2.098234367,,,
5.605336,7.7,2.094663811,,,
11.109779,13.2,2.090220642,,,
4.3847504,2.3,2.084750366,,,
2.9165351,5,2.083464861,,,
7.6201234,9.7,2.079876614,,,
5.420341,7.5,2.079658985,,,
9.021735,11.1,2.078264809,,,
4.0246034,6.1,2.075396633,,,
6.0317073,8.1,2.068292713,,,
7.4616475,5.4,2.061647511,,,
10.746199,12.8,2.053801346,,,
4.649532,2.6,2.049531841,,,
9.446265,7.4,2.046265221,,,
13.041001,11,2.04100132,,,
7.1399174,5.1,2.039917374,,,
10.3619375,12.4,2.038062477,,,
5.4623485,7.5,2.037651539,,,
6.836845,4.8,2.036844921,,,
5.8367367,3.8,2.036736679,,,
7.635078,5.6,2.035077953,,,
4.368207,6.4,2.031793022,,,
6.868986,8.9,2.03101387,,,
-0.4293968,1.6,2.029396808,,,
5.571645,7.6,2.028355217,,,
13.825512,11.8,2.025511932,,,
3.8235366,1.8,2.023536634,,,
10.97758,13,2.02241993,,,
8.922279,6.9,2.022279358,,,
8.4137,6.4,2.013700104,,,
9.312249,7.3,2.012249184,,,
12.887811,14.9,2.012189293,,,
11.807735,9.8,2.007735443,,,
7.9872174,6,1.987217426,,,
2.5128982,4.5,1.987101793,,,
9.582299,7.6,1.982299232,,,
8.381865,6.4,1.981864548,,,
9.1282,11.1,1.971800423,,,
5.771594,3.8,1.971594048,,,
9.629004,11.6,1.970996475,,,
12.167688,10.2,1.96768837,,,
2.3673012,0.4,1.967301226,,,
7.936872,9.9,1.963127995,,,
5.8413444,7.8,1.958655643,,,
4.1433997,6.1,1.956600285,,,
10.855834,8.9,1.955834007,,,
4.7520823,2.8,1.952082348,,,
6.6518874,4.7,1.951887417,,,
9.950946,11.9,1.949054146,,,
7.454821,9.4,1.94517889,,,
7.5558143,9.5,1.944185734,,,
6.2581563,8.2,1.9418437,,,
2.4594276,4.4,1.940572405,,,
5.736881,3.8,1.936880779,,,
5.036627,3.1,1.936626816,,,
7.033784,5.1,1.933783913,,,
9.071592,11,1.928407669,,,
8.573047,10.5,1.926953316,,,
9.526842,7.6,1.926842117,,,
5.618749,3.7,1.918749142,,,
7.88234,9.8,1.917660046,,,
6.48258,8.4,1.917419815,,,
6.9834666,8.9,1.916533375,,,
2.0870626,4,1.912937403,,,
7.588675,9.5,1.911324978,,,
7.210253,5.3,1.910252762,,,
4.206269,2.3,1.906268787,,,
17.896849,19.8,1.903151321,,,
4.8031354,2.9,1.903135395,,,
9.697305,11.6,1.902695274,,,
7.798419,5.9,1.898418999,,,
3.4964507,1.6,1.896450663,,,
17.911362,19.8,1.888638306,,,
8.912633,10.8,1.887367058,,,
8.313443,10.2,1.886556816,,,
6.681758,4.8,1.881757927,,,
3.9792182,2.1,1.879218245,,,
4.524384,6.4,1.875615978,,,
5.5752034,3.7,1.875203419,,,
9.52683,11.4,1.87317028,,,
9.733145,11.6,1.86685524,,,
8.864754,7,1.864753723,,,
5.250902,3.4,1.850902176,,,
8.361022,10.2,1.838978004,,,
8.964865,10.8,1.835135269,,,
6.867486,8.7,1.832514,,,
10.728321,8.9,1.828321075,,,
5.0744014,6.9,1.825598621,,,
4.1250935,2.3,1.82509346,,,
11.416374,9.6,1.816374207,,,
5.014342,3.2,1.814341831,,,
7.8933434,9.7,1.806656551,,,
9.006582,7.2,1.80658226,,,
10.20463,8.4,1.804629898,,,
6.5956078,8.4,1.804392242,,,
5.0966883,6.9,1.803311729,,,
7.0989037,5.3,1.798903656,,,
8.204622,10,1.795377731,,,
5.894718,4.1,1.79471817,,,
6.387838,4.6,1.787837887,,,
8.684925,6.9,1.784925079,,,
6.7824364,5,1.782436371,,,
8.024217,9.8,1.775783348,,,
2.7258909,4.5,1.774109125,,,
0.52784187,2.3,1.772158134,,,
10.128236,11.9,1.771764183,,,
10.16893,8.4,1.768930054,,,
7.131524,8.9,1.768475914,,,
8.837004,10.6,1.762996292,,,
6.4624844,4.7,1.76248436,,,
8.038039,9.8,1.761960793,,,
4.9585586,3.2,1.758558559,,,
0.3424614,2.1,1.757538593,,,
11.244355,13,1.755644798,,,
8.546078,10.3,1.753922272,,,
6.747798,8.5,1.752202034,,,
8.050868,9.8,1.749131966,,,
4.9488673,3.2,1.748867321,,,
9.356543,11.1,1.743457413,,,
5.7426076,4,1.742607594,,,
11.738508,10,1.738508224,,,
4.7616224,6.5,1.738377571,,,
12.538376,10.8,1.738375854,,,
8.062461,9.8,1.737539101,,,
5.836966,4.1,1.736966038,,,
4.863246,6.6,1.736754036,,,
8.464407,10.2,1.735593033,,,
3.2338488,1.5,1.73384881,,,
3.6289623,1.9,1.728962278,,,
2.8255322,1.1,1.725532198,,,
9.378346,11.1,1.721653557,,,
8.9788685,10.7,1.721131516,,,
16.1837,17.9,1.716299438,,,
9.309543,7.6,1.709542656,,,
4.4056535,2.7,1.705653477,,,
14.294527,16,1.705472946,,,
9.402419,7.7,1.70241909,,,
7.998409,9.7,1.701591206,,,
3.2008126,4.9,1.699187422,,,
8.798528,7.1,1.698527718,,,
4.797669,3.1,1.697668934,,,
17.496656,15.8,1.696656418,,,
6.794263,5.1,1.694262886,,,
9.29292,7.6,1.692920113,,,
3.0928776,1.4,1.692877626,,,
10.209325,11.9,1.690675163,,,
9.782893,8.1,1.682893181,,,
6.9799547,5.3,1.67995472,,,
5.676052,4,1.676052094,,,
4.9295583,6.6,1.670441723,,,
11.129986,12.8,1.670014191,,,
6.8365636,8.5,1.663436413,,,
4.2594733,2.6,1.659473324,,,
4.056207,2.4,1.65620718,,,
3.3461893,5,1.65381074,,,
3.7533224,2.1,1.653322363,,,
6.2503996,4.6,1.65039959,,,
10.652149,12.3,1.6478508,,,
8.042539,6.4,1.642538643,,,
10.26013,11.9,1.639870071,,,
8.538149,6.9,1.63814888,,,
5.2640433,6.9,1.635956669,,,
5.333752,3.7,1.633752155,,,
8.066464,9.7,1.633535576,,,
4.968834,6.6,1.631166077,,,
8.668965,10.3,1.63103466,,,
11.069388,12.7,1.63061161,,,
5.6297874,4,1.629787445,,,
10.0264435,8.4,1.626443481,,,
16.275732,17.9,1.62426796,,,
2.7210577,1.1,1.621057653,,,
5.420679,3.8,1.620679092,,,
17.416952,15.8,1.616952133,,,
5.416937,3.8,1.616936874,,,
5.3148565,3.7,1.614856529,,,
7.291421,8.9,1.608579063,,,
2.7065732,1.1,1.606573248,,,
6.9055853,5.3,1.605585289,,,
5.405312,3.8,1.605312061,,,
9.104031,7.5,1.604030609,,,
5.00538,6.6,1.594619846,,,
5.405852,7,1.594148159,,,
10.007467,11.6,1.59253273,,,
12.690935,11.1,1.590935135,,,
8.287795,6.7,1.587795067,,,
5.585443,4,1.58544302,,,
9.984951,8.4,1.584951019,,,
10.019459,11.6,1.580541229,,,
8.480072,6.9,1.580072021,,,
6.7252955,8.3,1.574704456,,,
8.233352,9.8,1.566648293,,,
14.234947,15.8,1.565052795,,,
4.5366096,6.1,1.56339035,,,
3.3472965,1.8,1.547296476,,,
6.8410244,5.3,1.541024399,,,
2.959945,4.5,1.540055037,,,
3.160241,4.7,1.539759111,,,
6.6379714,5.1,1.537971401,,,
9.964968,11.5,1.535032272,,,
3.4656103,5,1.534389734,,,
9.068792,10.6,1.531207657,,,
3.0307405,1.5,1.530740499,,,
4.330065,2.8,1.530064774,,,
2.2742302,3.8,1.525769758,,,
6.774942,8.3,1.525058079,,,
6.6752415,8.2,1.52475853,,,
9.575773,11.1,1.524226761,,,
9.482476,11,1.517523766,,,
9.613192,8.1,1.513191605,,,
3.286957,4.8,1.513042974,,,
8.409704,6.9,1.509704208,,,
7.6965346,9.2,1.503465366,,,
16.397823,17.9,1.502176666,,,
10.299887,11.8,1.500113297,,,
0.9026416,2.4,1.497358406,,,
8.4032755,9.9,1.49672451,,,
4.5966454,3.1,1.496645355,,,
8.195614,6.7,1.495613861,,,
8.307356,9.8,1.492644119,,,
10.492216,9,1.49221611,,,
8.291859,6.8,1.491858673,,,
8.0111065,9.5,1.488893509,,,
9.685059,8.2,1.485058594,,,
6.6768246,5.2,1.47682457,,,
8.425805,9.9,1.474194908,,,
9.068691,7.6,1.468691254,,,
10.331894,11.8,1.468106079,,,
8.433298,9.9,1.466701889,,,
6.0400443,7.5,1.459955692,,,
18.341448,19.8,1.45855217,,,
6.845217,8.3,1.454782772,,,
4.8528857,3.4,1.452885723,,,
7.346319,5.9,1.446319199,,,
6.7549615,8.2,1.445038509,,,
4.9604983,6.4,1.439501667,,,
5.86574,7.3,1.434260178,,,
1.9335682,0.5,1.433568239,,,
4.467705,5.9,1.432295227,,,
12.932121,11.5,1.432121277,,,
8.369085,9.8,1.430914688,,,
10.130235,8.7,1.430234718,,,
8.82657,7.4,1.426569557,,,
10.973689,12.4,1.426310921,,,
6.725763,5.3,1.425762844,,,
5.4223957,4,1.422395706,,,
5.1194735,3.7,1.419473457,,,
10.718743,9.3,1.418743324,,,
8.282208,9.7,1.417791557,,,
6.582697,8,1.417303085,,,
8.884757,10.3,1.415242958,,,
11.209623,9.8,1.409623337,,,
5.292389,6.7,1.407611084,,,
5.593383,7,1.406617165,,,
5.405398,4,1.405397892,,,
6.90061,5.5,1.40060997,,,
3.7991726,2.4,1.39917264,,,
6.695089,5.3,1.395088863,,,
7.207602,8.6,1.392397976,,,
5.3923635,4,1.392363548,,,
6.2103825,7.6,1.389617538,,,
10.6864195,9.3,1.386419487,,,
8.984056,7.6,1.384056473,,,
10.283529,8.9,1.383529282,,,
2.8830597,1.5,1.38305974,,,
7.479911,6.1,1.379910851,,,
8.277546,6.9,1.377545929,,,
9.423337,10.8,1.376663017,,,
7.972048,6.6,1.372047806,,,
10.068074,8.7,1.368074226,,,
11.237865,12.6,1.362134552,,,
5.1596994,3.8,1.35969944,,,
11.859655,10.5,1.35965538,,,
10.042289,11.4,1.35771122,,,
7.957254,6.6,1.357253933,,,
7.6545353,6.3,1.354535294,,,
5.3522563,4,1.352256298,,,
6.2611356,7.6,1.338864422,,,
8.138487,6.8,1.338486862,,,
5.2620287,6.6,1.337971306,,,
9.765412,11.1,1.334587669,,,
10.965436,12.3,1.334564018,,,
7.9655223,9.3,1.334477711,,,
9.633827,8.3,1.333827209,,,
4.532978,3.2,1.332978058,,,
9.169557,10.5,1.330443382,,,
10.929893,9.6,1.32989254,,,
8.38058,9.7,1.319420052,,,
4.5123005,3.2,1.312300491,,,
9.391,10.7,1.309000206,,,
7.4919815,8.8,1.308018494,,,
11.492666,12.8,1.307333755,,,
8.306066,7,1.306065559,,,
5.596994,6.9,1.303006077,,,
11.701567,10.4,1.301566696,,,
5.101166,3.8,1.301165771,,,
10.204937,11.5,1.295063019,,,
8.605534,9.9,1.2944664,,,
4.01576,5.3,1.284240055,,,
8.216592,9.5,1.283408165,,,
6.783043,5.5,1.283042908,,,
7.581919,6.3,1.281919193,,,
5.619495,6.9,1.280505085,,,
9.42017,10.7,1.27983017,,,
6.421711,7.7,1.278289032,,,
8.876959,7.6,1.276958847,,,
6.4629264,5.2,1.262926388,,,
17.138096,18.4,1.261904144,,,
8.538237,9.8,1.261763382,,,
4.9607935,3.7,1.260793495,,,
9.458598,8.2,1.258598137,,,
9.741933,11,1.258067131,,,
2.3542736,1.1,1.254273558,,,
8.5490265,7.3,1.249026489,,,
6.347785,5.1,1.247784996,,,
5.354183,6.6,1.245816803,,,
3.5401256,2.3,1.240125608,,,
9.4678,10.7,1.23219986,,,
9.371162,10.6,1.228837585,,,
8.828792,7.6,1.228791618,,,
3.2733543,4.5,1.226645708,,,
6.7230654,5.5,1.223065376,,,
4.378241,5.6,1.221758938,,,
5.2194996,4,1.219499588,,,
17.01934,15.8,1.219340515,,,
5.9174833,4.7,1.21748333,,,
6.2842407,7.5,1.215759277,,,
6.284706,7.5,1.215293884,,,
12.304756,11.1,1.204756165,,,
4.89995,6.1,1.200049973,,,
11.200452,12.4,1.199548149,,,
4.103836,5.3,1.19616394,,,
8.093595,6.9,1.193594551,,,
8.107173,9.3,1.192827034,,,
7.9842467,6.8,1.184246731,,,
17.717861,18.9,1.182138824,,,
6.9189787,8.1,1.181021309,,,
5.88052,4.7,1.180519867,,,
6.5794973,5.4,1.179497337,,,
7.9782023,6.8,1.178202343,,,
4.576422,3.4,1.176422215,,,
9.275554,8.1,1.175553703,,,
6.6730795,5.5,1.173079491,,,
5.5359654,6.7,1.164034557,,,
5.340782,6.5,1.159217834,,,
10.456347,9.3,1.156347466,,,
11.546568,12.7,1.153432083,,,
4.347641,5.5,1.152359009,,,
10.450649,9.3,1.150649261,,,
9.447885,8.3,1.14788456,,,
5.7578115,6.9,1.142188454,,,
17.258694,18.4,1.141306305,,,
10.059483,11.2,1.140517426,,,
4.8371177,3.7,1.137117672,,,
10.236761,9.1,1.136761093,,,
5.863765,7,1.136235237,,,
6.363784,7.5,1.136216164,,,
10.934538,9.8,1.134537888,,,
10.329498,9.2,1.129498291,,,
3.9292574,2.8,1.129257393,,,
5.871691,7,1.128308773,,,
10.47192,11.6,1.128079987,,,
4.8257246,3.7,1.125724602,,,
7.7240844,6.6,1.124084377,,,
1.3221943,0.2,1.122194338,,,
14.679408,15.8,1.120591927,,,
6.219972,5.1,1.119972134,,,
5.117556,4,1.117556095,,,
6.417417,5.3,1.117417049,,,
12.682898,13.8,1.117102432,,,
5.115421,4,1.115420818,,,
3.2115881,2.1,1.111588144,,,
8.010411,6.9,1.110411263,,,
4.6087484,3.5,1.108748436,,,
6.706257,5.6,1.106256866,,,
4.3042746,3.2,1.104274559,,,
2.6978195,3.8,1.102180529,,,
7.104193,8.2,1.095806789,,,
7.8133883,8.9,1.086611652,,,
8.685598,7.6,1.085598373,,,
4.6156125,5.7,1.084387493,,,
7.982694,6.9,1.082694149,,,
6.4192066,7.5,1.080793381,,,
6.1802826,5.1,1.080282593,,,
8.620259,9.7,1.079740715,,,
11.521219,12.6,1.078780746,,,
6.721579,7.8,1.078420925,,,
4.077005,3,1.07700491,,,
10.827112,11.9,1.072887802,,,
3.770178,2.7,1.07017808,,,
3.6698601,2.6,1.069860125,,,
3.8646533,2.8,1.064653349,,,
4.363204,3.3,1.063204002,,,
4.2370496,5.3,1.06295042,,,
18.737219,19.8,1.062781143,,,
16.861612,15.8,1.06161232,,,
12.038833,13.1,1.061167336,,,
7.5608463,6.5,1.060846329,,,
5.4422884,6.5,1.057711601,,,
5.8474145,6.9,1.052585506,,,
11.450798,10.4,1.050798035,,,
6.9414544,5.9,1.041454411,,,
10.641341,9.6,1.041341209,,,
9.941119,8.9,1.041119194,,,
3.840082,2.8,1.04008193,,,
10.461058,11.5,1.038942337,,,
6.3328404,5.3,1.032840443,,,
5.0322447,4,1.032244682,,,
2.131045,1.1,1.031045103,,,
7.0273023,6,1.027302265,,,
3.9781206,5,1.021879435,,,
10.317358,9.3,1.017358017,,,
7.7832365,8.8,1.016763496,,,
9.683476,10.7,1.016523552,,,
7.9149175,6.9,1.014917469,,,
3.7881758,4.8,1.011824179,,,
8.611425,7.6,1.0114254,,,
16.809391,15.8,1.009391022,,,
8.608621,7.6,1.008620644,,,
8.60628,7.6,1.006280327,,,
10.099647,11.1,1.000353432,,,
4.695078,3.7,0.995077896,,,
9.090358,8.1,0.99035778,,,
5.7870917,4.8,0.987091732,,,
0.31700307,1.3,0.982996929,,,
7.5826554,6.6,0.98265543,,,
3.8756006,2.9,0.975600576,,,
8.225772,9.2,0.974228096,,,
4.669736,3.7,0.969735909,,,
17.43032,18.4,0.96967926,,,
5.4305997,6.4,0.969400311,,,
6.467077,5.5,0.967076778,,,
5.7603154,4.8,0.960315418,,,
8.739817,9.7,0.960183334,,,
13.75432,12.8,0.954320145,,,
10.146863,11.1,0.953137016,,,
6.5473375,7.5,0.952662468,,,
7.94764,8.9,0.952360058,,,
7.9487457,8.9,0.951254272,,,
4.3452945,3.4,0.945294476,,,
11.858023,12.8,0.94197731,,,
8.439095,7.5,0.939094543,,,
8.838721,7.9,0.938721275,,,
3.7377102,2.8,0.937710238,,,
4.3633957,5.3,0.936604309,,,
5.4648566,6.4,0.935143375,,,
14.865529,15.8,0.93447094,,,
1.6708629,2.6,0.929137087,,,
7.9256887,7,0.925688744,,,
10.325203,9.4,0.925202942,,,
11.723251,10.8,0.923251343,,,
8.576772,9.5,0.923228264,,,
2.5222461,1.6,0.922246122,,,
6.383398,7.3,0.916601944,,,
2.8851635,3.8,0.914836454,,,
11.907555,11,0.907554626,,,
8.005717,7.1,0.905717278,,,
5.9950976,6.9,0.904902363,,,
10.196615,11.1,0.903384781,,,
19.301956,18.4,0.901956177,,,
6.9989824,7.9,0.90101757,,,
4.2991924,3.4,0.899192429,,,
5.898772,5,0.898771763,,,
7.6974444,6.8,0.897444439,,,
6.194581,5.3,0.894581032,,,
10.194501,9.3,0.894500923,,,
5.606525,6.5,0.893475056,,,
6.1815953,5.3,0.881595325,,,
6.320486,7.2,0.879513931,,,
3.6789258,2.8,0.878925753,,,
9.676699,8.8,0.876698685,,,
9.07337,8.2,0.87336998,,,
8.371138,7.5,0.871137619,,,
2.2638166,1.4,0.863816595,,,
11.060841,10.2,0.860840607,,,
6.7417874,7.6,0.858212566,,,
7.558035,6.7,0.858034897,,,
9.256704,8.4,0.85670433,,,
9.344445,10.2,0.855554771,,,
8.754958,7.9,0.854958153,,,
12.354066,11.5,0.854065895,,,
4.1464586,5,0.853541374,,,
4.0529737,3.2,0.852973747,,,
6.4529037,5.6,0.852903748,,,
10.148366,11,0.851634026,,,
2.9484603,3.8,0.85153966,,,
2.8511207,2,0.85112071,,,
8.050389,8.9,0.84961071,,,
8.447939,7.6,0.847938919,,,
19.247057,18.4,0.847056961,,,
6.1426415,5.3,0.842641544,,,
6.5417976,5.7,0.841797638,,,
12.260451,13.1,0.839548683,,,
7.237646,6.4,0.837646103,,,
5.3628597,6.2,0.837140274,,,
8.067015,8.9,0.832985306,,,
4.8734455,5.7,0.826554489,,,
1.5259621,0.7,0.825962114,,,
11.723869,10.9,0.823869324,,,
3.7231176,2.9,0.82311759,,,
9.477615,10.3,0.822384644,,,
10.121515,9.3,0.821515274,,,
9.878977,10.7,0.821023178,,,
3.7195904,2.9,0.819590425,,,
9.785248,10.6,0.814752197,,,
7.613917,6.8,0.813916874,,,
6.312141,5.5,0.812140942,,,
7.5889854,8.4,0.811014557,,,
10.8074045,10,0.807404518,,,
5.393043,6.2,0.806956959,,,
17.594376,18.4,0.80562439,,,
7.6957064,8.5,0.804293633,,,
7.4030576,6.6,0.803057575,,,
10.600832,11.4,0.799168015,,,
3.9054992,4.7,0.79450078,,,
7.6064744,8.4,0.7935256,,,
6.0783124,5.3,0.778312397,,,
10.674712,9.9,0.774712181,,,
9.927912,10.7,0.772088242,,,
4.767991,4,0.767991066,,,
17.133127,17.9,0.766872787,,,
8.134953,8.9,0.765047455,,,
3.6619194,2.9,0.761919355,,,
10.061066,9.3,0.761065674,,,
11.751555,11,0.751555443,,,
7.149231,6.4,0.749230957,,,
6.5513716,7.3,0.748628426,,,
3.9536443,4.7,0.746355724,,,
3.545924,2.8,0.745923948,,,
19.054543,19.8,0.745457458,,,
19.056288,19.8,0.743712234,,,
4.43981,3.7,0.739809799,,,
7.738388,7,0.738388062,,,
5.436571,4.7,0.736571121,,,
11.666219,12.4,0.733781242,,,
3.1284692,2.4,0.728469229,,,
6.271553,7,0.72844696,,,
3.5281599,2.8,0.728159857,,,
16.52805,15.8,0.728049469,,,
4.7194476,4,0.719447613,,,
5.419308,4.7,0.719308186,,,
6.285292,7,0.714707851,,,
2.61187,1.9,0.71187005,,,
16.510324,15.8,0.710324478,,,
6.8934073,7.6,0.706592655,,,
11.193956,11.9,0.706043625,,,
17.193966,17.9,0.706034088,,,
7.598892,8.3,0.701107788,,,
9.099538,9.8,0.700462151,,,
18.593222,17.9,0.693221664,,,
18.59146,17.9,0.691459274,,,
5.991396,5.3,0.69139595,,,
6.3102765,7,0.689723492,,,
12.412336,13.1,0.687663651,,,
9.387046,8.7,0.68704586,,,
6.785589,6.1,0.685589218,,,
7.8854136,7.2,0.685413647,,,
6.015909,6.7,0.684090805,,,
7.316513,8,0.683486938,,,
11.217237,11.9,0.682762527,,,
8.979738,8.3,0.679738235,,,
10.678811,10,0.678811073,,,
8.176149,7.5,0.676149368,,,
6.824876,7.5,0.675124168,,,
2.574251,1.9,0.674250937,,,
5.03245,5.7,0.667549801,,,
5.9348054,6.6,0.665194607,,,
11.235329,11.9,0.664671326,,,
5.9630256,5.3,0.66302557,,,
8.938272,9.6,0.661727524,,,
5.960912,5.3,0.660912228,,,
9.741315,10.4,0.658685112,,,
3.054291,2.4,0.65429101,,,
9.946056,10.6,0.653943634,,,
6.24826,6.9,0.651739979,,,
7.251816,7.9,0.648184204,,,
11.153458,11.8,0.646542358,,,
8.04599,7.4,0.64598999,,,
2.7429178,2.1,0.642917776,,,
8.958173,9.6,0.641827202,,,
6.139199,5.5,0.63919878,,,
6.1374536,5.5,0.637453556,,,
8.9635935,9.6,0.636406517,,,
6.164274,6.8,0.635725784,,,
7.9315534,7.3,0.631553364,,,
7.7721677,8.4,0.627832317,,,
6.4278145,5.8,0.627814484,,,
11.223195,10.6,0.623195076,,,
5.178213,5.8,0.62178688,,,
9.021427,8.4,0.621427155,,,
3.8193228,3.2,0.619322824,,,
11.214853,10.6,0.614853287,,,
9.513102,8.9,0.613101578,,,
3.8122876,3.2,0.612287569,,,
8.687796,9.3,0.612204361,,,
12.510933,11.9,0.610932922,,,
9.991415,10.6,0.608584976,,,
5.9055567,5.3,0.605556679,,,
7.597217,7,0.597217083,,,
4.392048,3.8,0.592047882,,,
6.0097427,6.6,0.590257263,,,
1.4098775,2,0.590122461,,,
3.4118378,4,0.588162184,,,
6.2172956,6.8,0.582704353,,,
1.5229466,2.1,0.577053404,,,
6.2305846,6.8,0.569415379,,,
7.5310016,8.1,0.568998432,,,
7.363198,6.8,0.563197803,,,
5.4589634,4.9,0.558963394,,,
17.341862,17.9,0.558138275,,,
3.45236,2.9,0.552359915,,,
10.548504,11.1,0.551496124,,,
8.750262,8.2,0.55026226,,,
6.452322,7,0.547677994,,,
6.353671,6.9,0.546328926,,,
6.355401,6.9,0.544598961,,,
11.360861,11.9,0.539139175,,,
10.866847,11.4,0.533152962,,,
10.530938,10,0.530938148,,,
9.174187,9.7,0.525813293,,,
6.975004,7.5,0.524995804,,,
5.518924,5,0.518924236,,,
5.382654,5.9,0.51734581,,,
3.3160822,2.8,0.516082239,,,
5.5142365,5,0.51423645,,,
6.3880987,6.9,0.511901283,,,
9.088118,9.6,0.511882401,,,
7.0901027,7.6,0.509897327,,,
10.990942,11.5,0.509057999,,,
10.506983,10,0.506982803,,,
5.1065335,4.6,0.506533527,,,
9.295242,9.8,0.50475769,,,
10.095347,10.6,0.504652596,,,
2.698651,2.2,0.498651075,,,
11.698185,11.2,0.498184967,,,
9.20486,9.7,0.495140266,,,
8.99293,8.5,0.492930412,,,
5.991854,5.5,0.491854191,,,
3.5911272,3.1,0.491127157,,,
11.688779,11.2,0.488778877,,,
11.411657,11.9,0.488342667,,,
4.813887,5.3,0.486112881,,,
9.715335,10.2,0.484665108,,,
9.184391,8.7,0.484391022,,,
10.419043,10.9,0.480957413,,,
10.178083,9.7,0.47808342,,,
4.4777746,4,0.47777462,,,
3.5289252,4,0.47107482,,,
13.369879,12.9,0.469878769,,,
5.4639897,5,0.463989735,,,
8.83614,9.3,0.463860321,,,
9.238547,9.7,0.461452675,,,
11.161446,10.7,0.461445618,,,
6.446346,6.9,0.453654194,,,
4.253503,3.8,0.453502846,,,
9.348464,9.8,0.451535988,,,
13.046825,12.6,0.446825409,,,
7.0536757,7.5,0.446324348,,,
8.645966,8.2,0.445965576,,,
9.455025,9.9,0.444975281,,,
7.06007,7.5,0.439929962,,,
5.8384485,5.4,0.438448524,,,
5.5368195,5.1,0.436819458,,,
12.163461,12.6,0.436539268,,,
6.3638344,6.8,0.436165619,,,
8.832747,8.4,0.432747459,,,
7.368312,7.8,0.431688118,,,
3.5701263,4,0.429873705,,,
3.326712,2.9,0.426711893,,,
4.5245504,4.1,0.424550438,,,
4.119124,3.7,0.419123936,,,
7.7810206,8.2,0.418979359,,,
10.081704,10.5,0.41829586,,,
5.717172,5.3,0.417172146,,,
8.085993,8.5,0.414007187,,,
10.711119,10.3,0.411118698,,,
4.802718,4.4,0.402718163,,,
2.8024142,2.4,0.402414179,,,
11.897955,12.3,0.402045059,,,
3.498799,3.9,0.401200914,,,
3.3005111,2.9,0.400511122,,,
8.000797,8.4,0.399202728,,,
6.4984274,6.1,0.398427391,,,
4.297258,3.9,0.3972579,,,
9.410756,9.8,0.389243889,,,
0.91115457,1.3,0.388845432,,,
6.012755,6.4,0.387245083,,,
7.3855815,7,0.385581493,,,
5.684844,5.3,0.384844017,,,
4.3196783,4.7,0.380321693,,,
6.9235353,7.3,0.376464653,,,
9.131366,9.5,0.368634224,,,
5.2389026,5.6,0.361097431,,,
9.761038,9.4,0.361037827,,,
11.254217,10.9,0.354217148,,,
6.9493637,7.3,0.350636292,,,
4.350125,4,0.350124836,,,
4.9504585,5.3,0.349541473,,,
10.55641,10.9,0.343590164,,,
2.4413946,2.1,0.341394567,,,
9.24072,8.9,0.340719795,,,
3.2630174,3.6,0.336982584,,,
6.734152,6.4,0.33415184,,,
11.169833,11.5,0.330166817,,,
9.473033,9.8,0.326967049,,,
6.275443,6.6,0.324556923,,,
6.475937,6.8,0.32406311,,,
4.9771113,5.3,0.32288866,,,
11.221161,10.9,0.321160889,,,
11.121138,10.8,0.321137619,,,
9.278893,9.6,0.321106529,,,
3.5201104,3.2,0.320110369,,,
5.018169,4.7,0.318168926,,,
9.613432,9.3,0.313431931,,,
18.71333,18.4,0.313329315,,,
9.612217,9.3,0.312216949,,,
8.087973,8.4,0.312027359,,,
9.6103325,9.3,0.310332489,,,
9.309993,9,0.30999279,,,
3.5086734,3.2,0.308673429,,,
5.4024673,5.1,0.302467251,,,
8.400584,8.1,0.300584221,,,
9.095764,8.8,0.29576416,,,
9.307958,9.6,0.292042351,,,
5.0105805,5.3,0.28941946,,,
7.914199,8.2,0.285801125,,,
7.7152123,8,0.284787655,,,
4.818811,5.1,0.28118906,,,
7.177402,6.9,0.27740202,,,
9.323436,9.6,0.276564217,,,
8.97445,8.7,0.274450111,,,
6.0716753,5.8,0.271675301,,,
5.0287013,5.3,0.271298695,,,
4.970939,4.7,0.270939159,,,
7.1709094,6.9,0.270909405,,,
3.6311195,3.9,0.26888051,,,
9.168677,8.9,0.26867733,,,
2.3314035,2.6,0.268596506,,,
8.131929,8.4,0.268070602,,,
7.8677273,7.6,0.26772728,,,
5.63579,5.9,0.264210129,,,
6.8640447,6.6,0.264044666,,,
7.0394874,7.3,0.260512638,,,
6.7421737,7,0.257826328,,,
9.957323,9.7,0.257323074,,,
7.5569844,7.3,0.256984425,,,
3.9556673,3.7,0.255667257,,,
2.2461765,2.5,0.253823519,,,
9.253658,9,0.253658295,,,
4.9517975,4.7,0.251797485,,,
9.55229,9.8,0.247710037,,,
4.8529677,5.1,0.247032261,,,
8.645076,8.4,0.245075798,,,
9.543751,9.3,0.243750763,,,
6.357855,6.6,0.242145157,,,
12.3669815,12.6,0.233018494,,,
10.031441,9.8,0.231440735,,,
5.029023,4.8,0.22902317,,,
10.828539,10.6,0.228538895,,,
7.3727417,7.6,0.227258301,,,
7.47277,7.7,0.227229786,,,
3.0263336,2.8,0.22633357,,,
7.125895,6.9,0.225895023,,,
12.374382,12.6,0.225617981,,,
11.676327,11.9,0.223673248,,,
10.622087,10.4,0.222086525,,,
6.6214156,6.4,0.221415615,,,
9.117807,8.9,0.217807388,,,
9.38633,9.6,0.213670349,,,
5.8873467,6.1,0.212653255,,,
3.888305,4.1,0.211695051,,,
6.110432,5.9,0.210432148,,,
7.308832,7.1,0.208832169,,,
8.191773,8.4,0.208226585,,,
6.3054223,6.1,0.205422306,,,
11.804463,11.6,0.204463387,,,
7.6044273,7.4,0.204427338,,,
11.196423,11.4,0.203577423,,,
6.401993,6.2,0.201992798,,,
6.7044377,6.9,0.195562267,,,
7.7943907,7.6,0.194390678,,,
3.5065768,3.7,0.193423223,,,
9.609045,9.8,0.190954971,,,
9.083894,8.9,0.183893776,,,
3.482381,3.3,0.182381105,,,
2.718881,2.9,0.181119108,,,
6.219211,6.4,0.180788898,,,
9.720323,9.9,0.179677391,,,
5.222183,5.4,0.177816772,,,
9.626999,9.8,0.173001099,,,
8.427885,8.6,0.172114944,,,
3.8708274,3.7,0.170827436,,,
5.8299685,6,0.170031548,,,
12.068593,11.9,0.168593025,,,
17.731491,17.9,0.168508911,,,
6.0677385,5.9,0.167738533,,,
11.366778,11.2,0.166778374,,,
6.733696,6.9,0.166304016,,,
0.56519824,0.4,0.165198243,,,
3.7640584,3.6,0.164058352,,,
9.136276,9.3,0.163723755,,,
5.6609554,5.5,0.160955429,,,
10.0602865,9.9,0.160286522,,,
17.74117,17.9,0.158829117,,,
1.441364,1.6,0.15863595,,,
2.8437474,3,0.156252623,,,
7.0533056,6.9,0.153305626,,,
4.7529078,4.6,0.152907753,,,
12.052812,11.9,0.152811623,,,
12.449179,12.3,0.149178696,,,
8.749175,8.6,0.149175072,,,
6.5514035,6.7,0.148596478,,,
2.84777,2.7,0.147769976,,,
9.947581,9.8,0.147581291,,,
11.145856,11,0.145855904,,,
3.2565048,3.4,0.143495226,,,
9.558624,9.7,0.141375732,,,
5.1406045,5,0.140604496,,,
7.7402244,7.6,0.140224361,,,
6.7599816,6.9,0.140018368,,,
9.760436,9.9,0.139563942,,,
8.766072,8.9,0.133927727,,,
9.931837,9.8,0.131837082,,,
12.930296,12.8,0.130295944,,,
6.2717977,6.4,0.128202343,,,
11.775984,11.9,0.12401619,,,
11.775984,11.9,0.12401619,,,
11.222998,11.1,0.122997665,,,
7.622312,7.5,0.122312069,,,
7.478038,7.6,0.121962166,,,
3.0211136,2.9,0.121113634,,,
8.380686,8.5,0.119314194,,,
4.58314,4.7,0.116860104,,,
5.4140544,5.3,0.114054394,,,
8.791884,8.9,0.108115578,,,
12.005992,11.9,0.105991936,,,
4.298006,4.4,0.101993942,,,
1.7022183,1.8,0.097781706,,,
6.696817,6.6,0.096816921,,,
7.0965548,7,0.096554756,,,
7.20491,7.3,0.095090199,,,
11.818546,11.9,0.081453705,,,
7.5190845,7.6,0.080915546,,,
8.980529,8.9,0.080528831,,,
4.6205854,4.7,0.079414558,,,
8.024813,8.1,0.075187302,,,
5.7749114,5.7,0.074911404,,,
8.12662,8.2,0.073379707,,,
5.8693185,5.8,0.069318485,,,
7.4309816,7.5,0.069018364,,,
6.131232,6.2,0.068768215,,,
8.968281,8.9,0.068280792,,,
3.8666627,3.8,0.066662741,,,
6.463355,6.4,0.063355064,,,
8.258414,8.2,0.058414268,,,
19.747255,19.8,0.052744675,,,
3.7477758,3.8,0.052224207,,,
11.356723,11.4,0.043277168,,,
11.361871,11.4,0.038129234,,,
2.638028,2.6,0.038027906,,,
7.0353417,7,0.03534174,,,
7.5656877,7.6,0.034312344,,,
12.777658,12.8,0.022341537,,,
4.7779055,4.8,0.022094536,,,
7.579348,7.6,0.020651913,,,
4.7831917,4.8,0.016808319,,,
5.516707,5.5,0.016706944,,,
9.783983,9.8,0.016016769,,,
1.8861582,1.9,0.013841772,,,
3.9894118,4,0.010588169,,,
3.9920905,4,0.007909536,,,
3.9922867,4,0.007713318,,,
8.294414,8.3,0.005586433,,,
15.802606,15.8,0.002605629,,,
5.3025312,5.3,0.002531242,,,
2.8024242,2.8,0.002424192,,,
9.399531,9.4,0.000468636,,,
