Date,상권,임대료,임대료_예측_머신러닝,임대료_예측_딥러닝,임대료_차이_머신,임대료_차이_딥
2015_1,건대입구,50.2,43.964 ,49.708 ,6.236 ,0.492 
2015_1,경희대,49.6,42.952 ,48.692 ,6.648 ,0.908 
2015_1,공덕역,37.2,30.981 ,34.629 ,6.219 ,2.571 
2015_1,광화문,69.8,51.061 ,78.258 ,18.739 ,8.458 
2015_1,군자,38.5,35.749 ,43.163 ,2.751 ,4.663 
2015_1,동대문,34.8,46.034 ,49.758 ,11.234 ,14.958 
2015_1,명동,273.7,158.028 ,291.996 ,115.672 ,18.296 
2015_1,목동,30.5,27.680 ,34.760 ,2.820 ,4.260 
2015_1,사당,53.6,44.571 ,57.709 ,9.029 ,4.109 
2015_1,서초,30.6,27.506 ,35.590 ,3.094 ,4.990 
2015_1,성신여대,41.1,38.181 ,43.726 ,2.919 ,2.626 
2015_1,수유,56.8,45.110 ,56.667 ,11.690 ,0.133 
2015_1,신촌,60.2,42.606 ,76.164 ,17.595 ,15.964 
2015_1,영등포,33.6,32.417 ,44.504 ,1.183 ,10.904 
2015_1,용산,23.7,25.936 ,34.375 ,2.236 ,10.675 
2015_1,이태원,45.3,37.988 ,59.360 ,7.312 ,14.060 
2015_1,잠실,40.5,32.342 ,42.624 ,8.158 ,2.124 
2015_1,장안동,26.1,26.169 ,28.668 ,0.069 ,2.568 
2015_1,종로,90.9,75.074 ,104.200 ,15.826 ,13.300 
2015_1,천호,38.6,35.360 ,43.922 ,3.240 ,5.322 
2015_1,청담,69,47.547 ,69.948 ,21.453 ,0.948 
2015_1,청량리,43.4,35.883 ,46.341 ,7.517 ,2.941 
2015_1,충무로,29,45.530 ,37.317 ,16.530 ,8.317 
2015_1,테헤란로,46.4,36.925 ,48.911 ,9.475 ,2.511 
2015_1,혜화동,70.2,52.777 ,66.392 ,17.423 ,3.808 
2015_1,홍대합정,46.4,39.194 ,54.983 ,7.206 ,8.583 
2015_1,화곡,22.7,24.770 ,27.788 ,2.070 ,5.088 
2015_2,건대입구,51.7,47.163 ,47.009 ,4.537 ,4.691 
2015_2,경희대,49.6,41.811 ,46.396 ,7.789 ,3.204 
2015_2,공덕역,39.9,32.496 ,38.774 ,7.404 ,1.126 
2015_2,광화문,69.8,46.215 ,70.490 ,23.585 ,0.690 
2015_2,군자,38.3,33.682 ,35.406 ,4.618 ,2.894 
2015_2,동대문,34.8,36.251 ,43.698 ,1.451 ,8.898 
2015_2,명동,270.9,172.596 ,287.370 ,98.304 ,16.470 
2015_2,목동,30.4,27.178 ,33.941 ,3.222 ,3.541 
2015_2,사당,53.6,43.804 ,52.004 ,9.796 ,1.596 
2015_2,서초,30.7,27.212 ,33.374 ,3.488 ,2.674 
2015_2,성신여대,41.3,37.703 ,43.299 ,3.597 ,1.999 
2015_2,수유,55.3,45.993 ,57.346 ,9.307 ,2.046 
2015_2,신촌,60.3,41.836 ,75.344 ,18.464 ,15.044 
2015_2,영등포,33.3,32.687 ,39.188 ,0.613 ,5.888 
2015_2,용산,23.7,23.441 ,30.537 ,0.259 ,6.837 
2015_2,이태원,45.2,38.941 ,49.109 ,6.259 ,3.909 
2015_2,잠실,40.6,34.037 ,39.875 ,6.563 ,0.725 
2015_2,장안동,26.1,24.864 ,28.004 ,1.236 ,1.904 
2015_2,종로,90.5,67.220 ,99.279 ,23.280 ,8.779 
2015_2,천호,38.6,34.423 ,38.194 ,4.177 ,0.406 
2015_2,청담,69,48.799 ,70.586 ,20.201 ,1.586 
2015_2,청량리,43.5,43.913 ,41.789 ,0.413 ,1.711 
2015_2,충무로,29,25.667 ,34.284 ,3.334 ,5.284 
2015_2,테헤란로,46.4,37.553 ,48.635 ,8.847 ,2.235 
2015_2,혜화동,70.2,55.452 ,62.468 ,14.748 ,7.732 
2015_2,홍대합정,46.3,40.850 ,56.288 ,5.450 ,9.988 
2015_2,화곡,22.7,23.787 ,26.777 ,1.087 ,4.077 
2015_3,건대입구,51.7,46.289 ,46.229 ,5.411 ,5.471 
2015_3,경희대,49.4,42.731 ,46.748 ,6.669 ,2.652 
2015_3,공덕역,39.9,31.843 ,39.950 ,8.057 ,0.050 
2015_3,광화문,70.3,47.996 ,72.387 ,22.304 ,2.087 
2015_3,군자,38.3,34.661 ,35.373 ,3.639 ,2.927 
2015_3,동대문,34.8,36.604 ,42.125 ,1.804 ,7.325 
2015_3,명동,270,197.111 ,282.105 ,72.889 ,12.105 
2015_3,목동,30.4,27.045 ,34.201 ,3.355 ,3.801 
2015_3,사당,53.6,44.188 ,52.861 ,9.412 ,0.739 
2015_3,서초,30.7,27.127 ,33.850 ,3.573 ,3.150 
2015_3,성신여대,41.3,37.233 ,44.513 ,4.067 ,3.213 
2015_3,수유,54.9,47.059 ,57.475 ,7.842 ,2.575 
2015_3,신촌,60.3,42.337 ,74.532 ,17.963 ,14.232 
2015_3,영등포,33.5,32.183 ,38.650 ,1.317 ,5.150 
2015_3,용산,23.7,22.979 ,31.742 ,0.721 ,8.042 
2015_3,이태원,45.3,39.687 ,48.613 ,5.613 ,3.313 
2015_3,잠실,40.6,35.244 ,38.092 ,5.356 ,2.508 
2015_3,장안동,26.1,24.523 ,28.564 ,1.577 ,2.464 
2015_3,종로,90.3,70.235 ,97.706 ,20.065 ,7.406 
2015_3,천호,38.6,34.348 ,37.978 ,4.252 ,0.622 
2015_3,청담,69.6,48.677 ,69.201 ,20.923 ,0.399 
2015_3,청량리,43.4,41.924 ,43.926 ,1.476 ,0.526 
2015_3,충무로,29,24.754 ,36.494 ,4.247 ,7.494 
2015_3,테헤란로,46.4,37.319 ,48.045 ,9.081 ,1.645 
2015_3,혜화동,70.2,56.579 ,63.895 ,13.621 ,6.305 
2015_3,홍대합정,46.4,41.246 ,55.406 ,5.154 ,9.006 
2015_3,화곡,22.7,23.569 ,27.730 ,0.869 ,5.030 
2015_4,건대입구,52.1,47.185 ,46.548 ,4.915 ,5.552 
2015_4,경희대,49.5,42.814 ,46.273 ,6.686 ,3.227 
2015_4,공덕역,39.9,35.707 ,39.139 ,4.193 ,0.761 
2015_4,광화문,70.2,52.605 ,77.655 ,17.595 ,7.455 
2015_4,군자,38.4,34.957 ,36.988 ,3.443 ,1.412 
2015_4,동대문,34.8,35.298 ,41.884 ,0.498 ,7.084 
2015_4,명동,270.1,229.415 ,297.440 ,40.685 ,27.340 
2015_4,목동,30.4,27.090 ,34.517 ,3.310 ,4.117 
2015_4,사당,53.8,44.092 ,51.575 ,9.708 ,2.225 
2015_4,서초,30.7,27.148 ,33.776 ,3.553 ,3.076 
2015_4,성신여대,41.3,37.576 ,43.419 ,3.724 ,2.119 
2015_4,수유,54.9,45.218 ,59.423 ,9.682 ,4.523 
2015_4,신촌,60.4,44.228 ,78.888 ,16.173 ,18.488 
2015_4,영등포,33.6,32.693 ,40.256 ,0.907 ,6.656 
2015_4,용산,23.7,22.636 ,31.780 ,1.064 ,8.080 
2015_4,이태원,46,39.686 ,50.008 ,6.314 ,4.008 
2015_4,잠실,40.7,34.637 ,38.492 ,6.063 ,2.208 
2015_4,장안동,26.1,23.862 ,29.428 ,2.238 ,3.328 
2015_4,종로,90.2,71.610 ,98.444 ,18.590 ,8.244 
2015_4,천호,38.6,34.803 ,38.526 ,3.797 ,0.074 
2015_4,청담,69.6,47.111 ,70.282 ,22.489 ,0.682 
2015_4,청량리,43.2,40.241 ,41.890 ,2.959 ,1.310 
2015_4,충무로,29.1,27.696 ,35.293 ,1.404 ,6.193 
2015_4,테헤란로,46.4,37.650 ,47.977 ,8.750 ,1.577 
2015_4,혜화동,70.2,55.769 ,65.078 ,14.431 ,5.122 
2015_4,홍대합정,47.4,41.395 ,56.082 ,6.005 ,8.682 
2015_4,화곡,23.3,23.389 ,28.488 ,0.089 ,5.188 
2016_1,건대입구,52.4,45.582 ,49.861 ,6.818 ,2.539 
2016_1,경희대,49.5,43.749 ,47.599 ,5.751 ,1.901 
2016_1,공덕역,40.4,34.963 ,39.507 ,5.437 ,0.893 
2016_1,광화문,70.5,48.864 ,76.150 ,21.636 ,5.650 
2016_1,군자,38.4,35.573 ,37.590 ,2.828 ,0.810 
2016_1,동대문,34.8,36.451 ,45.827 ,1.651 ,11.027 
2016_1,명동,271.7,241.632 ,300.946 ,30.068 ,29.246 
2016_1,목동,30.5,27.320 ,36.118 ,3.180 ,5.618 
2016_1,사당,53.9,44.397 ,51.196 ,9.503 ,2.704 
2016_1,서초,30.7,27.359 ,33.599 ,3.341 ,2.899 
2016_1,성신여대,41.5,38.414 ,43.532 ,3.087 ,2.032 
2016_1,수유,54.9,46.858 ,59.400 ,8.042 ,4.500 
2016_1,신촌,60.3,45.733 ,72.160 ,14.568 ,11.860 
2016_1,영등포,33.7,31.866 ,39.867 ,1.834 ,6.167 
2016_1,용산,23.7,23.733 ,31.590 ,0.033 ,7.890 
2016_1,이태원,46,39.467 ,49.818 ,6.533 ,3.818 
2016_1,잠실,40.8,33.832 ,39.339 ,6.968 ,1.461 
2016_1,장안동,26.1,24.478 ,29.725 ,1.622 ,3.625 
2016_1,종로,89,71.352 ,96.544 ,17.648 ,7.544 
2016_1,천호,38.6,34.795 ,39.614 ,3.805 ,1.014 
2016_1,청담,69.6,48.914 ,70.941 ,20.686 ,1.341 
2016_1,청량리,43.2,41.160 ,37.713 ,2.041 ,5.487 
2016_1,충무로,29.1,28.976 ,34.503 ,0.124 ,5.403 
2016_1,테헤란로,46.4,37.862 ,47.978 ,8.538 ,1.578 
2016_1,혜화동,70.2,59.607 ,68.401 ,10.593 ,1.799 
2016_1,홍대합정,47.4,42.389 ,55.427 ,5.011 ,8.027 
2016_1,화곡,23.3,24.067 ,29.252 ,0.767 ,5.952 
2016_2,건대입구,52.5,47.994 ,49.323 ,4.506 ,3.177 
2016_2,경희대,49.5,43.189 ,47.822 ,6.311 ,1.678 
2016_2,공덕역,40.4,34.747 ,42.610 ,5.653 ,2.210 
2016_2,광화문,70.5,54.123 ,72.088 ,16.377 ,1.588 
2016_2,군자,38.4,34.148 ,36.387 ,4.252 ,2.013 
2016_2,동대문,34.9,33.705 ,44.673 ,1.195 ,9.773 
2016_2,명동,271.6,206.820 ,285.072 ,64.780 ,13.472 
2016_2,목동,30.5,28.159 ,37.124 ,2.341 ,6.624 
2016_2,사당,54,49.011 ,51.848 ,4.989 ,2.152 
2016_2,서초,30.7,26.938 ,36.316 ,3.762 ,5.616 
2016_2,성신여대,41.5,39.501 ,42.840 ,1.999 ,1.340 
2016_2,수유,55.3,48.505 ,57.779 ,6.795 ,2.479 
2016_2,신촌,58.4,46.344 ,64.006 ,12.056 ,5.606 
2016_2,영등포,33.7,33.137 ,42.389 ,0.563 ,8.689 
2016_2,용산,23.7,22.663 ,32.160 ,1.037 ,8.460 
2016_2,이태원,46.1,41.496 ,53.080 ,4.604 ,6.980 
2016_2,잠실,40.8,34.990 ,38.693 ,5.810 ,2.107 
2016_2,장안동,26.1,24.209 ,34.198 ,1.891 ,8.098 
2016_2,종로,88.9,74.742 ,94.955 ,14.158 ,6.055 
2016_2,천호,38.6,34.662 ,37.669 ,3.938 ,0.931 
2016_2,청담,69.6,48.852 ,72.104 ,20.748 ,2.504 
2016_2,청량리,43.5,40.810 ,37.900 ,2.691 ,5.600 
2016_2,충무로,29.1,21.651 ,34.742 ,7.450 ,5.642 
2016_2,테헤란로,46.4,38.295 ,49.826 ,8.106 ,3.426 
2016_2,혜화동,70.2,62.604 ,66.606 ,7.596 ,3.594 
2016_2,홍대합정,47.5,40.502 ,61.368 ,6.998 ,13.868 
2016_2,화곡,23.3,23.850 ,29.943 ,0.550 ,6.643 
2016_3,건대입구,52.6,47.657 ,51.638 ,4.943 ,0.962 
2016_3,경희대,49.4,43.937 ,46.617 ,5.463 ,2.783 
2016_3,공덕역,40.4,33.231 ,40.364 ,7.169 ,0.036 
2016_3,광화문,71.2,54.438 ,75.173 ,16.762 ,3.973 
2016_3,군자,36.8,33.271 ,34.325 ,3.529 ,2.475 
2016_3,동대문,34.9,31.140 ,45.136 ,3.760 ,10.236 
2016_3,명동,271.2,224.659 ,271.406 ,46.541 ,0.206 
2016_3,목동,30.5,27.843 ,34.282 ,2.657 ,3.782 
2016_3,사당,54,47.034 ,50.929 ,6.966 ,3.071 
2016_3,서초,30.9,26.370 ,35.319 ,4.530 ,4.419 
2016_3,성신여대,41.4,38.283 ,43.824 ,3.118 ,2.424 
2016_3,수유,55.3,46.554 ,56.460 ,8.746 ,1.160 
2016_3,신촌,58.4,44.971 ,68.031 ,13.430 ,9.631 
2016_3,영등포,33.7,31.721 ,40.297 ,1.979 ,6.597 
2016_3,용산,23.7,21.869 ,30.941 ,1.831 ,7.241 
2016_3,이태원,46.1,41.117 ,52.285 ,4.983 ,6.185 
2016_3,잠실,41,36.219 ,35.902 ,4.782 ,5.098 
2016_3,장안동,26.1,24.665 ,33.163 ,1.435 ,7.063 
2016_3,종로,88.9,74.405 ,92.066 ,14.495 ,3.166 
2016_3,천호,38.6,33.384 ,35.660 ,5.216 ,2.940 
2016_3,청담,69.1,50.568 ,69.463 ,18.532 ,0.363 
2016_3,청량리,43.5,35.954 ,36.596 ,7.546 ,6.904 
2016_3,충무로,29.1,21.938 ,35.365 ,7.163 ,6.265 
2016_3,테헤란로,46.4,37.155 ,49.190 ,9.245 ,2.790 
2016_3,혜화동,70.2,57.573 ,64.568 ,12.627 ,5.632 
2016_3,홍대합정,47.5,39.845 ,61.342 ,7.655 ,13.842 
2016_3,화곡,23.3,23.274 ,29.088 ,0.026 ,5.788 
2016_4,건대입구,52.6,47.345 ,51.120 ,5.255 ,1.480 
2016_4,경희대,49.3,41.718 ,45.659 ,7.582 ,3.641 
2016_4,공덕역,40.4,31.263 ,42.669 ,9.137 ,2.269 
2016_4,광화문,71.3,53.834 ,73.996 ,17.466 ,2.696 
2016_4,군자,36.8,32.166 ,35.276 ,4.634 ,1.524 
2016_4,동대문,34.8,31.805 ,45.026 ,2.995 ,10.226 
2016_4,명동,271.1,219.910 ,268.744 ,51.190 ,2.356 
2016_4,목동,30.5,28.075 ,34.643 ,2.425 ,4.143 
2016_4,사당,54,47.565 ,51.424 ,6.435 ,2.576 
2016_4,서초,30.9,26.105 ,34.406 ,4.795 ,3.506 
2016_4,성신여대,41.4,38.038 ,42.473 ,3.362 ,1.073 
2016_4,수유,55.2,46.942 ,57.212 ,8.258 ,2.012 
2016_4,신촌,58.4,48.707 ,67.813 ,9.693 ,9.413 
2016_4,영등포,33.7,31.539 ,43.006 ,2.161 ,9.306 
2016_4,용산,23.7,22.070 ,31.793 ,1.630 ,8.093 
2016_4,이태원,46,38.766 ,54.181 ,7.234 ,8.181 
2016_4,잠실,41.1,35.585 ,38.319 ,5.515 ,2.781 
2016_4,장안동,26.1,24.413 ,32.803 ,1.687 ,6.703 
2016_4,종로,88.7,71.731 ,94.400 ,16.969 ,5.700 
2016_4,천호,38.6,33.723 ,35.599 ,4.877 ,3.001 
2016_4,청담,71.6,52.008 ,66.637 ,19.592 ,4.963 
2016_4,청량리,43.5,40.161 ,35.959 ,3.340 ,7.541 
2016_4,충무로,29.1,25.833 ,30.550 ,3.267 ,1.450 
2016_4,테헤란로,46.1,37.110 ,48.159 ,8.990 ,2.059 
2016_4,혜화동,70.1,56.885 ,69.008 ,13.215 ,1.092 
2016_4,홍대합정,47.3,41.396 ,65.460 ,5.904 ,18.160 
2016_4,화곡,23.3,23.380 ,29.028 ,0.080 ,5.728 
2017_1,건대입구,62.5,51.274 ,58.322 ,11.226 ,4.178 
2017_1,경희대,43.4,41.862 ,43.549 ,1.538 ,0.149 
2017_1,공덕역,40.8,34.450 ,40.679 ,6.351 ,0.121 
2017_1,광화문,69.7,55.371 ,70.039 ,14.329 ,0.339 
2017_1,군자,29.7,31.696 ,31.199 ,1.996 ,1.499 
2017_1,논현역,39,33.626 ,38.839 ,5.374 ,0.161 
2017_1,동대문,36.5,32.686 ,54.118 ,3.814 ,17.618 
2017_1,명동,277.2,237.218 ,266.890 ,39.982 ,10.310 
2017_1,목동,33.4,30.194 ,36.379 ,3.206 ,2.979 
2017_1,불광역,37,34.509 ,38.731 ,2.491 ,1.731 
2017_1,사당,58,49.766 ,52.789 ,8.234 ,5.211 
2017_1,서초,27.8,26.058 ,31.833 ,1.743 ,4.033 
2017_1,성신여대,43.7,38.959 ,44.551 ,4.741 ,0.851 
2017_1,수유,54.6,49.487 ,55.040 ,5.113 ,0.440 
2017_1,신림역,69.7,52.380 ,69.034 ,17.320 ,0.666 
2017_1,신촌,57.3,48.158 ,121.183 ,9.142 ,63.883 
2017_1,압구정,58.1,44.089 ,59.378 ,14.011 ,1.278 
2017_1,영등포,37.8,34.829 ,43.912 ,2.971 ,6.112 
2017_1,오류동역,46.6,41.670 ,39.870 ,4.930 ,6.730 
2017_1,왕십리,37.4,36.380 ,40.217 ,1.020 ,2.817 
2017_1,용산,24.8,23.092 ,30.157 ,1.708 ,5.357 
2017_1,이태원,47,40.202 ,53.906 ,6.798 ,6.906 
2017_1,잠실,41.2,36.734 ,36.218 ,4.467 ,4.982 
2017_1,장안동,21,24.232 ,31.476 ,3.232 ,10.476 
2017_1,종로,83.9,72.027 ,89.163 ,11.874 ,5.263 
2017_1,천호,35.3,34.784 ,33.371 ,0.516 ,1.929 
2017_1,청담,68.9,49.750 ,67.527 ,19.151 ,1.373 
2017_1,청량리,45.9,44.824 ,36.625 ,1.077 ,9.275 
2017_1,테헤란로,46.2,38.017 ,48.089 ,8.183 ,1.889 
2017_1,혜화동,73.5,61.375 ,72.328 ,12.125 ,1.172 
2017_1,홍대합정,55.2,44.974 ,72.364 ,10.226 ,17.164 
2017_1,화곡,26.2,25.720 ,30.222 ,0.480 ,4.022 
2017_2,건대입구,62.7,55.203 ,57.668 ,7.497 ,5.032 
2017_2,경희대,43.5,41.020 ,43.714 ,2.480 ,0.214 
2017_2,공덕역,40.8,32.738 ,39.115 ,8.062 ,1.685 
2017_2,광화문,69.3,54.029 ,74.176 ,15.271 ,4.876 
2017_2,군자,29.8,30.727 ,30.707 ,0.927 ,0.907 
2017_2,논현역,39,33.130 ,39.669 ,5.870 ,0.669 
2017_2,동대문,36.5,34.608 ,50.766 ,1.892 ,14.266 
2017_2,명동,277.2,242.263 ,262.449 ,34.937 ,14.751 
2017_2,목동,33.4,30.078 ,36.718 ,3.322 ,3.318 
2017_2,불광역,37,33.250 ,38.739 ,3.750 ,1.739 
2017_2,사당,58.7,50.706 ,55.060 ,7.994 ,3.640 
2017_2,서초,27.8,25.714 ,31.806 ,2.086 ,4.006 
2017_2,성신여대,43.7,39.257 ,45.383 ,4.443 ,1.683 
2017_2,수유,54.6,50.681 ,55.889 ,3.919 ,1.289 
2017_2,신림역,70.3,56.454 ,71.152 ,13.846 ,0.852 
2017_2,신촌,57.3,45.911 ,100.834 ,11.390 ,43.534 
2017_2,압구정,58,44.431 ,64.192 ,13.569 ,6.192 
2017_2,영등포,38.2,35.425 ,45.046 ,2.775 ,6.846 
2017_2,오류동역,46.6,44.881 ,38.386 ,1.719 ,8.214 
2017_2,왕십리,37.4,36.324 ,39.953 ,1.076 ,2.553 
2017_2,용산,25,23.218 ,30.426 ,1.782 ,5.426 
2017_2,이태원,47,40.832 ,58.635 ,6.168 ,11.635 
2017_2,잠실,41.3,36.941 ,36.842 ,4.360 ,4.458 
2017_2,장안동,21,22.768 ,27.806 ,1.768 ,6.806 
2017_2,종로,83.9,69.528 ,90.781 ,14.372 ,6.881 
2017_2,천호,35.4,33.189 ,31.566 ,2.211 ,3.834 
2017_2,청담,68.1,48.909 ,66.353 ,19.191 ,1.747 
2017_2,청량리,45.9,45.768 ,38.436 ,0.132 ,7.464 
2017_2,테헤란로,46.2,37.918 ,49.563 ,8.282 ,3.363 
2017_2,혜화동,73.2,59.939 ,70.703 ,13.261 ,2.497 
2017_2,홍대합정,55.2,46.393 ,73.253 ,8.807 ,18.053 
2017_2,화곡,26.2,25.243 ,29.628 ,0.957 ,3.428 
2017_3,건대입구,64.3,54.870 ,60.028 ,9.430 ,4.272 
2017_3,경희대,43.5,40.238 ,44.419 ,3.262 ,0.919 
2017_3,공덕역,40.8,33.278 ,39.612 ,7.522 ,1.188 
2017_3,광화문,69.2,54.291 ,75.006 ,14.909 ,5.806 
2017_3,군자,29.8,30.585 ,31.125 ,0.785 ,1.325 
2017_3,논현역,39,32.908 ,39.460 ,6.092 ,0.460 
2017_3,동대문,36.5,33.414 ,42.658 ,3.087 ,6.158 
2017_3,명동,270.4,249.147 ,269.432 ,21.253 ,0.968 
2017_3,목동,33.5,31.174 ,35.336 ,2.326 ,1.836 
2017_3,불광역,37,33.836 ,39.509 ,3.164 ,2.509 
2017_3,사당,58.8,50.736 ,54.950 ,8.064 ,3.850 
2017_3,서초,27.8,25.967 ,31.472 ,1.833 ,3.672 
2017_3,성신여대,43.9,38.819 ,44.561 ,5.081 ,0.661 
2017_3,수유,54.8,50.864 ,56.455 ,3.936 ,1.655 
2017_3,신림역,70.5,58.432 ,74.546 ,12.068 ,4.046 
2017_3,신촌,57.3,46.346 ,111.119 ,10.955 ,53.819 
2017_3,압구정,56.6,44.877 ,62.708 ,11.723 ,6.108 
2017_3,영등포,38.3,35.438 ,44.713 ,2.862 ,6.413 
2017_3,오류동역,46.6,45.278 ,38.532 ,1.322 ,8.068 
2017_3,왕십리,38,35.367 ,39.248 ,2.633 ,1.248 
2017_3,용산,24.8,22.814 ,31.775 ,1.986 ,6.975 
2017_3,이태원,47,40.649 ,57.190 ,6.351 ,10.190 
2017_3,잠실,41.6,36.842 ,35.206 ,4.758 ,6.394 
2017_3,장안동,21,22.830 ,28.047 ,1.830 ,7.047 
2017_3,종로,84,70.807 ,91.064 ,13.193 ,7.064 
2017_3,천호,35.4,33.838 ,31.796 ,1.562 ,3.604 
2017_3,청담,68.1,49.382 ,66.935 ,18.719 ,1.165 
2017_3,청량리,45.9,44.671 ,39.737 ,1.229 ,6.163 
2017_3,테헤란로,46.2,37.636 ,48.986 ,8.564 ,2.786 
2017_3,혜화동,73.2,57.363 ,73.508 ,15.837 ,0.308 
2017_3,홍대합정,55.5,46.595 ,74.507 ,8.905 ,19.007 
2017_3,화곡,26.3,25.196 ,29.364 ,1.104 ,3.064 
2017_4,건대입구,64.3,55.339 ,60.323 ,8.961 ,3.977 
2017_4,경희대,43.8,41.510 ,44.152 ,2.290 ,0.352 
2017_4,공덕역,41.6,33.808 ,40.166 ,7.792 ,1.434 
2017_4,광화문,69.2,57.609 ,73.215 ,11.591 ,4.015 
2017_4,군자,29.8,29.676 ,31.305 ,0.124 ,1.505 
2017_4,논현역,38.9,33.017 ,41.336 ,5.883 ,2.436 
2017_4,동대문,36.5,31.884 ,45.932 ,4.616 ,9.432 
2017_4,명동,270.4,205.714 ,280.576 ,64.686 ,10.176 
2017_4,목동,33.5,30.527 ,35.273 ,2.973 ,1.773 
2017_4,불광역,36.9,33.857 ,38.190 ,3.043 ,1.290 
2017_4,사당,60.7,51.570 ,56.159 ,9.130 ,4.541 
2017_4,서초,27.8,25.409 ,31.250 ,2.391 ,3.450 
2017_4,성신여대,44,39.004 ,45.812 ,4.996 ,1.812 
2017_4,수유,54.9,48.083 ,56.543 ,6.817 ,1.643 
2017_4,신림역,70.8,57.570 ,73.813 ,13.230 ,3.013 
2017_4,신촌,58.8,46.042 ,97.188 ,12.758 ,38.388 
2017_4,압구정,56.4,45.073 ,63.911 ,11.327 ,7.511 
2017_4,영등포,38.3,34.820 ,45.860 ,3.480 ,7.560 
2017_4,오류동역,46.6,39.362 ,36.706 ,7.238 ,9.894 
2017_4,왕십리,38,35.659 ,39.220 ,2.341 ,1.220 
2017_4,용산,25,22.457 ,30.063 ,2.543 ,5.063 
2017_4,이태원,47,40.567 ,58.050 ,6.433 ,11.050 
2017_4,잠실,41.8,35.205 ,36.482 ,6.595 ,5.318 
2017_4,장안동,21,22.531 ,28.502 ,1.531 ,7.502 
2017_4,종로,84.2,68.676 ,92.250 ,15.524 ,8.050 
2017_4,천호,35.4,33.138 ,31.669 ,2.262 ,3.731 
2017_4,청담,68,48.798 ,68.480 ,19.202 ,0.480 
2017_4,청량리,45.8,43.881 ,37.277 ,1.920 ,8.523 
2017_4,테헤란로,46.5,37.780 ,49.440 ,8.720 ,2.940 
2017_4,혜화동,73.7,58.420 ,76.431 ,15.280 ,2.731 
2017_4,홍대합정,55.8,47.175 ,72.732 ,8.625 ,16.932 
2017_4,화곡,26.4,25.397 ,30.125 ,1.003 ,3.725 
2018_1,건대입구,64.6,55.050 ,61.603 ,9.550 ,2.997 
2018_1,경희대,44.1,40.840 ,44.431 ,3.260 ,0.331 
2018_1,공덕역,41.5,34.757 ,38.798 ,6.743 ,2.702 
2018_1,광화문,69.1,54.704 ,77.776 ,14.396 ,8.676 
2018_1,군자,29.9,30.090 ,29.123 ,0.190 ,0.777 
2018_1,논현역,38.9,33.475 ,40.206 ,5.425 ,1.306 
2018_1,동대문,36.5,33.281 ,47.310 ,3.219 ,10.810 
2018_1,명동,270.4,229.984 ,287.452 ,40.416 ,17.052 
2018_1,목동,34.3,31.455 ,35.854 ,2.845 ,1.554 
2018_1,불광역,37.1,33.486 ,37.842 ,3.614 ,0.742 
2018_1,사당,60.7,51.962 ,55.405 ,8.738 ,5.295 
2018_1,서초,27.8,25.040 ,31.132 ,2.760 ,3.332 
2018_1,성신여대,44.4,39.033 ,45.885 ,5.367 ,1.485 
2018_1,수유,54.9,48.357 ,55.254 ,6.543 ,0.354 
2018_1,신림역,73.9,58.005 ,70.084 ,15.895 ,3.816 
2018_1,신촌,58.8,48.162 ,120.966 ,10.639 ,62.166 
2018_1,압구정,56.3,44.648 ,63.894 ,11.652 ,7.594 
2018_1,영등포,38.9,36.088 ,43.517 ,2.812 ,4.617 
2018_1,오류동역,46.6,40.913 ,35.082 ,5.687 ,11.518 
2018_1,왕십리,38.6,35.928 ,39.854 ,2.672 ,1.254 
2018_1,용산,25.2,23.758 ,30.987 ,1.442 ,5.787 
2018_1,이태원,47,41.685 ,58.064 ,5.315 ,11.064 
2018_1,잠실,42.6,36.206 ,35.754 ,6.394 ,6.846 
2018_1,장안동,21,22.492 ,26.757 ,1.492 ,5.757 
2018_1,종로,84.2,71.296 ,92.115 ,12.904 ,7.915 
2018_1,천호,35.8,32.850 ,31.301 ,2.950 ,4.499 
2018_1,청담,67.9,49.732 ,69.620 ,18.169 ,1.720 
2018_1,청량리,45.9,43.957 ,35.652 ,1.943 ,10.248 
2018_1,테헤란로,46.6,38.467 ,49.837 ,8.133 ,3.237 
2018_1,혜화동,73.4,62.202 ,75.999 ,11.198 ,2.599 
2018_1,홍대합정,68.7,48.697 ,85.125 ,20.003 ,16.425 
2018_1,화곡,26.9,25.880 ,29.978 ,1.020 ,3.078 
2018_2,건대입구,64.9,57.927 ,61.558 ,6.973 ,3.342 
2018_2,경희대,43.9,41.535 ,44.433 ,2.365 ,0.533 
2018_2,공덕역,41.6,35.533 ,38.879 ,6.067 ,2.721 
2018_2,광화문,69.7,54.683 ,78.808 ,15.017 ,9.108 
2018_2,군자,29.9,29.207 ,29.360 ,0.693 ,0.540 
2018_2,논현역,38.9,33.199 ,40.567 ,5.701 ,1.667 
2018_2,동대문,36.4,35.290 ,49.030 ,1.110 ,12.630 
2018_2,명동,271.7,194.914 ,275.451 ,76.786 ,3.751 
2018_2,목동,34,32.497 ,37.129 ,1.503 ,3.129 
2018_2,불광역,37.1,33.301 ,37.626 ,3.799 ,0.526 
2018_2,사당,59.8,50.595 ,52.513 ,9.205 ,7.287 
2018_2,서초,27.8,25.554 ,31.063 ,2.246 ,3.263 
2018_2,성신여대,44.4,40.117 ,46.745 ,4.283 ,2.345 
2018_2,수유,54.7,49.307 ,54.979 ,5.393 ,0.279 
2018_2,신림역,74,64.524 ,73.509 ,9.476 ,0.491 
2018_2,신촌,57.8,49.258 ,108.618 ,8.543 ,50.818 
2018_2,압구정,56.2,44.141 ,68.043 ,12.059 ,11.843 
2018_2,영등포,39.2,38.146 ,43.999 ,1.054 ,4.799 
2018_2,오류동역,46.9,48.386 ,37.288 ,1.486 ,9.612 
2018_2,왕십리,39,36.776 ,37.144 ,2.225 ,1.856 
2018_2,용산,25.1,23.619 ,31.751 ,1.481 ,6.651 
2018_2,이태원,47.5,39.973 ,61.228 ,7.527 ,13.728 
2018_2,잠실,43.3,38.823 ,37.587 ,4.477 ,5.713 
2018_2,장안동,21,23.412 ,25.890 ,2.412 ,4.890 
2018_2,종로,83.7,70.656 ,90.561 ,13.044 ,6.861 
2018_2,천호,35.9,34.768 ,31.817 ,1.132 ,4.083 
2018_2,청담,67.6,51.031 ,68.797 ,16.569 ,1.197 
2018_2,청량리,46.6,41.883 ,39.246 ,4.718 ,7.354 
2018_2,테헤란로,46.9,38.093 ,51.159 ,8.807 ,4.259 
2018_2,혜화동,72.3,59.776 ,72.355 ,12.524 ,0.055 
2018_2,홍대합정,68.5,50.071 ,83.240 ,18.429 ,14.740 
2018_2,화곡,27,25.820 ,29.957 ,1.180 ,2.957 
2018_3,건대입구,65,57.101 ,62.083 ,7.899 ,2.917 
2018_3,경희대,44.1,42.149 ,45.253 ,1.951 ,1.153 
2018_3,공덕역,41.6,35.852 ,39.512 ,5.748 ,2.088 
2018_3,광화문,70,57.696 ,79.991 ,12.304 ,9.991 
2018_3,군자,29.9,29.439 ,28.224 ,0.461 ,1.676 
2018_3,논현역,39.2,33.852 ,40.116 ,5.349 ,0.916 
2018_3,동대문,36.4,34.861 ,48.682 ,1.539 ,12.282 
2018_3,명동,269.7,233.449 ,296.560 ,36.251 ,26.860 
2018_3,목동,34.6,32.158 ,37.847 ,2.442 ,3.247 
2018_3,불광역,37.2,34.362 ,39.882 ,2.838 ,2.682 
2018_3,사당,58.9,51.427 ,52.640 ,7.473 ,6.260 
2018_3,서초,27.7,25.273 ,31.417 ,2.427 ,3.717 
2018_3,성신여대,44.5,40.551 ,45.739 ,3.949 ,1.239 
2018_3,수유,56.1,50.407 ,53.462 ,5.693 ,2.638 
2018_3,신림역,73.5,63.354 ,71.182 ,10.146 ,2.318 
2018_3,신촌,57.8,50.330 ,109.094 ,7.470 ,51.294 
2018_3,압구정,56.2,44.810 ,66.553 ,11.390 ,10.353 
2018_3,영등포,39.2,37.172 ,44.258 ,2.028 ,5.058 
2018_3,오류동역,46.9,48.973 ,36.269 ,2.073 ,10.631 
2018_3,왕십리,39,37.564 ,36.838 ,1.436 ,2.162 
2018_3,용산,25.1,23.430 ,32.024 ,1.670 ,6.924 
2018_3,이태원,47.5,40.714 ,61.297 ,6.786 ,13.797 
2018_3,잠실,43.5,37.954 ,37.527 ,5.547 ,5.973 
2018_3,장안동,20.9,23.207 ,25.560 ,2.307 ,4.660 
2018_3,종로,84.6,70.825 ,89.634 ,13.775 ,5.034 
2018_3,천호,35.4,35.131 ,31.519 ,0.269 ,3.881 
2018_3,청담,67.5,50.901 ,68.963 ,16.599 ,1.463 
2018_3,청량리,46.6,42.127 ,38.162 ,4.473 ,8.438 
2018_3,테헤란로,46.9,38.058 ,51.654 ,8.842 ,4.754 
2018_3,혜화동,72.3,60.610 ,78.008 ,11.690 ,5.708 
2018_3,홍대합정,68.4,49.994 ,85.276 ,18.406 ,16.876 
2018_3,화곡,27,26.017 ,28.996 ,0.983 ,1.996 
2018_4,건대입구,65.1,58.258 ,61.843 ,6.842 ,3.257 
2018_4,경희대,44.1,42.586 ,45.735 ,1.514 ,1.635 
2018_4,공덕역,42.1,35.734 ,38.226 ,6.366 ,3.874 
2018_4,광화문,70.1,57.417 ,81.901 ,12.683 ,11.801 
2018_4,군자,29.9,29.378 ,29.224 ,0.522 ,0.676 
2018_4,논현역,39.2,34.111 ,40.128 ,5.089 ,0.928 
2018_4,동대문,36.4,32.635 ,48.558 ,3.765 ,12.158 
2018_4,명동,257.6,228.142 ,290.924 ,29.458 ,33.324 
2018_4,목동,34.3,31.630 ,37.596 ,2.670 ,3.296 
2018_4,불광역,37.4,34.882 ,41.452 ,2.518 ,4.052 
2018_4,사당,58.7,51.898 ,53.193 ,6.802 ,5.507 
2018_4,서초,27.8,25.754 ,31.049 ,2.046 ,3.249 
2018_4,성신여대,43.9,42.091 ,45.584 ,1.809 ,1.684 
2018_4,수유,56.1,49.405 ,54.781 ,6.695 ,1.319 
2018_4,신림역,72.3,64.624 ,71.024 ,7.676 ,1.276 
2018_4,신촌,57.7,50.834 ,98.026 ,6.866 ,40.326 
2018_4,압구정,56.1,44.395 ,69.935 ,11.705 ,13.835 
2018_4,영등포,39.2,37.445 ,45.846 ,1.755 ,6.646 
2018_4,오류동역,46.9,45.696 ,36.832 ,1.204 ,10.068 
2018_4,왕십리,39.1,37.484 ,37.300 ,1.616 ,1.800 
2018_4,용산,25.1,23.237 ,29.914 ,1.863 ,4.814 
2018_4,이태원,47.5,39.900 ,62.537 ,7.600 ,15.037 
2018_4,잠실,43.5,38.033 ,37.378 ,5.468 ,6.122 
2018_4,장안동,20.9,23.223 ,26.623 ,2.323 ,5.723 
2018_4,종로,84.9,70.413 ,90.614 ,14.488 ,5.714 
2018_4,천호,35.4,35.117 ,31.515 ,0.283 ,3.885 
2018_4,청담,66.4,49.706 ,65.773 ,16.694 ,0.627 
2018_4,청량리,46.6,43.777 ,38.093 ,2.824 ,8.507 
2018_4,테헤란로,46.9,38.729 ,51.423 ,8.171 ,4.523 
2018_4,혜화동,69.3,58.257 ,76.834 ,11.043 ,7.534 
2018_4,홍대합정,68.4,49.842 ,87.633 ,18.558 ,19.233 
2018_4,화곡,27,26.116 ,29.455 ,0.884 ,2.455 
2019_1,건대입구,64.2,57.370 ,60.040 ,6.830 ,4.160 
2019_1,경희대,46.1,44.740 ,45.995 ,1.360 ,0.105 
2019_1,공덕역,44.7,36.645 ,39.962 ,8.055 ,4.738 
2019_1,광화문,87.2,56.209 ,84.180 ,30.991 ,3.020 
2019_1,군자,31.1,29.717 ,28.956 ,1.383 ,2.144 
2019_1,논현역,38.7,34.728 ,39.845 ,3.972 ,1.145 
2019_1,동대문,36.6,33.805 ,46.937 ,2.796 ,10.337 
2019_1,명동,295.1,234.883 ,300.573 ,60.217 ,5.473 
2019_1,목동,34.5,33.016 ,37.118 ,1.484 ,2.618 
2019_1,불광역,38.5,35.282 ,39.888 ,3.218 ,1.388 
2019_1,사당,55.5,51.384 ,49.137 ,4.116 ,6.363 
2019_1,서초,27.4,25.703 ,30.673 ,1.697 ,3.273 
2019_1,성신여대,44.3,42.314 ,44.378 ,1.986 ,0.078 
2019_1,수유,58,50.776 ,54.523 ,7.224 ,3.477 
2019_1,신림역,65.2,65.309 ,67.433 ,0.109 ,2.233 
2019_1,신촌,56.7,50.040 ,87.197 ,6.660 ,30.497 
2019_1,압구정,55.8,45.161 ,64.685 ,10.639 ,8.885 
2019_1,영등포,39.3,37.128 ,41.855 ,2.172 ,2.555 
2019_1,오류동역,36.7,44.473 ,35.129 ,7.773 ,1.571 
2019_1,왕십리,39.3,37.522 ,36.645 ,1.778 ,2.655 
2019_1,용산,25,24.985 ,30.580 ,0.015 ,5.580 
2019_1,이태원,49.8,42.763 ,58.154 ,7.037 ,8.354 
2019_1,잠실,43.5,38.239 ,38.566 ,5.261 ,4.934 
2019_1,장안동,26.3,24.421 ,27.661 ,1.879 ,1.361 
2019_1,종로,79.7,71.044 ,86.690 ,8.656 ,6.990 
2019_1,천호,34.9,34.600 ,31.819 ,0.300 ,3.081 
2019_1,청담,55.9,49.258 ,65.440 ,6.642 ,9.540 
2019_1,청량리,46.7,42.339 ,37.066 ,4.362 ,9.634 
2019_1,테헤란로,47.7,38.689 ,51.888 ,9.011 ,4.188 
2019_1,혜화동,67.6,64.041 ,72.993 ,3.559 ,5.393 
2019_1,홍대합정,67.7,50.922 ,79.340 ,16.778 ,11.640 
2019_1,화곡,27.6,26.738 ,29.378 ,0.862 ,1.778 
