,0,aa,bb
0,4.66486873626709,8.264869,3.5999999999999996
1,1.8175818443298333,7.882418,9.7
2,2.4336763381958004,7.8336763,5.4
3,0.2997066497802736,6.4002934,6.7
4,4.4625218391418455,5.162522,0.7000000000000002
5,4.606791973114014,4.893208,9.5
6,0.6690505981445316,7.7309494,8.4
7,0.6581481933593754,13.258148,12.6
8,1.492431402206421,2.5075686,4.0
9,0.6423028945922855,5.757697,6.4
10,1.185228395462036,2.6147716,3.8
11,0.2713476657867435,2.1286523,2.4000000000000004
12,1.7006052494049069,1.3993948,3.0999999999999996
13,2.653402709960938,4.7534027,2.0999999999999996
14,0.6354661941528317,7.464534,8.1
15,0.7076754093170168,2.9923246,3.7
16,2.3038618087768548,14.603862,12.3
17,1.4113070487976076,5.288693,6.7
18,0.029978084564208807,5.229978,5.2
19,1.1389238357543947,3.9389238,2.8
20,3.4292761802673333,6.270724,9.7
21,3.704709529876709,7.2952905,11.0
22,0.3961795806884769,13.00382,13.4
23,3.260625505447388,3.1393745,6.4
24,1.6750164031982422,13.175016,11.5
25,1.4111006259918204,1.0888994,2.499999999999999
26,3.506044387817383,11.006044,7.5
27,1.3512065410614014,2.3512065,1.0
28,1.246932411193848,4.8469324,3.5999999999999996
29,1.8138509750366207,5.213851,3.4000000000000004
30,1.8150107860565186,3.3150108,1.5
31,2.9382282257080075,6.661772,9.6
32,0.9946776866912845,3.5946777,2.5999999999999996
33,0.15376815795898402,11.053768,10.9
34,3.2144851207733165,1.4855149,4.700000000000001
35,0.4932373046875007,19.306763,19.8
36,6.291812324523926,10.391812,4.1
37,0.9540700912475586,6.45407,5.5
38,7.807968330383301,8.607968,0.7999999999999998
39,5.682076072692871,12.082076,6.4
40,0.284638595581054,9.584639,9.3
41,0.2032691955566408,5.503269,5.3
42,2.065584278106689,7.9655843,5.9
43,4.724160766601564,23.12416,18.4
44,1.1983461380004883,6.301654,7.5
45,4.545622730255127,4.8543773,9.4
46,5.549827957153321,6.850172,12.4
47,0.7356787681579586,7.635679,6.9
48,1.6811548233032223,7.918845,9.6
49,0.2680792808532715,5.2319207,5.5
50,0.2872653961181637,10.812735,11.1
51,2.1666333198547365,5.9666333,3.8
52,0.5230730056762702,8.723073,8.2
53,0.8474901199340827,12.04749,11.2
54,1.338440322875977,10.56156,11.9
55,0.5108377456665032,10.310838,9.8
56,0.4327747344970696,8.267225,8.7
57,3.6083700180053704,10.59163,14.2
58,2.000625038146973,8.100625,6.1
59,0.4620109558105465,6.362011,5.9
60,9.226252365112305,10.926252,1.7000000000000002
61,1.8387994289398195,2.6387994,0.7999999999999998
62,1.5796514511108395,3.9796515,2.4000000000000004
63,2.946646213531494,4.946646,2.0
64,0.22415733337402344,4.2241573,4.0
65,1.8413897991180423,2.9413898,1.0999999999999996
66,2.5707387924194336,4.570739,2.0
67,3.5072736740112305,5.5072737,2.0
68,2.8417684555053713,7.6417685,4.8
69,1.308140754699707,8.308141,7.0
70,5.386303234100342,7.086303,1.7000000000000002
71,2.628635835647583,3.9286358,1.2999999999999998
72,3.511759185791016,14.111759,10.6
73,2.6896973609924313,6.9103026,9.6
74,1.876169586181641,6.9761696,5.1
75,3.821562194824219,10.421562,6.6
76,2.443229293823242,8.343229,5.9
77,0.17448387145996236,18.574484,18.4
78,3.877139854431153,4.42286,8.3
79,2.7734191894531257,10.026581,12.8
80,1.6027103424072262,8.50271,6.9
81,3.7309292316436764,2.8690708,6.6
82,0.9849855422973626,8.715014,9.7
83,1.5281124114990234,6.4718876,8.0
84,1.3519414901733402,7.0480585,8.4
85,0.9778459548950194,4.677846,3.7
86,0.3759340763092043,3.175934,2.8
87,0.9402514457702633,6.6597486,7.6
88,3.845743179321289,8.345743,4.5
89,4.930557823181152,11.330558,6.4
90,2.809108543395997,9.990891,12.8
91,3.1052183628082277,2.5947816,5.7
92,3.643687295913696,1.1563127,4.8
93,1.4591173171997074,4.0591173,2.5999999999999996
94,0.11462821960449254,10.714628,10.6
95,0.5967639923095707,14.303236,14.9
96,2.5821017742156984,3.3821018,0.7999999999999998
97,0.7900920867919918,11.190092,10.4
98,2.5283130645751957,10.128313,7.6
99,0.6211698532104499,9.67883,10.3
100,1.154076957702637,8.245923,9.4
101,4.058130645751952,14.341869,18.4
102,4.259937858581543,13.159938,8.9
103,1.2043846130371092,5.5956154,6.8
104,4.127789783477784,7.67221,11.8
105,0.06999969482421875,6.9300003,7.0
106,1.9893808364868164,11.989381,10.0
107,0.1214319229125973,8.478568,8.6
108,1.3532825350761417,0.54671746,1.9000000000000004
109,1.7564234733581543,5.2435765,7.0
110,0.4175842285156257,9.382416,9.8
111,6.652734565734863,6.8527346,0.20000000000000018
112,0.32892656326293945,6.6710734,7.0
113,8.254981422424317,4.1450186,12.4
114,0.25669240951538086,7.2566924,7.0
115,1.326975250244141,7.5730247,8.9
116,1.1061640739440914,7.006164,5.9
117,1.7073240280151367,10.707324,9.0
118,0.6023608207702633,7.502361,6.9
119,1.5816083431243895,2.2183917,3.8
120,0.20121936798095774,12.598781,12.8
121,0.1768732547760008,3.3768733,3.2
122,2.144015312194824,10.855985,13.0
123,3.510120391845703,5.0101204,1.5
124,0.34354152679443395,9.443542,9.1
125,1.1638446807861325,10.563845,9.4
126,2.308531188964844,9.908531,7.6
127,0.8352321624755863,8.435232,7.6
128,2.486633157730102,3.3866332,0.9000000000000004
129,2.047838878631591,6.152161,8.2
130,3.5754574775695804,6.6754575,3.0999999999999996
131,0.10800132751464808,10.491999,10.6
132,1.358868646621704,3.4411314,4.8
133,1.1618792533874505,7.5381207,8.7
134,3.7430080413818345,14.156992,17.9
135,0.5188083648681641,10.981192,11.5
136,1.3377996444702145,12.2378,10.9
137,1.227171230316162,7.427171,6.2
138,0.2109546661376953,6.2109547,6.0
139,1.5653735160827633,5.9653735,4.4
140,0.5069920539855959,4.306992,3.8
141,2.4465614318847653,8.653439,11.1
142,0.5447774410247801,1.7552226,2.3
143,0.22470130920410192,8.675299,8.9
144,0.36579546928405726,3.2657955,2.9000000000000004
145,1.9174728393554688,6.917473,5.0
146,0.27364821434021014,2.4263518,2.7
147,1.2295821189880378,7.070418,8.3
148,3.944593238830567,8.355407,12.3
149,3.2299529075622555,7.370047,10.6
150,2.4631690979003906,10.536831,13.0
151,2.609014320373536,11.190986,13.8
152,1.1205665588378908,8.420567,7.3
153,0.1445474624633789,11.644547,11.5
154,2.235017395019531,9.364983,11.6
155,2.945806208997965,0.05419379,3.0
156,3.226223564147949,9.626224,6.4
157,0.4293714523315426,9.329371,8.9
158,0.21983795166015696,19.580162,19.8
159,1.7610290527343757,7.538971,9.3
160,1.0152057647705064,17.884794,18.9
161,2.463204479217529,5.8632045,3.4000000000000004
162,0.6839765071868893,3.5839765,2.9000000000000004
163,3.502037143707275,6.902037,3.4000000000000004
164,2.7506457328796383,6.8493543,9.6
165,0.48581991195678675,7.38582,6.9
166,0.6198225021362305,11.6198225,11.0
167,1.7684808731079098,8.331519,10.1
168,2.1954521656036388,2.5045478,4.700000000000001
169,0.04569969177246236,18.4457,18.4
170,1.8632196903228762,3.3367803,5.2
171,2.191328620910644,11.908671,14.1
172,1.449904823303223,10.450095,11.9
173,6.565131378173828,13.865131,7.3
174,2.7930891036987298,10.406911,13.2
175,2.973604583740233,15.926395,18.9
176,0.22958259582519602,8.429583,8.2
177,1.0175133705139157,6.9175134,5.9
178,3.281579399108887,8.618421,11.9
179,0.27658405303955114,8.123416,8.4
180,2.0587350845336916,9.358735,7.3
181,1.652654314041138,3.7473457,5.4
182,1.668036079406738,9.431964,11.1
183,2.096347522735595,7.6036525,9.7
184,3.3156208992004403,5.815621,2.499999999999999
185,1.4809040069580064,16.419096,17.9
186,11.223720455169676,7.1762795,18.4
187,5.146344566345213,13.753655,18.9
188,2.1247362136840824,6.775264,8.9
189,1.6851892471313477,11.685189,10.0
190,4.268658065795899,9.368658,5.1
191,2.137126541137695,8.962873,11.1
192,1.9479139328002937,10.147914,8.2
193,5.903510856628419,14.103511,8.2
194,1.7196104526519775,2.7803895,4.5
195,3.568980884552002,7.368981,3.8
196,0.5511746406555176,4.4488254,5.0
197,2.9984150409698485,1.801585,4.8
198,1.1697689056396499,20.069769,18.9
199,2.022247695922852,11.377752,13.4
200,5.166866481304169,-0.6668665,4.5
201,1.2092536926269535,4.3092537,3.0999999999999996
202,13.903017985820771,0.896982,14.8
203,0.687210655212402,9.087211,8.4
204,0.3946777820587162,3.4946778,3.0999999999999996
205,0.39891152381896955,3.5989115,3.2
206,5.961143875122071,10.061144,4.1
207,0.7756667137145996,7.7243333,8.5
208,2.5085578918457028,11.591442,14.1
209,0.709225368499756,4.5092254,3.8
210,0.5302520275115965,3.730252,3.2
211,0.7637345314025881,4.9362655,5.7
212,0.4899036407470696,12.210096,12.7
213,1.0865217089653019,0.8134783,1.9000000000000004
214,7.661670875549317,9.461671,1.7999999999999998
215,5.178321456909179,11.578321,6.4
216,1.4019512176513675,10.001951,8.6
217,1.5205453872680668,10.879455,12.4
218,4.001042556762695,7.1989574,11.2
219,1.4118381500244137,8.311838,6.9
220,2.291055107116698,15.608945,17.9
221,2.391129493713379,6.8911295,4.5
222,1.6967288970947259,11.003271,12.7
223,4.440410423278809,13.64041,9.2
224,0.2351049423217777,7.164895,7.4
225,2.1182365894317625,2.3182366,0.20000000000000018
226,0.8398271560668942,12.739827,11.9
227,0.9269165039062504,11.5269165,10.6
228,0.2622755050659187,10.4622755,10.2
229,2.359795951843262,10.459796,8.1
230,0.04045982360839773,8.15954,8.2
231,2.2000352859497063,7.4999647,9.7
232,1.6378348350524892,6.337835,4.700000000000001
233,0.5105304241180422,2.6894696,3.2
234,0.7384189605712894,6.161581,6.9
235,3.8669475555419925,5.0330524,8.9
236,3.834259271621704,3.1657407,7.0
237,2.0619026184082045,19.538097,21.6
238,1.219574356079102,10.180426,11.4
239,0.9637987136840822,6.2637987,5.3
240,3.5363073348999032,6.0363073,2.499999999999999
241,0.26800627708435076,2.9319937,3.2
242,0.48463101387023944,3.215369,3.7
243,3.581241035461426,11.181241,7.6
244,2.069644355773926,9.669644,7.6
245,1.6423667907714847,12.257633,13.9
246,1.1605712890625002,4.9605713,3.8
247,1.4606008410453795,-0.16060084,1.2999999999999998
248,0.8578390121459964,8.457839,7.6
249,0.9337794303894045,5.7337794,4.8
250,5.523069763183594,5.87693,11.4
251,0.27569904327392614,12.875699,12.6
252,1.2681447982788088,4.068145,2.8
253,0.9520401477813722,3.2520401,2.3
254,0.8640474796295168,2.1640475,1.2999999999999998
255,1.8297112464904783,7.0297112,5.2
256,1.3975819587707523,4.502418,5.9
257,0.6732532501220705,4.4732533,3.8
258,1.7953065872192386,10.104693,11.9
259,1.0708728313446043,2.7291272,3.8
260,1.5289054393768309,3.2710946,4.8
261,0.2669617176055912,1.8669617,1.5999999999999996
262,5.257357501983643,7.1426425,12.4
263,4.097297477722168,5.7972975,1.7000000000000002
264,2.147648429870605,9.047648,6.9
265,0.3542304039001465,7.3542304,7.0
266,0.34181728363037145,6.5581827,6.9
267,2.8243513107299805,8.175649,11.0
268,2.4535776615142826,1.9464223,4.4
269,5.121948051452637,9.678052,14.8
270,1.6337560653686527,5.266244,6.9
271,4.517663955688477,8.517664,4.0
272,2.1014505386352536,9.501451,7.4
273,2.265139579772949,8.73486,11.0
274,1.4465452194213864,9.846545,8.4
275,4.647788429260254,6.7522116,11.4
276,2.7733215332031236,15.126678,17.9
277,0.28727869987487686,2.4872787,2.200000000000001
278,0.6839384078979496,8.216062,8.9
279,0.8539319992065426,12.253932,11.4
280,0.5063356399536136,6.3936644,6.9
281,3.376314401626587,1.6236856,5.0
282,1.6864921569824212,11.486492,9.8
283,4.592506408691406,8.592506,4.0
284,2.072321510314941,4.9723215,2.9000000000000004
285,0.18193435668945312,8.181934,8.0
286,1.564599418640137,9.164599,7.6
287,7.818970727920533,2.9810293,10.8
288,2.384110832214354,15.515889,17.9
289,0.4187226772308348,2.3812773,2.8
290,1.4201717376708984,7.4201717,6.0
291,2.6956639289855957,4.195664,1.5
292,1.6423699855804443,3.85763,5.5
293,0.1555195808410641,7.9444804,8.1
294,3.881102752685546,12.181103,8.3
295,1.8899486064910889,2.8899486,1.0
296,2.126135778427124,1.5738642,3.7
297,0.41538581848144496,9.184614,9.6
298,5.735065841674803,16.664934,22.4
299,3.2056312561035156,7.7056313,4.5
300,3.4697525024414064,6.2697525,2.8
301,2.0990745544433587,17.899075,15.8
302,4.865009880065918,9.23499,14.1
303,0.06428518295288121,6.664285,6.6
304,0.8556758880615227,16.655676,15.8
305,2.340808868408203,4.659191,7.0
306,3.52707929611206,6.6729207,10.2
307,1.5020624160766598,11.902062,10.4
308,0.18986282348632777,9.089863,8.9
309,1.688385391235352,8.211615,9.9
310,2.731622505187989,12.4316225,9.7
311,2.960627937316895,8.060628,5.1
312,3.314608573913574,4.8146086,1.5
313,3.4112403869628913,14.61124,11.2
314,1.2619594573974613,8.361959,7.1
315,0.20581283569335973,5.805813,5.6
316,1.4992710113525387,10.100729,11.6
317,6.802577352523803,3.7974226,10.6
318,0.8437867641448973,2.9562132,3.8
319,0.9716270446777351,14.828373,15.8
320,0.3623341083526608,2.762334,2.4000000000000004
321,1.4815608978271477,14.281561,12.8
322,0.04957094192504918,6.649571,6.6
323,0.21683483123779368,9.083165,9.3
324,3.3134263992309574,5.4134264,2.0999999999999996
325,4.439495754241943,5.7605042,10.2
326,2.40216703414917,7.702167,5.3
327,2.3626174926757812,10.6373825,13.0
328,0.4187510967254635,3.681249,4.1
329,5.72310084104538,0.77689916,6.5
330,2.2060934543609623,3.8060935,1.5999999999999996
331,0.46789283752441335,9.732107,10.2
332,5.352775955200196,7.952776,2.5999999999999996
333,0.6007964611053467,1.3992035,2.0
334,0.7285938262939453,9.228594,8.5
335,0.13410282135009766,11.365897,11.5
336,1.2506221771240238,8.850622,7.6
337,3.8278192520141605,8.572181,12.4
338,9.27309341430664,9.426907,18.7
339,3.113956642150878,6.0860434,9.2
340,0.4014536380767826,3.5014536,3.0999999999999996
341,1.5270074844360355,9.3729925,10.9
342,7.071290969848633,4.928709,12.0
343,1.7548033714294435,7.0548034,5.3
344,0.7364806175231937,6.1635194,6.9
345,2.551827621459961,7.3518276,4.8
346,7.927265548706055,11.027266,3.0999999999999996
347,2.416688156127929,5.783312,8.2
348,3.8111974716186525,7.6111975,3.8
349,1.611239957809448,3.68876,5.3
350,1.5653812408447259,11.365381,9.8
351,3.250032138824463,7.050032,3.8
352,0.06974306106567418,7.669743,7.6
353,3.6012738227844245,4.698726,8.3
354,1.8071420669555671,12.007142,10.2
355,0.9049592971801754,6.6950407,7.6
356,1.316579055786132,10.616579,9.3
357,0.7420480728149421,12.057952,12.8
358,2.192850399017334,5.3928504,3.2
359,0.9159708023071289,11.915971,11.0
360,1.0289435386657715,5.9710565,7.0
361,4.3117412567138675,13.411741,9.1
362,1.0671874999999993,16.867188,15.8
363,3.4168254852294924,6.2168255,2.8
364,2.4024726867675774,12.202473,9.8
365,2.8527631759643555,10.352763,7.5
366,0.7032288074493405,3.6032288,2.9000000000000004
367,0.08082413673400879,3.9191759,4.0
368,0.9700223922729485,9.229978,10.2
369,1.4064466476440423,11.706447,10.3
370,5.1948957443237305,5.8051043,11.0
371,1.0443511486053465,3.7443511,2.7
372,3.9410945892333986,5.2410946,1.2999999999999998
373,1.2997442245483395,9.699744,8.4
374,6.832974433898926,7.8329744,1.0
375,4.45440821647644,1.3455918,5.8
376,1.950460433959961,9.04954,11.0
377,3.8411824703216553,3.1588175,7.0
378,6.244188022613525,6.455812,12.7
379,0.9843427658081056,7.284343,6.3
380,3.712818431854248,6.4128184,2.7
381,0.12885665893554688,5.3711433,5.5
382,0.33218460083007884,8.467815,8.8
383,0.22443981170654315,6.97556,7.2
384,1.7081665039062504,9.8081665,8.1
385,1.602888822555542,3.8971112,5.5
386,2.2328440666198723,7.467156,9.7
387,0.10964202880859375,11.390358,11.5
388,1.9070043087005617,3.2070043,1.2999999999999998
389,0.5500486850738522,2.9500487,2.4000000000000004
390,1.1606895923614502,2.8393104,4.0
391,1.931020355224609,9.83102,7.9
392,0.1422643184661867,3.9422643,3.8
393,2.6684885025024414,9.3315115,12.0
394,0.5967365264892575,10.503263,11.1
395,3.0912252426147457,9.991225,6.9
396,0.7411075592041012,7.1411076,6.4
397,1.5763927459716793,10.023607,11.6
398,2.688010120391846,6.28801,3.5999999999999996
399,0.5026102066040039,6.99739,7.5
400,0.313004112243652,9.213004,8.9
401,2.3542905807495114,9.254291,6.9
402,1.3027015686035153,7.7027016,6.4
403,3.8555288314819336,7.855529,4.0
404,1.3033764362335205,2.8033764,1.5
405,4.254248523712159,5.6457515,9.9
406,4.2336883544921875,11.766312,16.0
407,4.641456413269044,15.158544,19.8
408,0.10322208404540945,10.096778,10.2
409,0.442032432556152,11.157968,11.6
410,3.8747940063476562,7.125206,11.0
411,1.527461910247803,5.372538,6.9
412,2.5311554908752445,4.6311555,2.0999999999999996
413,1.8188240051269524,14.618824,12.8
414,0.11921023130416852,0.68078977,0.7999999999999998
415,1.101128721237183,1.7988713,2.9000000000000004
416,0.7525403976440437,10.45254,9.7
417,2.782560396194458,-1.4825604,1.2999999999999998
418,0.13676991462707555,1.7632301,1.9000000000000004
419,0.24913311004638672,4.749133,4.5
420,3.330272674560547,8.830273,5.5
421,4.359068870544434,9.359069,5.0
422,0.5772580623626711,3.122742,3.7
423,4.9801839828491214,8.580184,3.5999999999999996
424,1.2211051940917965,7.621105,6.4
425,0.7263846397399902,6.7736154,7.5
426,0.19790763854980487,6.9979076,6.8
427,1.1643316745758057,2.8356683,4.0
428,7.386340475082397,3.2136595,10.6
429,1.2423961639404304,11.557604,12.8
430,0.12849140167236328,7.3715086,7.5
431,2.9517249107360843,3.948275,6.9
432,3.4531934738159187,9.346807,12.8
433,3.274866533279419,3.4251335,6.7
434,1.3021125793457031,6.8021126,5.5
435,1.2766645431518553,4.0233355,5.3
436,5.786444759368896,6.6864448,0.9000000000000004
437,0.618059825897217,4.41806,3.8
438,7.7833427429199205,10.616657,18.4
439,3.397931241989136,1.0020688,4.4
440,1.933958339691161,6.6339583,4.700000000000001
441,0.11201515197753942,7.287985,7.4
442,2.7293802261352536,11.62938,8.9
443,5.199370288848877,5.7006297,10.9
444,2.9181422233581547,5.518142,2.5999999999999996
445,0.5449733734130859,11.044973,10.5
446,2.565292930603027,11.534707,14.1
447,0.700862550735474,1.8008626,1.0999999999999996
448,4.273131942749025,17.326868,21.6
449,0.2280366897583015,8.071963,8.3
450,0.8193714141845696,10.119371,9.3
451,2.803083515167236,4.7030835,1.9000000000000004
452,3.884013748168945,9.284014,5.4
453,2.393668365478516,4.6936684,2.3
454,0.3126342296600342,2.3126342,2.0
455,3.5835359573364265,11.216464,14.8
456,1.7640375137329105,5.6359625,7.4
457,0.3772511005401613,3.322749,3.7
458,1.4300639152526848,7.769936,9.2
459,2.1796948432922356,7.520305,9.7
460,1.2591275691986086,2.0591276,0.7999999999999998
461,0.8243505477905275,6.1243505,5.3
462,1.9908508300781254,7.590851,5.6
463,0.5643446445465088,1.5643446,1.0
464,0.15367546081543004,8.746325,8.9
465,1.092084217071533,5.707916,6.8
466,2.5309993743896477,8.669001,11.2
467,1.1963838577270511,9.296384,8.1
468,0.6785133361816404,7.3785133,6.7
469,5.85445728302002,6.0455427,11.9
470,1.7873649120330812,1.4126351,3.2
471,2.928100204467773,8.8281,5.9
472,0.5706266403198246,7.1706266,6.6
473,5.719334030151366,12.180666,17.9
474,0.40998740196228045,3.2099874,2.8
475,1.7742421627044678,2.2257578,4.0
476,7.9725355148315415,9.9274645,17.9
477,0.8373054504394535,8.437305,7.6
478,2.2662118911743168,10.366212,8.1
479,3.9757929801940914,6.875793,2.9000000000000004
480,2.915684306621552,0.9843157,3.9000000000000004
481,5.562856864929199,8.362857,2.8
482,5.439369583129883,10.53937,5.1
483,1.5184378147125246,2.1815622,3.7
484,1.8752618789672848,9.724738,11.6
485,0.0580006599426266,6.4580007,6.4
486,1.7822098255157481,2.9177902,4.700000000000001
487,2.8935854911804197,5.5935855,2.7
488,1.9274623394012451,3.0725377,5.0
489,0.7589630126953129,14.858963,14.1
490,0.23969521522522008,2.6603048,2.9000000000000004
491,4.294864082336426,8.105136,12.4
492,3.1569067955017083,6.543093,9.7
493,5.807455253601074,9.607455,3.8
494,0.26563568115234304,9.065636,8.8
495,2.200563669204712,3.7005637,1.5
496,2.970565986633301,10.270566,7.3
497,5.9733535766601555,11.226646,17.2
498,0.6986561775207516,6.901344,7.6
499,2.2362596511840813,12.03626,9.8
500,1.2440670013427733,4.944067,3.7
501,2.180873775482178,4.219126,6.4
502,2.7743765830993654,4.4256234,7.2
503,0.013600921630860796,18.9136,18.9
504,1.1772342681884762,6.4227657,7.6
505,0.6833580493926998,2.583358,1.9000000000000004
506,0.7812253832817078,0.7187746,1.5
507,1.9602983474731444,5.8397017,7.8
508,1.2151371002197262,11.384863,12.6
509,0.9485597610473633,10.05144,11.0
510,5.518510437011718,8.58149,14.1
511,0.9218400955200199,10.52184,9.6
512,1.5707690715789795,3.570769,2.0
513,2.6611921310424798,11.961192,9.3
514,0.8535696983337395,7.3464303,8.2
515,1.4418389320373537,6.741839,5.3
516,1.7202270507812507,7.579773,9.3
517,1.7162294387817383,11.283771,13.0
518,3.7080753326416005,8.408075,4.700000000000001
519,2.248514795303345,3.3485148,1.0999999999999996
520,0.8121313095092777,6.0878687,6.9
521,7.47595261335373,0.8240474,8.3
522,2.7599470138549798,6.940053,9.7
523,4.510478973388672,8.489521,13.0
524,4.071650409698487,5.8283496,9.9
525,0.32861013412475604,5.62861,5.3
526,0.5602500915527351,15.23975,15.8
527,2.9483288764953617,4.548329,1.5999999999999996
528,1.8268673419952393,3.6731327,5.5
529,2.8550751209259033,3.8550751,1.0
530,2.2750156402587898,10.975016,8.7
531,9.68714542388916,7.5128546,17.2
532,0.5124654769897461,10.5124655,10.0
533,5.455325317382813,6.7553253,1.2999999999999998
534,1.9900689959526066,0.909931,2.9000000000000004
535,2.201912069320679,2.698088,4.9
536,2.737254333496094,8.037254,5.3
537,2.4043898582458496,7.59561,10.0
538,2.2252883911132812,8.774712,11.0
539,1.9779816627502438,7.8779817,5.9
540,0.4935843467712404,5.2935843,4.8
541,2.3850051879882805,5.814995,8.2
542,4.86855115890503,4.531449,9.4
543,2.0470444679260256,7.8470445,5.8
544,1.4772942543029774,6.1772943,4.700000000000001
545,0.06272430419921804,9.862724,9.8
546,3.940629386901856,7.9593706,11.9
547,0.5696522235870365,3.1696522,2.5999999999999996
548,2.284024858474732,2.6159751,4.9
549,6.0453211784362795,7.345321,1.2999999999999998
550,4.524076461791992,14.024076,9.5
551,0.538228225708008,4.338228,3.8
552,1.624103546142579,4.1241035,2.499999999999999
553,2.9864038467407212,14.913596,17.9
554,1.9947626113891603,4.7947626,2.8
555,1.5851113319396966,7.1148887,8.7
556,1.4611486434936527,4.5611486,3.0999999999999996
557,0.8983860969543453,6.798386,5.9
558,5.188839149475098,9.488839,4.3
559,3.2651769638061516,5.934823,9.2
560,3.9371622562408444,2.6628377,6.6
561,2.884199714660644,11.7842,8.9
562,1.6099217891693112,2.4900782,4.1
563,5.847800064086914,6.0478,0.20000000000000018
564,4.843128442764282,-1.8431284,3.0
565,4.2533851146698,3.546615,7.8
566,2.540683841705322,5.440684,2.9000000000000004
567,3.93879075050354,3.2612092,7.2
568,0.33105258941650373,4.9689474,5.3
569,1.6614067077636712,11.461407,9.8
570,2.0249105453491207,11.075089,13.1
571,5.358776950836182,7.958777,2.5999999999999996
572,0.15165309906005842,7.851653,7.7
573,3.0943738937377923,9.605626,12.7
574,0.6041119575500487,4.695888,5.3
575,2.7742522239685066,6.025748,8.8
576,0.5732610702514647,6.726739,7.3
577,2.8120783329010006,1.7879217,4.6
578,0.7058261871337894,13.805826,13.1
579,1.5267771720886234,4.873223,6.4
580,1.0487315177917482,7.8487315,6.8
581,3.6421712875366214,6.2421713,2.5999999999999996
582,1.7368824005126955,7.0368824,5.3
583,1.5380279541015618,17.338028,15.8
584,0.24396305084228587,14.556037,14.8
585,4.057000732421875,6.9570007,2.9000000000000004
586,0.7244453907012938,2.0755546,2.8
587,0.3419386863708498,4.1419387,3.8
588,0.423482513427734,7.6765175,8.1
589,2.201480674743652,8.401481,6.2
590,1.2339412689208977,10.533941,9.3
591,2.0560098648071286,9.04399,11.1
592,0.9765383720397951,6.7765384,5.8
593,2.5245490074157715,4.024549,1.5
594,2.470638179779053,7.570638,5.1
595,0.20655479431152202,17.693445,17.9
596,5.308184242248535,4.7918158,10.1
597,0.7752117156982425,8.875212,8.1
598,1.6820893764495848,2.1179106,3.8
599,2.3474596023559577,6.9525404,9.3
600,0.8943681716918945,4.894368,4.0
601,2.0236228942871097,9.876377,11.9
602,1.5821281433105465,4.017872,5.6
603,5.275841331481933,6.3241587,11.6
604,1.8892978668212894,10.010702,11.9
605,0.5104827880859375,8.489517,9.0
606,6.256680679321288,4.9433193,11.2
607,0.003307342529296875,9.496693,9.5
608,0.643303394317627,4.6433034,4.0
609,2.5004083633422844,10.199592,12.7
610,0.46127490997314524,9.338725,9.8
611,1.4288259506225582,9.828826,8.4
612,1.0207658290863026,2.2792342,3.299999999999999
613,9.67038459777832,21.470385,11.8
614,1.7585412025451657,7.658541,5.9
615,3.8536657333374027,11.453666,7.6
616,10.54799975156784,0.65200025,11.2
617,1.7045499801635744,4.00455,2.3
618,0.824238348007202,2.9757617,3.8
619,2.0096952438354485,8.190305,10.2
620,1.786781358718872,1.0132186,2.8
621,2.111426448822021,5.4885736,7.6
622,4.538181114196778,5.761819,10.3
623,2.2198079109191893,5.580192,7.8
624,4.9512164115905755,7.7487836,12.7
625,2.699411773681641,7.799412,5.1
626,1.632642066478729,0.46735793,2.0999999999999996
627,0.6080762863159173,10.408076,9.8
628,8.306621932983399,9.906622,1.5999999999999996
629,1.2108421325683594,6.789158,8.0
630,1.5271265506744385,3.4728734,5.0
631,0.5873414993286126,10.1126585,10.7
632,0.4399955749511717,6.6399956,6.2
633,4.873777198791505,14.926223,19.8
634,1.0517301559448242,11.94827,13.0
635,1.383460903167725,5.516539,6.9
636,0.030850887298583984,7.469149,7.5
637,1.006838226318358,17.893162,18.9
638,3.111455345153809,9.211455,6.1
639,1.1818592071533196,16.98186,15.8
640,1.1143996238708498,5.0856004,6.2
641,1.6210819244384762,7.521082,5.9
642,1.3218566417694095,3.4218566,2.0999999999999996
643,2.877089118957519,6.277089,3.4000000000000004
644,4.68221378326416,8.317786,13.0
645,5.30477557182312,2.2952244,7.6
646,3.9316781997680668,8.031678,4.1
647,1.2809167861938473,8.180917,6.9
648,1.2610197067260742,9.73898,11.0
649,1.554706716537476,3.8452933,5.4
650,3.1751417160034165,15.224858,18.4
651,0.5552627563476555,9.855263,9.3
652,1.1790675163269047,4.2209325,5.4
653,2.32357120513916,8.676429,11.0
654,2.4597400665283207,9.44026,11.9
655,6.922010612487792,10.277989,17.2
656,1.8359636306762699,10.064036,11.9
657,1.986638069152832,8.513362,10.5
658,0.3111577033996582,6.6888423,7.0
659,2.146088027954102,9.746088,7.6
660,0.0688426971435554,8.268843,8.2
661,12.47575464248657,5.9242454,18.4
662,0.33238010406494034,5.03238,4.700000000000001
663,0.7654330730438232,3.234567,4.0
664,7.700660324096679,14.60066,6.9
665,2.0906912803649904,6.8906913,4.8
666,0.03150901794433558,8.931509,8.9
667,2.213189792633056,5.98681,8.2
668,2.481337451934815,4.0813375,1.5999999999999996
669,2.8176660537719727,7.682334,10.5
670,0.2421258926391605,8.657874,8.9
671,2.441105461120605,10.841105,8.4
672,0.7541940689086921,11.454194,10.7
673,0.6691843986511232,5.4691844,4.8
674,0.03017039299011337,3.3301704,3.299999999999999
675,2.0467700481414797,3.65323,5.7
676,7.586586940288544,0.71341306,8.3
677,0.3631694793701179,13.4368305,13.8
678,0.8699361801147454,8.830064,9.7
679,6.853528928756713,1.3464711,8.2
680,6.741793060302733,11.158207,17.9
681,1.1211474418640135,4.1788526,5.3
682,0.26875853538513184,2.2687585,2.0
683,0.8398271560668942,12.739827,11.9
684,4.324408912658692,13.424409,9.1
685,2.607726573944092,7.8922734,10.5
686,1.942961502075196,10.8570385,12.8
687,3.9641123771667477,4.6358876,8.6
688,1.7410614013671868,11.541061,9.8
689,3.7987495422363278,12.69875,8.9
690,2.0425022125244148,12.742502,10.7
691,6.8642620086669925,10.964262,4.1
692,0.8656631946563724,3.4656632,2.5999999999999996
693,3.264986658096314,3.6350133,6.9
694,0.2751640796661379,3.424836,3.7
695,0.5112081527709957,8.911208,8.4
696,2.232578086853027,4.567422,6.8
697,0.8859491348266602,10.885949,10.0
698,2.1165579795837406,7.283442,9.4
699,1.5890275955200188,8.110972,9.7
700,1.8839720726013187,4.483972,2.5999999999999996
701,0.22218341827392507,12.522183,12.3
702,6.038803482055664,10.6388035,4.6
703,2.426462554931641,9.026463,6.6
704,0.2706481933593743,10.429352,10.7
705,5.073691749572754,10.173692,5.1
706,0.050894355773925426,11.950894,11.9
707,2.0615855693817142,3.1615856,1.0999999999999996
708,1.176680564880371,8.676681,7.5
709,0.31471710205078196,9.485283,9.8
710,3.9972927093505852,8.702707,12.7
711,3.3731607437133793,5.9731607,2.5999999999999996
712,3.938311195373535,5.838311,1.9000000000000004
713,0.11690082550048864,11.283099,11.4
714,2.504087495803833,2.7959125,5.3
715,3.189163398742675,11.489163,8.3
716,1.3350568771362301,7.735057,6.4
717,3.7690994262695305,19.5691,15.8
718,0.7739219665527344,4.773922,4.0
719,1.453023147583007,10.753023,9.3
720,1.3017705917358402,8.401771,7.1
721,0.627538871765136,9.572461,10.2
722,1.842818641662598,4.4428186,2.5999999999999996
723,0.7458820343017578,7.745882,7.0
724,3.546308708190918,8.846309,5.3
725,0.5327409267425534,3.567259,4.1
726,4.388528060913086,11.688528,7.3
727,0.08471117019653285,5.515289,5.6
728,3.361369323730469,8.661369,5.3
729,1.9504662513732907,5.6495337,7.6
730,1.6567773818969727,9.843223,11.5
731,0.9468448638916014,4.646845,3.7
732,4.711854648590088,6.5118546,1.7999999999999998
733,3.617540264129639,6.7175403,3.0999999999999996
734,0.7991254806518562,12.0008745,12.8
735,1.1104393005371094,8.389561,9.5
736,0.7262786865234379,10.673721,11.4
737,1.5877962112426758,11.087796,9.5
738,0.3663404464721687,8.56634,8.2
739,0.8114205360412594,5.2885795,6.1
740,2.230838632583618,-1.1308386,1.0999999999999996
741,3.855975723266601,12.255976,8.4
742,1.9415930271148678,1.158407,3.0999999999999996
743,1.4369688034057617,9.063031,10.5
744,1.069539403915405,1.0304606,2.0999999999999996
745,1.8865274429321293,10.013473,11.9
746,0.36502165794372576,3.1650217,2.8
747,4.885122680664061,13.014877,17.9
748,0.6106728553771976,5.210673,4.6
749,1.8661288261413578,6.533871,8.4
750,0.5223247528076165,10.322325,9.8
751,0.6877765655517578,6.8122234,7.5
752,1.1404701709747318,3.7404702,2.5999999999999996
753,5.740258026123048,17.440258,11.7
754,0.10903091430663991,10.909031,10.8
755,0.7170348167419434,5.717035,5.0
756,2.757897424697876,3.4578974,0.7000000000000002
757,0.6003993988037113,8.200399,7.6
758,0.5796585559844969,1.2203414,1.7999999999999998
759,0.9688545227050778,13.8688545,12.9
760,3.179199504852294,7.8791995,4.700000000000001
761,0.47322349548339826,4.1732235,3.7
762,1.5401973724365234,9.040197,7.5
763,0.2631418228149407,9.063142,8.8
764,0.009739255905151012,1.0902607,1.0999999999999996
765,1.3165678977966309,5.316568,4.0
766,0.6468626022338864,9.546863,8.9
767,0.08524565696716291,3.7147543,3.8
768,0.35723552703857386,11.242764,11.6
769,5.063310623168945,10.063311,5.0
770,1.2426606178283688,6.3573394,7.6
771,4.554273033142088,13.845727,18.4
772,4.234209823608399,10.56579,14.8
773,2.289659929275513,3.41034,5.7
774,0.20354127883911133,4.2035413,4.0
775,0.6745019912719723,6.574502,5.9
776,0.4013370513916019,8.498663,8.9
777,2.9669517517089847,5.9330482,8.9
778,0.9179440021514891,1.882056,2.8
779,1.0107012748718258,5.4107013,4.4
780,0.12906017303466832,6.27094,6.4
781,1.1776273727417,11.622373,12.8
782,0.3203977584838871,7.9203978,7.6
783,1.741412258148193,4.6414123,2.9000000000000004
784,11.703255081176756,7.196745,18.9
785,0.4728315353393562,12.327168,12.8
786,1.9550135135650635,2.5449865,4.5
787,4.603490638732911,15.196509,19.8
788,2.239812660217286,12.560187,14.8
789,5.445264530181884,5.7547355,11.2
790,0.7321071147918703,2.467893,3.2
791,6.388666725158691,9.288667,2.9000000000000004
792,0.12518672943115217,7.1748133,7.3
793,1.2358568191528319,4.064143,5.3
794,0.8812419891357424,6.181242,5.3
795,0.1224418640136733,18.522442,18.4
796,8.668104362487792,12.968104,4.3
797,0.8546823501586918,13.454682,12.6
798,0.5771293640136719,10.922871,11.5
799,3.3270008087158196,6.872999,10.2
800,2.424060821533204,4.924061,2.499999999999999
801,2.7098472595214833,7.4098473,4.700000000000001
802,2.221834659576416,6.2781653,8.5
803,0.8113447189331051,10.288655,11.1
804,2.935304880142212,1.0646951,4.0
805,0.002942466735840199,9.602942,9.6
806,5.4129714012146,4.4870286,9.9
807,4.1234588623046875,11.623459,7.5
808,0.8010509490966804,9.001051,8.2
809,0.8426473617553718,11.542647,10.7
810,5.142041397094726,9.057959,14.2
811,2.461820030212401,15.43818,17.9
812,2.997621250152588,5.2976213,2.3
813,0.4703502655029297,4.5296497,5.0
814,1.316183090209961,10.183817,11.5
815,0.006896114349364879,7.593104,7.6
816,0.7569515228271477,10.0569515,9.3
817,8.435393857955933,1.3646061,9.8
818,1.3612989425659183,8.961299,7.6
819,3.466611242294311,2.1333888,5.6
820,0.15063791275024396,5.149362,5.3
821,1.904247748851776,0.89575225,2.8
822,4.494380950927734,11.994381,7.5
823,0.574152565002441,10.025847,10.6
824,3.7840967178344727,7.2159033,11.0
825,6.43189811706543,13.931898,7.5
826,1.817403030395508,4.617403,2.8
827,1.9235900878906254,4.97641,6.9
828,1.8482791900634759,10.648279,8.8
829,0.5628902435302736,7.3628902,6.8
830,3.3371718406677253,6.962828,10.3
831,1.6082365036010744,6.9082365,5.3
832,2.348272228240967,7.551728,9.9
833,1.8061672210693356,10.706167,8.9
834,2.0111229896545417,6.288877,8.3
835,2.7307296752929684,6.8692703,9.6
836,2.1965749263763428,1.8034251,4.0
837,5.455712890625,11.855713,6.4
838,1.3239639759063717,2.276036,3.5999999999999996
839,0.46054472923278844,3.0605447,2.5999999999999996
840,0.38191123008728045,3.3180888,3.7
841,0.9855865955352785,2.2144134,3.2
842,2.536770439147949,4.4367704,1.9000000000000004
843,2.421834182739257,6.778166,9.2
844,0.5075010299682621,9.892499,10.4
845,1.6613754272460923,16.238625,17.9
846,1.5695438385009766,4.569544,3.0
847,0.5747615814208977,13.374762,12.8
848,3.3884521484374996,6.211548,9.6
849,1.43160457611084,6.2316046,4.8
850,2.186776113510132,3.486776,1.2999999999999998
851,3.0637388706207274,3.7362611,6.8
852,3.2794813156127915,15.120519,18.4
853,0.6517226696014404,3.3482773,4.0
854,1.0514987945556644,8.848501,9.9
855,0.1539346694946282,8.453935,8.3
856,3.595972633361816,10.495973,6.9
857,1.5296518325805657,11.329652,9.8
858,1.0786819458007812,8.078682,7.0
859,2.316226768493652,10.016227,7.7
860,2.115044021606444,16.784956,18.9
861,2.570994186401368,11.270994,8.7
862,0.043469047546386363,6.943469,6.9
863,6.910629653930664,8.51063,1.5999999999999996
864,1.2629852294921875,11.737015,13.0
865,1.0217115402221673,10.321712,9.3
866,0.9019609451293942,11.801961,10.9
867,3.082658195495606,8.182658,5.1
868,1.1657388687133787,7.365739,6.2
869,2.1243368148803707,8.024337,5.9
870,3.3383284568786618,6.7383285,3.4000000000000004
871,1.4449537277221687,13.355046,14.8
872,2.118730449676514,5.2187304,3.0999999999999996
873,0.2932895660400394,9.10671,9.4
874,1.0663052558898922,3.9663053,2.9000000000000004
875,0.221211624145508,5.5212116,5.3
876,3.7825794219970703,8.282579,4.5
877,1.3768769264221188,5.223123,6.6
878,0.08572149276733398,5.5857215,5.5
879,1.2553937435150146,2.7446063,4.0
880,0.8725508213043209,1.7274492,2.5999999999999996
881,3.8671182632446293,8.532882,12.4
882,0.8023063659667962,9.602306,8.8
883,1.4286739349365227,14.228674,12.8
884,1.091343116760254,6.391343,5.3
885,2.3433998107910163,5.9566,8.3
886,1.7425558090209954,8.457444,10.2
887,0.46234607696533203,6.537654,7.0
888,0.0850484848022468,9.7149515,9.8
889,1.7153028488159183,11.315303,9.6
890,1.9945497512817383,8.50545,10.5
891,4.067662620544434,8.332337,12.4
892,1.6029438972473153,4.102944,2.499999999999999
893,3.9920619964599595,13.907938,17.9
894,3.7599304199218757,9.04007,12.8
895,0.8767228603363035,1.4232771,2.3
896,3.182412242889404,5.0824122,1.9000000000000004
897,1.887142848968506,7.187143,5.3
898,2.7326721191406254,4.332672,1.5999999999999996
899,0.3949243068695072,3.4949243,3.0999999999999996
900,0.6624157905578612,4.637584,5.3
901,5.716264343261718,8.616264,2.9000000000000004
902,0.5100921630859379,6.110092,5.6
903,0.63936448097229,3.3606355,4.0
904,5.488663387298583,6.7113366,12.2
905,1.2490613937377928,4.9490614,3.7
906,4.853710937500001,8.946289,13.8
907,0.049574851989746094,8.549575,8.5
908,0.030639934539794744,5.26936,5.3
909,1.6032066345214844,9.896793,11.5
910,4.899767684936524,16.599768,11.7
911,0.7873563766479492,11.212644,12.0
912,0.38127346038818377,4.1812735,3.8
913,1.0766574859619151,4.3766575,3.299999999999999
914,3.578582763671876,6.078583,2.499999999999999
915,0.009467697143554332,9.590532,9.6
916,0.6317026615142822,3.3682973,4.0
917,0.6310597419738766,3.9689403,4.6
918,0.7133713245391844,3.0866287,3.8
919,5.007611465454102,6.8076115,1.7999999999999998
920,1.0337173461914055,10.333717,9.3
921,6.343709564208986,10.25629,16.6
922,0.8637268066406243,13.163727,12.3
923,1.5055640220642088,5.294436,6.8
924,2.416134834289551,10.583865,13.0
925,0.8710334777832038,13.5710335,12.7
926,5.211212062835694,5.688788,10.9
927,4.783576011657715,5.716424,10.5
928,2.784035158157349,2.9159648,5.7
929,0.7870100021362303,7.48701,6.7
930,0.1347574710845949,2.5652425,2.7
931,3.1872560501098626,9.512744,12.7
932,2.448152017593384,3.251848,5.7
933,2.3893689155578617,7.510631,9.9
934,1.723905563354493,4.2239056,2.499999999999999
935,0.18396530151367152,10.083965,9.9
936,0.11621475219726562,6.8837852,7.0
937,1.9931397438049316,5.0068603,7.0
938,2.3940063476562496,11.705994,14.1
939,1.1881189346313477,6.688119,5.5
940,0.13281288146972692,11.232813,11.1
941,0.41995010375976705,18.31995,17.9
942,0.19275913238525355,9.407241,9.6
943,1.435391139984131,6.264609,7.7
944,2.184109020233154,5.615891,7.8
945,0.4816833019256581,2.8183167,3.299999999999999
946,0.5458555221557617,8.0458555,7.5
947,8.385518980026244,1.814481,10.2
948,5.433014488220216,10.6669855,16.1
949,1.273379850387573,3.9733799,2.7
950,0.7837110519409176,10.816289,11.6
951,0.869597244262696,18.930403,19.8
952,4.699152994155884,-1.899153,2.8
953,1.3489473342895506,5.0489473,3.7
954,2.251790618896484,8.151791,5.9
955,0.5078556895256039,0.5921443,1.0999999999999996
956,3.1406778335571275,14.759322,17.9
957,2.5004377365112305,9.000438,6.5
958,4.761298751831056,16.838701,21.6
959,0.11863584518432635,6.081364,6.2
960,1.9466197013854982,4.7466197,2.8
961,0.8593511581420898,6.359351,5.5
962,0.3101694107055657,9.889831,10.2
963,0.9884764671325685,4.7884765,3.8
964,0.1375259399414066,5.737526,5.6
965,2.9845675468444828,5.0845675,2.0999999999999996
966,1.8448791027069094,2.644879,0.7999999999999998
967,0.13342123031616193,6.666579,6.8
968,2.1226406574249257,1.1773593,3.299999999999999
969,1.1450614929199219,6.6450615,5.5
970,2.8232555389404297,10.176744,13.0
971,1.2279598236083986,5.47204,6.7
972,1.9625326156616207,9.137467,11.1
973,9.076343154907226,14.976343,5.9
974,0.6573635101318356,9.0573635,8.4
975,0.5532952785491947,3.3467047,3.9000000000000004
976,0.3791017532348633,9.620898,10.0
977,1.739778137207031,10.139778,8.4
978,1.5467427253723134,6.2467427,4.700000000000001
979,1.1792341232299801,9.079234,7.9
980,7.235913467407226,19.035913,11.8
981,0.6817906379699705,4.1182094,4.8
982,0.30520257949829066,4.2052026,3.9000000000000004
983,0.915080642700195,12.815081,11.9
984,3.098413038253784,3.701587,6.8
985,2.3957958221435547,9.395796,7.0
986,2.9799903392791744,2.1200097,5.1
987,3.3889150619506836,7.111085,10.5
988,5.0885360717773445,14.711464,19.8
989,0.5874288558959959,4.287429,3.7
990,0.33898549079895,2.4610145,2.8
991,0.8889488220214847,8.011051,8.9
992,7.697234344482421,19.497234,11.8
993,2.8038329124450687,7.403833,4.6
994,3.8480447769165043,8.448045,4.6
995,1.5469917297363285,7.6469917,6.1
996,0.39244761466980016,2.4924476,2.0999999999999996
997,4.084952926635744,17.515047,21.6
998,4.22487244606018,3.3751276,7.6
999,0.5828253746032717,7.3828254,6.8
1000,1.4963764190673832,4.9036236,6.4
1001,2.978594398498535,7.6214056,10.6
1002,0.275101280212402,7.1751013,6.9
1003,0.6434893608093262,5.6434894,5.0
1004,4.2930027008056655,17.306997,21.6
1005,0.32778406143188477,6.672216,7.0
1006,0.016720294952392578,6.0167203,6.0
1007,2.5473506450653076,2.4526494,5.0
1008,3.027901458740235,10.772099,13.8
1009,6.1144403457641605,11.21444,5.1
1010,1.3038261413574226,14.496174,15.8
1011,0.032699489593506215,5.1326995,5.1
1012,0.6333591938018808,3.1333592,2.499999999999999
1013,0.9189052581787109,8.418905,7.5
1014,0.3251432418823246,6.9251432,6.6
1015,1.2749539852142338,2.625046,3.9000000000000004
1016,3.7646909713745114,7.335309,11.1
1017,1.4047662734985344,11.204766,9.8
1018,1.439036560058593,11.239037,9.8
1019,0.42178764343261754,5.0217876,4.6
1020,0.39609527587890625,5.8960953,5.5
1021,2.5799127578735357,3.9799128,1.3999999999999995
1022,7.884607696533202,10.515392,18.4
1023,3.20480523109436,3.3951948,6.6
1024,4.1449041843414305,3.1550958,7.3
1025,2.039468383789062,10.939468,8.9
1026,1.7715488433837887,10.171549,8.4
1027,1.3479651451110843,3.9479651,2.5999999999999996
1028,3.1145910263061527,9.214591,6.1
1029,5.135792827606201,6.035793,0.9000000000000004
1030,2.0500097274780273,4.4499903,6.5
1031,2.9937500000000004,6.90625,9.9
1032,2.144460380077362,0.8555396,3.0
1033,9.171639823913575,10.27164,1.0999999999999996
1034,0.9179319381713871,12.017932,11.1
1035,1.6784565448760986,3.3215435,5.0
1036,1.5972364425659187,6.7027636,8.3
1037,3.8125161170959476,7.912516,4.1
1038,0.5859401702880866,11.28594,10.7
1039,4.221020698547363,8.221021,4.0
1040,1.811449337005615,5.4885507,7.3
1041,1.664144134521484,4.564144,2.9000000000000004
1042,0.8146211624145501,9.385379,10.2
1043,1.7317490577697754,5.731749,4.0
1044,1.8327211380004886,5.067279,6.9
1045,1.0487867355346676,6.5512133,7.6
1046,1.4951499938964847,7.90485,9.4
1047,1.6801391601562496,12.080139,10.4
1048,0.07915315628051722,6.520847,6.6
1049,2.0448229789733876,6.744823,4.700000000000001
1050,3.967859458923339,13.267859,9.3
1051,1.8996715545654297,4.1003284,6.0
1052,0.673646783828735,3.5736468,2.9000000000000004
1053,0.8710271358489994,2.5289729,3.4000000000000004
1054,0.9057110786437992,5.994289,6.9
1055,3.6818670272827134,15.218133,18.9
1056,0.9702785968780514,1.1297214,2.0999999999999996
1057,0.549143981933593,16.349144,15.8
1058,2.8407639503479007,4.940764,2.0999999999999996
1059,3.9611288070678707,15.861129,11.9
1060,1.2645728111267083,6.935427,8.2
1061,1.21519980430603,3.3848002,4.6
1062,0.3994747638702396,2.9994748,2.5999999999999996
1063,0.07020740509033274,8.770207,8.7
1064,1.24550838470459,6.5455084,5.3
1065,3.5714136123657223,10.471414,6.9
1066,1.5750831604003892,17.324917,18.9
1067,0.9097652435302734,7.5902348,8.5
1068,0.8116508007049559,1.5116508,0.7000000000000002
1069,0.21257896423339773,10.512579,10.3
1070,0.946641826629639,7.953358,8.9
1071,2.6065675735473635,9.906568,7.3
1072,0.9288603782653801,7.2711396,8.2
1073,0.27782430648803746,6.6221757,6.9
1074,0.37904729843139684,7.9790473,7.6
1075,2.3453756332397457,9.245376,6.9
1076,1.4850708007812496,7.385071,5.9
1077,0.05626621246337926,9.843734,9.9
1078,0.263403129577636,9.936597,10.2
1079,1.5627738952636712,10.862774,9.3
1080,2.5886291503906254,9.811371,12.4
1081,2.340050601959229,6.9400506,4.6
1082,0.9290176391601559,11.829018,10.9
1083,3.790067100524901,15.109933,18.9
1084,1.8835388183593746,5.716461,7.6
1085,0.8397758483886726,10.960224,11.8
1086,0.1930532455444336,11.193053,11.0
1087,0.8873555183410646,4.8126445,5.7
1088,3.116049575805664,8.31605,5.2
1089,0.14012374877929545,18.759876,18.9
1090,1.0486112594604489,7.9486113,6.9
1091,0.7816780090332021,5.481678,4.700000000000001
1092,2.0902168273925774,11.890217,9.8
1093,0.3483491897583004,12.248349,11.9
1094,1.2199704170227053,7.5199704,6.3
1095,0.2054477691650387,10.105448,9.9
1096,1.4283573150634759,11.728357,10.3
1097,4.191604375839233,3.3083956,7.5
1098,0.4180632591247555,5.6819367,6.1
1099,1.2778594493865976,3.7778594,2.499999999999999
1100,1.1911808967590334,4.008819,5.2
1101,2.526685905456543,7.826686,5.3
1102,2.609312820434571,17.190687,19.8
1103,1.3859502792358391,10.68595,9.3
1104,1.02785415649414,16.827854,15.8
1105,0.05692768096923828,8.943072,9.0
1106,2.2632205963134773,10.536779,12.8
1107,1.606523561477661,2.1934764,3.8
1108,0.3873422622680671,8.587342,8.2
1109,2.3226610183715817,5.722661,3.4000000000000004
1110,1.557015371322632,3.8570154,2.3
1111,7.136099863052369,2.6639001,9.8
1112,1.5682806968688965,7.0682807,5.5
1113,4.809004974365234,12.390995,17.2
1114,0.06337203979492223,7.663372,7.6
1115,2.8242843627929695,16.975716,19.8
1116,0.4952377319335941,11.404762,11.9
1117,2.6848731994628903,9.084873,6.4
1118,10.181046199798583,7.018954,17.2
1119,1.1668407320976257,-0.16684073,1.0
1120,3.9278015136718754,9.0278015,5.1
1121,1.989930200576782,2.8100698,4.8
1122,0.8774454116821291,8.177445,7.3
1123,0.48166098594665563,3.418339,3.9000000000000004
1124,2.7467486381530763,4.9532514,7.7
1125,2.748007202148438,4.151993,6.9
1126,2.671497344970703,8.671497,6.0
1127,2.6212917327880856,8.521292,5.9
1128,1.4101078033447267,8.210108,6.8
1129,2.6443692207336422,6.044369,3.4000000000000004
1130,3.580097579956055,6.6800976,3.0999999999999996
1131,2.5735637664794915,12.873564,10.3
1132,1.3797198772430423,2.0202801,3.4000000000000004
1133,0.028402137756348367,8.728402,8.7
1134,1.274119567871094,4.0741196,2.8
1135,2.5182680130004886,12.118268,9.6
1136,2.4790163040161133,9.979016,7.5
1137,5.363147497177124,2.6368525,8.0
1138,7.688620758056641,10.488621,2.8
1139,3.0907899856567376,13.60921,16.7
1140,3.155831909179687,9.055832,5.9
1141,1.512163066864014,5.387837,6.9
1142,2.7914958000183114,5.291496,2.499999999999999
1143,1.2639198303222656,8.26392,7.0
1144,2.109913778305054,1.0900862,3.2
1145,0.295638465881348,9.104362,9.4
1146,2.4177526473999027,8.982247,11.4
1147,0.8417370796203612,4.458263,5.3
1148,0.5714090347290046,10.228591,10.8
1149,0.6241447448730462,10.575855,11.2
1150,0.370674419403076,4.0706744,3.7
1151,0.28156871795654226,11.081569,10.8
1152,0.48854045867919904,6.8114595,7.3
1153,0.8318895339965824,7.0681105,7.9
1154,0.8774290084838867,11.877429,11.0
1155,4.4088703155517575,10.80887,6.4
1156,1.0631889343261722,7.336811,8.4
1157,0.9909755706787102,10.290976,9.3
1158,0.15555706024169957,7.755557,7.6
1159,0.385839653015136,9.68584,9.3
1160,0.8445018768310533,17.055498,17.9
1161,1.9012798309326158,16.99872,18.9
1162,5.573671340942383,15.573671,10.0
1163,0.5151121139526369,5.815112,5.3
1164,1.1840466499328617,5.2840466,4.1
1165,3.4869588851928714,11.086959,7.6
1166,1.2587848663330075,4.158785,2.9000000000000004
1167,0.6542333602905277,10.254233,9.6
1168,2.4791788101196293,11.079179,8.6
1169,3.571611976623535,10.471612,6.9
1170,3.3298885345458986,9.129889,5.8
1171,1.3804867267608643,2.6195133,4.0
1172,2.9545057296752937,11.154506,8.2
1173,1.628144693374634,3.4281447,1.7999999999999998
1174,0.5017576217651367,5.9982424,6.5
1175,3.3755090713500984,12.424491,15.8
1176,3.4873406410217287,4.7873406,1.2999999999999998
1177,3.070676803588867,12.929323,16.0
1178,2.564392471313477,10.164392,7.6
1179,1.2722937583923342,6.0722938,4.8
1180,0.5058471679687493,7.694153,8.2
1181,1.0751470565795902,14.175147,13.1
1182,2.0216974258422855,6.6216974,4.6
1183,0.6093006134033203,10.890699,11.5
1184,0.6370207309722904,1.7629793,2.4000000000000004
1185,1.2222966194152836,5.1777034,6.4
1186,2.012144088745117,8.487856,10.5
1187,0.7300067901611325,5.869993,6.6
1188,10.241607666015625,11.241608,1.0
1189,0.5978994369506836,8.902101,9.5
1190,1.2012351989746097,11.801235,10.6
1191,2.749479293823242,5.2505207,8.0
1192,0.9356786727905266,9.764321,10.7
1193,1.1837945938110348,13.416205,14.6
1194,0.562939071655272,22.16294,21.6
1195,1.8632097244262695,7.3632097,5.5
1196,5.824771881103516,6.824772,1.0
1197,0.16456298828124982,5.135437,5.3
1198,1.059114170074463,5.640886,6.7
1199,13.53147373199463,8.068526,21.6
1200,4.910379314422608,5.4896207,10.4
1201,3.592285919189454,9.207714,12.8
1202,1.727671813964844,6.527672,4.8
1203,0.7125760078430172,7.612576,6.9
1204,2.711346054077149,6.811346,4.1
1205,2.4520652770996083,7.1520653,4.700000000000001
1206,1.3345043182373049,8.134504,6.8
1207,5.799757945537567,-0.49975795,5.3
1208,6.21747703552246,12.482523,18.7
1209,0.2803752899169929,8.980375,8.7
1210,0.31188697814941424,4.111887,3.8
1211,0.618729209899902,9.518729,8.9
1212,3.3109137535095208,4.8890862,8.2
1213,0.4456045150756829,10.2543955,10.7
1214,2.1479677200317386,9.747968,7.6
1215,2.0029703140258786,9.09703,11.1
1216,0.2572749137878416,5.042725,5.3
1217,1.3483229637145993,4.748323,3.4000000000000004
1218,4.513922023773193,5.213922,0.7000000000000002
1219,1.5662654876708988,6.1662655,4.6
1220,4.4486621737480165,-0.7486622,3.7
1221,3.0991260528564455,10.399126,7.3
1222,2.4363912582397464,9.963609,12.4
1223,3.3338914871215817,9.2338915,5.9
1224,0.5513589859008787,5.748641,6.3
1225,0.00041160583496058223,11.900412,11.9
1226,3.602232646942139,4.9022326,1.2999999999999998
1227,3.8770749092102044,7.822925,11.7
1228,0.06623511314392072,3.733765,3.8
1229,3.2735597610473626,15.57356,12.3
1230,1.1352775573730476,18.664722,19.8
1231,0.3053348541259773,10.005335,9.7
1232,1.720073318481445,10.120073,8.4
1233,1.2709823608398434,7.1709824,5.9
1234,1.268229293823243,18.53177,19.8
1235,10.078268480300903,1.1217315,11.2
1236,0.14351348876953196,9.6564865,9.8
1237,3.767185306549072,4.1671853,0.40000000000000036
1238,1.2208801269531246,5.37912,6.6
1239,1.0585840225219734,8.741416,9.8
1240,0.02586383819580096,5.674136,5.7
1241,1.8069859504699703,7.706986,5.9
1242,1.0491860866546627,3.949186,2.9000000000000004
1243,2.881022262573242,9.581022,6.7
1244,0.6018378257751467,4.401838,3.8
1245,1.6970408439636238,7.102959,8.8
1246,1.9219516754150394,8.021952,6.1
1247,2.545634460449218,8.654366,11.2
1248,1.1428648948669426,7.557135,8.7
1249,3.385461235046387,9.014539,12.4
1250,1.9593198776245124,11.15932,9.2
1251,0.37491254806518537,6.9250875,7.3
1252,4.974919509887695,13.7250805,18.7
1253,2.246769523620605,8.85323,11.1
1254,1.759627723693848,14.359628,12.6
1255,2.3221555709838864,8.777844,11.1
1256,0.8602690219879161,3.839731,4.700000000000001
1257,0.24738559722900355,5.6473856,5.4
1258,4.705494546890259,-1.8054945,2.9000000000000004
1259,0.5773669242858883,6.477367,5.9
1260,0.2025013923645016,6.1025014,5.9
1261,7.302180671691893,11.097819,18.4
1262,1.1524930953979489,7.052493,5.9
1263,1.8782169342041009,17.678217,15.8
1264,2.5224100112915036,11.42241,8.9
1265,1.5100994110107422,7.5100994,6.0
1266,2.240526485443115,5.4405265,3.2
1267,2.3575402177870277,0.042459782,2.4000000000000004
1268,4.129115390777588,4.3291154,0.20000000000000018
1269,2.8274984836578367,1.9725015,4.8
1270,0.5507117748260502,2.3492882,2.9000000000000004
1271,0.26313991546630877,6.06314,5.8
1272,3.0398216247558594,4.9601784,8.0
1273,2.230561828613281,10.630562,8.4
1274,0.04112834930419851,9.658872,9.7
1275,6.411209869384766,18.11121,11.7
1276,1.3638203620910634,6.0638204,4.700000000000001
1277,1.1449758529663079,11.944976,10.8
1278,0.32860813140869105,8.271392,8.6
1279,0.5769950866699212,9.876995,9.3
1280,2.253567409515381,7.5535674,5.3
1281,1.1092171669006348,7.390783,8.5
1282,0.6607779979705812,2.960778,2.3
1283,4.7827118873596195,7.617288,12.4
1284,2.4321464538574222,12.032146,9.6
1285,1.9310003280639645,7.8310003,5.9
1286,1.7321565628051765,11.067843,12.8
1287,0.9523979187011715,7.852398,6.9
1288,1.4245809555053714,8.024581,6.6
1289,2.543455505371094,15.1434555,12.6
1290,7.666908264160156,11.166908,3.5
1291,0.35630779266357493,11.056308,10.7
1292,3.678400230407715,8.9784,5.3
1293,9.398294830322264,9.001705,18.4
1294,2.793611860275268,2.8063881,5.6
1295,2.301203346252441,10.701203,8.4
1296,2.116353607177734,8.016354,5.9
1297,5.1411613464355455,13.258839,18.4
1298,1.1338493347167962,16.93385,15.8
1299,4.019882583618164,8.380117,12.4
1300,0.19640007019043004,11.7036,11.9
1301,6.554030990600587,15.045969,21.6
1302,0.0839442729949953,2.6160557,2.7
1303,0.6566658020019531,5.343334,6.0
1304,0.23894271850585902,8.361057,8.6
1305,0.9061393737792969,6.5938606,7.5
1306,3.719402694702149,8.680597,12.4
1307,6.289696550369262,1.3103034,7.6
1308,3.4975322723388675,10.097532,6.6
1309,1.1724364280700685,6.4724364,5.3
1310,0.0010723114013675428,8.398928,8.4
1311,2.2958706378936764,2.6958706,0.40000000000000036
1312,3.29038314819336,16.509617,19.8
1313,1.6320219993591305,5.967978,7.6
1314,4.526799106597901,5.373201,9.9
1315,3.992123699188232,7.8921237,3.9000000000000004
1316,0.7067060470581055,8.793294,9.5
1317,2.243153762817382,14.456846,16.7
1318,0.43187952041625977,4.4318795,4.0
1319,1.973946380615235,10.826054,12.8
1320,1.0361591339111325,5.063841,6.1
1321,0.7589623928070068,3.2410376,4.0
1322,0.636728668212891,9.263271,9.9
1323,1.0290845870971683,8.629085,7.6
1324,4.36149787902832,11.861498,7.5
1325,0.22213582992553693,5.922136,5.7
1326,4.353962886333465,0.9460371,5.3
1327,1.5671705245971683,8.167171,6.6
1328,0.44574770927429164,2.1542523,2.5999999999999996
1329,1.1325498104095457,2.6674502,3.8
1330,1.7245446681976322,2.6754553,4.4
1331,0.1661090850830078,6.666109,6.5
1332,2.383560752868652,10.783561,8.4
1333,4.642354583740234,13.542355,8.9
1334,2.646581840515136,11.446582,8.8
1335,3.084607315063476,14.884607,11.8
1336,6.002204513549804,11.9022045,5.9
1337,0.39375143051147443,4.9062486,5.3
1338,3.2143551826477044,5.985645,9.2
1339,0.8066309928894047,5.593369,6.4
1340,3.153824806213379,4.153825,1.0
1341,0.6295083999633793,6.7295084,6.1
1342,1.5755170822143558,5.324483,6.9
1343,0.3505923271179201,5.6505923,5.3
1344,8.111836242675782,19.811836,11.7
1345,1.631628704071045,6.4316287,4.8
1346,1.2347746849060055,7.6347747,6.4
1347,0.48694419860839844,7.486944,7.0
1348,3.1664812088012697,8.966481,5.8
1349,4.607704544067381,14.292295,18.9
1350,1.381196594238281,10.218803,11.6
1351,1.346644639968872,2.6533554,4.0
1352,2.934048271179199,11.834048,8.9
1353,2.500422239303589,2.4995778,5.0
1354,0.9606900215148926,6.53931,7.5
1355,2.40455322265625,6.104553,3.7
1356,1.5118053436279304,6.7881947,8.3
1357,1.9322226524353034,7.8677773,9.8
1358,0.6269145965576186,23.026915,22.4
1359,1.9160905838012692,5.6839094,7.6
1360,1.2983258247375487,3.9983258,2.7
1361,0.37040905952453596,3.570409,3.2
1362,3.0508495330810543,10.95085,7.9
1363,1.9813856124877933,11.581386,9.6
1364,1.3230069160461424,4.023007,2.7
1365,0.40887479782104386,5.108875,4.700000000000001
1366,3.9050135612487793,4.9050136,1.0
1367,0.5269832611083984,7.9730167,8.5
1368,1.5778827667236328,5.922117,7.5
1369,7.637296485900879,9.3372965,1.7000000000000002
1370,0.5527519226074205,17.847248,18.4
1371,0.085426616668701,5.2145734,5.3
1372,0.7118793487548825,5.3881207,6.1
1373,1.7687210083007816,7.868721,6.1
1374,2.3525533199310305,3.1525533,0.7999999999999998
1375,0.5780020236968992,3.221998,3.8
1376,2.736148643493652,5.0638514,7.8
1377,2.1297207832336422,4.470279,6.6
1378,2.039787769317627,4.039788,2.0
1379,1.8022169113159183,6.902217,5.1
1380,1.735864067077637,4.335864,2.5999999999999996
1381,0.10345726013183665,9.696543,9.8
1382,2.4977767944335936,5.697777,3.2
1383,5.91357011795044,7.21357,1.2999999999999998
1384,1.386420726776123,5.6135793,7.0
1385,5.663019752502441,9.06302,3.4000000000000004
1386,0.8002344131469723,13.700234,12.9
1387,0.15696048736572266,6.3430395,6.5
1388,2.2089421272277825,6.991058,9.2
1389,8.15934944152832,7.8406506,16.0
1390,1.7574305534362793,7.7425694,9.5
1391,2.4394360065460203,2.360564,4.8
1392,4.09932861328125,10.999329,6.9
1393,0.29983501434326154,4.500165,4.8
1394,1.6648221015930185,4.164822,2.499999999999999
1395,1.2910328865051266,6.808967,8.1
1396,0.26314935684204066,4.6631494,4.4
1397,2.5007214546203613,4.4992785,7.0
1398,2.578258848190308,3.9782588,1.3999999999999995
1399,4.78296880722046,6.517031,11.3
1400,1.4753418445587156,3.8246582,5.3
1401,2.926708078384399,3.673292,6.6
1402,0.2954624176025398,9.504538,9.8
1403,0.6302011489868171,9.669799,10.3
1404,0.23394002914428746,7.83394,7.6
1405,1.2081493377685533,17.19185,18.4
1406,4.069797086715698,1.2302029,5.3
1407,4.537209129333496,4.062791,8.6
1408,0.6359523773193363,5.7640476,6.4
1409,1.7603801727294908,17.13962,18.9
1410,4.389503860473631,18.010496,22.4
1411,2.1701301574707035,9.72987,11.9
1412,2.4144564151763914,2.8855436,5.3
1413,3.387239456176758,9.887239,6.5
1414,2.4559558868408207,6.444044,8.9
1415,1.2783697128295906,11.52163,12.8
1416,0.9264488220214844,11.926449,11.0
1417,3.5084428787231445,11.008443,7.5
1418,3.0194608688354485,10.680539,13.7
1419,6.0805336952209466,6.6194663,12.7
1420,2.013106727600098,9.886893,11.9
1421,0.3808524131774904,5.1808524,4.8
1422,1.5902780532836918,10.309722,11.9
1423,1.5949641227722164,5.005036,6.6
1424,1.240795993804932,7.840796,6.6
1425,0.40960903167724627,5.709609,5.3
1426,0.6090635299682621,11.290936,11.9
1427,3.7650074005126957,9.865007,6.1
1428,1.7620059967041009,10.562006,8.8
1429,1.3363149642944343,11.463685,12.8
1430,1.1523166656494155,14.947683,16.1
1431,4.0693434715271,6.1693435,2.0999999999999996
1432,0.3544975280761715,6.7544975,6.4
1433,1.0323606014251707,2.7676394,3.8
1434,0.7563430786132805,7.443657,8.2
1435,2.489765548706055,7.4102345,9.9
1436,2.100784206390381,7.200784,5.1
1437,1.0395066261291506,6.3395066,5.3
1438,3.5436090469360355,5.643609,2.0999999999999996
1439,0.4254180908203118,9.225418,8.8
1440,0.4349945068359382,11.6349945,11.2
1441,1.8143252372741703,7.085675,8.9
1442,1.72258415222168,10.177416,11.9
1443,4.15029821395874,6.050298,1.9000000000000004
1444,6.070877265930175,6.6291227,12.7
1445,0.9614833831787113,11.561483,10.6
1446,3.19169511795044,6.291695,3.0999999999999996
1447,2.8052049636840817,11.705205,8.9
1448,0.9044618129730226,2.7044618,1.7999999999999998
1449,2.8737770080566403,7.773777,4.9
1450,1.601816558837891,6.7018166,5.1
1451,3.0197442054748533,5.719744,2.7
1452,2.962730026245117,9.86273,6.9
1453,2.2213282585144043,6.2213283,4.0
1454,5.83005428314209,5.1699457,11.0
1455,1.5864612579345696,11.386461,9.8
1456,0.8897702693939209,3.6102297,4.5
1457,3.407131767272949,10.307132,6.9
1458,1.270161056518555,8.129839,9.4
1459,2.0393080711364746,5.960692,8.0
1460,3.998796653747558,14.701203,18.7
1461,2.4368307113647454,12.236831,9.8
1462,4.16781177520752,8.232188,12.4
1463,0.010010910034178977,12.810011,12.8
1464,0.030083847045897727,9.830084,9.8
1465,5.910921096801758,9.910921,4.0
1466,2.0619568824768066,7.438043,9.5
1467,1.7974789142608643,2.202521,4.0
1468,0.14935698509216344,1.749357,1.5999999999999996
1469,7.375476074218749,5.324524,12.7
1470,0.7902124404907234,9.009788,9.8
1471,0.06275520324706996,5.037245,5.1
1472,2.014996719360351,14.314997,12.3
1473,4.745522689819335,20.545523,15.8
1474,5.1984897613525405,23.59849,18.4
1475,0.223897171020508,5.023897,4.8
1476,2.1894466400146486,7.4894466,5.3
1477,2.6058764457702637,7.6058764,5.0
1478,2.0688930511474606,10.968893,8.9
1479,0.7142233371734621,2.5142233,1.7999999999999998
1480,5.061884117126464,14.361884,9.3
1481,4.404974746704102,10.395025,14.8
1482,0.9101452827453613,6.0898547,7.0
1483,3.2486677169799805,10.748668,7.5
1484,2.6777655601501467,5.0222344,7.7
1485,3.0619280338287354,3.561928,0.5
1486,2.6151298522949222,6.78487,9.4
1487,0.7905820846557621,11.390582,10.6
1488,2.5639484405517585,12.263948,9.7
1489,5.699306869506836,5.700693,11.4
1490,1.9024061203002933,4.002406,2.0999999999999996
1491,1.916926002502441,11.183074,13.1
1492,7.309051084518433,2.490949,9.8
1493,0.8542827606201175,8.454283,7.6
1494,3.6609218597412116,11.139078,14.8
1495,0.7881113529205326,2.3881114,1.5999999999999996
1496,1.7169258117675774,11.516926,9.8
1497,1.440182399749756,5.2598176,6.7
1498,0.9535033702850342,3.0464966,4.0
1499,2.797275638580322,6.1972756,3.4000000000000004
1500,1.3308549880981442,7.230855,5.9
1501,0.09118261337280309,7.6911826,7.6
1502,0.6374233245849608,6.1625767,6.8
1503,0.537567138671875,10.037567,9.5
1504,1.9851321697235118,2.7148678,4.700000000000001
1505,0.8093616008758548,1.5906384,2.4000000000000004
1506,1.4508977890014645,9.649102,11.1
1507,1.0444641590118406,3.7444642,2.7
1508,0.5348475933074948,2.4348476,1.9000000000000004
1509,0.9926471710205078,14.507353,15.5
1510,4.823004150390625,8.423004,3.5999999999999996
1511,1.6378890037536618,5.962111,7.6
1512,3.4851468086242674,6.185147,2.7
1513,2.291537189483643,6.391537,4.1
1514,0.22185678482055682,4.021857,3.8
1515,0.5141317367553704,12.314132,11.8
1516,1.1938677787780758,6.406132,7.6
1517,2.569252204895019,6.630748,9.2
1518,1.4915697097778313,11.29157,9.8
1519,0.3369991302490227,9.363001,9.7
1520,2.220199489593506,4.6798005,6.9
1521,0.8174354553222649,16.617435,15.8
1522,0.5296593666076657,5.0703406,5.6
1523,8.773223304748534,10.126777,18.9
1524,1.207730388641357,6.3922696,7.6
1525,1.0599357604980462,8.140064,9.2
1526,2.982332229614258,10.017668,13.0
1527,4.270134353637696,9.370134,5.1
1528,3.056729269027711,1.6432707,4.700000000000001
1529,8.19402847290039,5.9059715,14.1
1530,1.1926591873168952,9.607341,10.8
1531,1.1792700767517088,4.12073,5.3
1532,1.3475637435913086,9.652436,11.0
1533,1.2953184127807624,14.504682,15.8
1534,2.5161785125732425,9.8838215,12.4
1535,1.7852841377258297,4.185284,2.4000000000000004
1536,2.213449478149414,9.7865505,12.0
1537,2.7675830841064446,14.432417,17.2
1538,0.7883068561553959,2.8883069,2.0999999999999996
1539,1.3552657127380368,5.2447343,6.6
1540,3.6437392234802246,6.856261,10.5
1541,2.4039186477661136,8.496081,10.9
1542,2.5954051971435543,11.495405,8.9
1543,3.094229125976561,19.30577,22.4
1544,1.0361764907836912,4.7361765,3.7
1545,1.4658157348632805,8.734184,10.2
1546,0.9538389682769779,2.446161,3.4000000000000004
1547,3.083770370483398,9.48377,6.4
1548,0.41252841949462926,6.4874716,6.9
1549,2.880050086975098,7.01995,9.9
1550,0.4004098892211907,13.20041,12.8
1551,0.011501502990722834,4.8115015,4.8
1552,3.130942916870117,9.530943,6.4
1553,6.576405143737793,15.476405,8.9
1554,1.924731445312501,5.2247314,3.299999999999999
1555,3.9673443794250485,5.8673444,1.9000000000000004
1556,0.19787201881408656,2.402128,2.5999999999999996
1557,1.330201721191406,7.2302017,5.9
1558,0.5019897460937504,11.60199,11.1
1559,1.4839040756225579,10.783904,9.3
1560,3.544510078430175,9.15549,12.7
1561,4.21278190612793,6.212782,2.0
1562,4.737391376495362,7.1626086,11.9
1563,0.7396443367004393,6.5603557,7.3
1564,2.0882799148559563,7.61172,9.7
1565,1.091829001903534,0.408171,1.5
1566,2.6272565841674806,6.4272566,3.8
1567,2.1765340805053714,9.276534,7.1
1568,0.1433376312255863,11.756662,11.9
1569,1.6586971282958984,5.841303,7.5
1570,1.0252826690673835,8.274717,9.3
1571,5.692655563354492,12.807344,18.5
1572,1.707605934143066,9.607606,7.9
1573,2.513164138793945,8.913164,6.4
1574,2.797837638854981,6.6021624,9.4
1575,2.377578926086426,8.177579,5.8
1576,3.0410636425018307,3.5589364,6.6
1577,0.062494754791259766,6.4375052,6.5
1578,0.23300347328186,2.1330035,1.9000000000000004
1579,2.202076721191407,7.5979233,9.8
1580,2.2216794013977053,7.5216794,5.3
1581,1.6814109802246087,11.981411,10.3
1582,5.7349288940429695,17.434929,11.7
1583,3.411487579345703,9.911488,6.5
1584,2.030325412750244,7.0303254,5.0
1585,1.1881317138671879,8.788132,7.6
1586,0.27355690002441335,16.426443,16.7
1587,2.8379782199859616,3.2379782,0.40000000000000036
1588,3.84702730178833,7.1529727,11.0
1589,3.6405210971832274,1.6594789,5.3
1590,1.7471578121185303,3.2471578,1.5
1591,2.2763839721679684,8.323616,10.6
1592,0.8149311065673821,11.885069,12.7
1593,0.4387405872344967,2.6612594,3.0999999999999996
1594,3.7560772895812997,6.2560773,2.499999999999999
1595,0.24500160217285227,19.554998,19.8
1596,0.5308204174041746,1.2691796,1.7999999999999998
1597,4.588287734985352,8.188288,3.5999999999999996
1598,0.23510632514953578,1.3648937,1.5999999999999996
1599,1.3931576728820803,5.3068423,6.7
1600,1.7319037437438967,4.5319037,2.8
1601,0.5150219917297365,7.815022,7.3
1602,1.5773259639739994,2.322674,3.9000000000000004
1603,0.5656661987304688,10.934334,11.5
1604,0.765395545959473,8.134604,8.9
1605,2.187630462646484,7.3876305,5.2
1606,0.7262595176696767,5.4262595,4.700000000000001
1607,1.4430290222167965,8.343029,6.9
1608,0.10652513504028338,6.906525,6.8
1609,1.728347206115723,9.671653,11.4
1610,2.9527648806571962,0.7472351,3.7
1611,2.6179910659790036,11.482009,14.1
1612,1.28235502243042,6.582355,5.3
1613,2.38273868560791,8.717261,11.1
1614,3.0013509750366207,9.901351,6.9
1615,1.0912952423095703,4.5912952,3.5
1616,5.03479881286621,8.165201,13.2
1617,3.0884475708007812,10.588448,7.5
1618,1.8196426868438724,2.9196427,1.0999999999999996
1619,3.784227657318115,4.0157723,7.8
1620,1.2915825843811035,4.7084174,6.0
1621,2.779485511779786,5.5205145,8.3
1622,3.60105209350586,8.198948,11.8
1623,1.974039697647095,3.0740397,1.0999999999999996
1624,0.5838357925415041,6.383836,5.8
1625,0.11823816299438494,7.418238,7.3
