,Y_pred,Y_real,Mean
0,9.35013,3.5999999999999996,5.750130081176758
1,9.174187,9.7,0.5258132934570305
2,7.4616475,5.4,2.061647510528564
3,5.5359654,6.7,1.1640345573425295
4,4.066237,0.7000000000000002,3.3662369728088377
5,7.588675,9.5,1.9113249778747559
6,8.131929,8.4,0.26807060241699254
7,11.521219,12.6,1.0787807464599606
8,5.405398,4.0,1.405397891998291
9,6.734152,6.4,0.3341518402099606
10,2.9484603,3.8,0.8515396595001219
11,3.054291,2.4000000000000004,0.6542910099029537
12,5.251118,3.0999999999999996,2.1511181831359867
13,5.8570557,2.0999999999999996,3.7570556640625004
14,8.024813,8.1,0.07518730163574183
15,4.43981,3.7,0.7398097991943358
16,8.428823,12.3,3.8711765289306648
17,9.917331,6.7,3.217330741882324
18,7.9151883,5.2,2.7151883125305174
19,4.330065,2.8,1.5300647735595705
20,7.6201234,9.7,2.0798766136169426
21,6.8837113,11.0,4.116288661956787
22,7.2846613,13.4,6.115338706970215
23,3.0556,6.4,3.3444000720977787
24,9.964968,11.5,1.5350322723388672
25,5.415598,2.499999999999999,2.915597915649415
26,6.5473375,7.5,0.952662467956543
27,6.7859025,1.0,5.785902500152588
28,5.881806,3.5999999999999996,2.2818058967590336
29,8.848572,3.4000000000000004,5.44857177734375
30,4.894802,1.5,3.3948020935058594
31,6.3363543,9.6,3.26364574432373
32,2.638028,2.5999999999999996,0.038027906417847035
33,11.254217,10.9,0.3542171478271481
34,1.3522251,4.700000000000001,3.347774934768678
35,19.056288,19.8,0.743712234497071
36,6.271412,4.1,2.1714118957519535
37,6.90061,5.5,1.4006099700927734
38,9.026056,0.7999999999999998,8.22605628967285
39,10.4308195,6.4,4.030819511413574
40,8.107173,9.3,1.1928270339965827
41,5.717172,5.3,0.41717214584350604
42,7.346319,5.9,1.446319198608398
43,19.301956,18.4,0.9019561767578139
44,5.4623485,7.5,2.037651538848877
45,3.6449573,9.4,5.755042695999146
46,11.666219,12.4,0.7337812423706058
47,6.7044377,6.9,0.19556226730346715
48,9.38633,9.6,0.2136703491210934
49,6.1374536,5.5,0.637453556060791
50,10.146863,11.1,0.9531370162963864
51,2.8851635,3.8,0.9148364543914793
52,8.258414,8.2,0.058414268493653054
53,11.698185,11.2,0.49818496704101634
54,8.631934,11.9,3.2680658340454105
55,11.209623,9.8,1.4096233367919915
56,8.97445,8.7,0.27445011138916087
57,10.40544,14.2,3.794559669494628
58,4.1433997,6.1,1.9566002845764157
59,9.853036,5.9,3.9530359268188473
60,9.774176,1.7000000000000002,8.0741756439209
61,5.31431,0.7999999999999998,4.514310073852539
62,4.056207,2.4000000000000004,1.656207180023193
63,4.6716347,2.0,2.6716346740722656
64,5.2194996,4.0,1.2194995880126953
65,2.8255322,1.0999999999999996,1.7255321979522709
66,6.696542,2.0,4.696541786193848
67,6.296215,2.0,4.296215057373047
68,9.945913,4.8,5.145913314819336
69,7.0965548,7.0,0.09655475616455078
70,6.8192973,1.7000000000000002,5.119297313690185
71,0.91115457,1.2999999999999998,0.3888454318046568
72,11.214853,10.6,0.6148532867431644
73,8.938272,9.6,0.6617275238037106
74,6.347785,5.1,1.2477849960327152
75,11.901821,6.6,5.30182113647461
76,8.771876,5.9,2.8718763351440426
77,18.71333,18.4,0.3133293151855483
78,6.7252955,8.3,1.5747044563293464
79,11.129986,12.8,1.6700141906738288
80,7.177402,6.9,0.27740201950073207
81,14.617408,6.6,8.01740779876709
82,6.865945,9.7,2.8340551376342766
83,5.0443416,8.0,2.955658435821533
84,7.7721677,8.4,0.6278323173522953
85,4.8257246,3.7,1.1257246017456053
86,3.9292574,2.8,1.129257392883301
87,8.611425,7.6,1.0114253997802738
88,7.361209,4.5,2.861208915710449
89,11.803874,6.4,5.403874015808105
90,8.056616,12.8,4.743384170532227
91,5.03245,5.7,0.6675498008728029
92,5.029023,4.8,0.22902317047119158
93,4.649532,2.5999999999999996,2.0495318412780765
94,9.068792,10.6,1.5312076568603512
95,12.887811,14.9,2.012189292907715
96,3.826156,0.7999999999999998,3.0261559009552004
97,11.450798,10.4,1.0507980346679684
98,11.70071,7.6,4.10071029663086
99,5.7026987,10.3,4.597301292419434
100,7.256041,9.4,2.143958950042725
101,13.213998,18.4,5.186002159118651
102,12.898947,8.9,3.9989467620849606
103,7.9842467,6.8,1.1842467308044435
104,10.331894,11.8,1.4681060791015632
105,7.597217,7.0,0.5972170829772949
106,10.506983,10.0,0.5069828033447266
107,7.207602,8.6,1.3923979759216305
108,2.61187,1.9000000000000004,0.7118700504302975
109,7.3855815,7.0,0.38558149337768555
110,8.307356,9.8,1.492644119262696
111,3.5637772,0.20000000000000018,3.363777208328247
112,5.593383,7.0,1.4066171646118164
113,7.1409507,12.4,5.259049320220948
114,12.188077,7.0,5.188076972961426
115,7.131524,8.9,1.7684759140014652
116,8.879274,5.9,2.9792743682861325
117,9.253658,9.0,0.2536582946777344
118,8.922279,6.9,2.022279357910156
119,6.629539,3.8,2.8295390129089357
120,10.656835,12.8,2.1431653976440437
121,6.257655,3.2,3.057655143737793
122,8.530311,13.0,4.46968936920166
123,5.252281,1.5,3.7522811889648438
124,10.236761,9.1,1.1367610931396488
125,9.399531,9.4,0.0004686355590823865
126,8.685598,7.6,1.0855983734130863
127,10.571072,7.6,2.9710716247558597
128,4.4704638,0.9000000000000004,3.5704637527465817
129,5.4319882,8.2,2.768011760711669
130,5.7905517,3.0999999999999996,2.6905516624450687
131,7.1418843,10.6,3.458115673065185
132,3.7881758,4.8,1.0118241786956785
133,9.184391,8.7,0.48439102172851634
134,17.133127,17.9,0.7668727874755845
135,6.388893,11.5,5.111106872558594
136,10.419043,10.9,0.4809574127197269
137,6.401993,6.2,0.20199279785156232
138,8.131854,6.0,2.1318540573120117
139,6.7217755,4.4,2.3217755317687985
140,5.9746776,3.8,2.1746775627136232
141,9.021735,11.1,2.078264808654785
142,4.3847504,2.3,2.0847503662109377
143,8.766072,8.9,0.13392772674560582
144,3.6619194,2.9000000000000004,0.7619193553924557
145,5.1406045,5.0,0.14060449600219727
146,5.0864286,2.7,2.386428642272949
147,7.598892,8.3,0.7011077880859382
148,7.0514116,12.3,5.248588371276856
149,7.4314337,10.6,3.16856632232666
150,9.824217,13.0,3.175783157348633
151,10.988945,13.8,2.811054992675782
152,13.389729,7.3,6.089728546142578
153,8.535613,11.5,2.9643869400024414
154,10.007467,11.6,1.5925327301025387
155,2.8437474,3.0,0.15625262260437012
156,8.809842,6.4,2.4098421096801754
157,10.855834,8.9,1.9558340072631832
158,15.305741,19.8,4.494258689880372
159,5.8046517,9.3,3.495348262786866
160,17.717861,18.9,1.1821388244628892
161,4.8528857,3.4000000000000004,1.4528857231140133
162,6.6914797,2.9000000000000004,3.791479682922363
163,5.73477,3.4000000000000004,2.334769821166992
164,7.067701,9.6,2.532299137115478
165,9.348558,6.9,2.44855842590332
166,13.041001,11.0,2.041001319885254
167,6.7792125,10.1,3.3207875251770016
168,4.3196783,4.700000000000001,0.3803216934204112
169,17.258694,18.4,1.1413063049316392
170,7.4096437,5.2,2.2096436500549315
171,11.678707,14.1,2.4212928771972653
172,11.193956,11.9,0.70604362487793
173,13.00903,7.3,5.709030342102051
174,8.010489,13.2,5.189510536193847
175,13.642824,18.9,5.257175827026366
176,6.7549615,8.2,1.4450385093688958
177,5.63579,5.9,0.26421012878418004
178,10.128236,11.9,1.771764183044434
179,10.0264435,8.4,1.6264434814453121
180,7.9315534,7.3,0.631553363800049
181,5.8384485,5.4,0.4384485244750973
182,9.1282,11.1,1.9718004226684567
183,6.7502284,9.7,2.94977159500122
184,10.625351,2.499999999999999,8.125350952148438
185,20.420942,17.9,2.520942306518556
186,6.6156774,18.4,11.784322643280028
187,8.411491,18.9,10.48850860595703
188,6.7396517,8.9,2.1603483200073246
189,10.678811,10.0,0.6788110733032227
190,7.9915624,5.1,2.891562366485596
191,12.304756,11.1,1.2047561645507816
192,7.7810206,8.2,0.418979358673095
193,11.255732,8.2,3.0557315826416023
194,3.2733543,4.5,1.2266457080841064
195,6.3512864,3.8,2.5512864112854006
196,5.5142365,5.0,0.5142364501953125
197,6.836845,4.8,2.0368449211120607
198,16.733711,18.9,2.1662887573242173
199,9.449772,13.4,3.9502281188964847
200,2.5128982,4.5,1.9871017932891846
201,6.3526754,3.0999999999999996,3.2526754379272464
202,8.601038,14.8,6.198962020874024
203,6.48258,8.4,1.917419815063477
204,5.036627,3.0999999999999996,1.9366268157958988
205,3.8193228,3.2,0.6193228244781492
206,7.032935,4.1,2.93293514251709
207,8.380686,8.5,0.11931419372558594
208,9.527523,14.1,4.572476959228515
209,5.8367367,3.8,2.0367366790771486
210,4.9488673,3.2,1.7488673210144041
211,4.6156125,5.7,1.084387493133545
212,9.256032,12.7,3.4439680099487298
213,3.6289623,1.9000000000000004,1.7289622783660885
214,11.667087,1.7999999999999998,9.867086601257324
215,9.410768,6.4,3.010767555236816
216,8.749175,8.6,0.14917507171630895
217,10.3619375,12.4,2.0380624771118168
218,4.7934504,11.2,6.406549644470214
219,7.1709094,6.9,0.2709094047546383
220,13.232733,17.9,4.66726722717285
221,8.666169,4.5,4.166169166564941
222,9.922663,12.7,2.7773372650146477
223,13.231912,9.2,4.031911659240723
224,7.6044273,7.4,0.20442733764648402
225,4.078153,0.20000000000000018,3.878153133392334
226,11.775984,11.9,0.12401618957519567
227,11.223195,10.6,0.6231950759887699
228,9.715335,10.2,0.48466510772705007
229,6.0317073,8.1,2.068292713165283
230,8.750262,8.2,0.5502622604370124
231,8.620259,9.7,1.0797407150268548
232,5.88052,4.700000000000001,1.1805198669433583
233,4.0529737,3.2,0.8529737472534178
234,5.0744014,6.9,1.8255986213684086
235,8.791884,8.9,0.10811557769775426
236,6.7421737,7.0,0.2578263282775879
237,16.86291,21.6,4.7370906829834
238,11.356723,11.4,0.043277168273926137
239,7.8039303,5.3,2.5039302825927736
240,5.9644055,2.499999999999999,3.464405536651612
241,3.8122876,3.2,0.6122875690460203
242,1.0040424,3.7,2.695957612991333
243,10.743927,7.6,3.1439270019531254
244,10.318428,7.6,2.7184280395507816
245,10.4942465,13.9,3.4057535171508793
246,6.723637,3.8,2.923637104034424
247,0.31700307,1.2999999999999998,0.9829969286918638
248,16.24182,7.6,8.641819381713868
249,4.7779055,4.8,0.02209453582763654
250,8.960569,11.4,2.439430618286133
251,13.046825,12.6,0.44682540893554723
252,4.7520823,2.8,1.9520823478698732
253,4.206269,2.3,1.9062687873840334
254,9.436531,1.2999999999999998,8.13653106689453
255,9.131513,5.2,3.931512641906738
256,4.467705,5.9,1.4322952270507816
257,7.466787,3.8,3.666786861419678
258,7.221686,11.9,4.678314113616944
259,6.2880564,3.8,2.4880563735961916
260,7.6898656,4.8,2.889865589141846
261,-0.4293968,1.5999999999999996,2.02939680814743
262,7.8184204,12.4,4.58157958984375
263,6.3937716,1.7000000000000002,4.693771648406982
264,8.409704,6.9,1.509704208374023
265,6.452322,7.0,0.5476779937744141
266,9.354429,6.9,2.454429244995117
267,11.907555,11.0,0.9075546264648438
268,2.4594276,4.4,1.9405724048614506
269,7.258627,14.8,7.54137306213379
270,5.596994,6.9,1.3030060768127445
271,9.081702,4.0,5.08170223236084
272,8.04599,7.4,0.6459899902343746
273,10.148366,11.0,0.8516340255737305
274,8.087973,8.4,0.3120273590087894
275,7.380356,11.4,4.019644165039063
276,17.74117,17.9,0.15882911682128764
277,2.698651,2.200000000000001,0.4986510753631581
278,8.067015,8.9,0.8329853057861332
279,10.866847,11.4,0.5331529617309574
280,8.538149,6.9,1.6381488800048825
281,0.3843034,5.0,4.615696609020233
282,9.931837,9.8,0.13183708190917898
283,8.764609,4.0,4.764609336853027
284,7.7357225,2.9000000000000004,4.835722541809082
285,7.316513,8.0,0.6834869384765625
286,9.068691,7.6,1.4686912536621097
287,8.964865,10.8,1.8351352691650398
288,17.341862,17.9,0.558138275146483
289,2.8024242,2.8,0.002424192428589045
290,11.199645,6.0,5.199645042419434
291,10.020113,1.5,8.520112991333008
292,6.139199,5.5,0.6391987800598145
293,9.613192,8.1,1.5131916046142582
294,10.4282255,8.3,2.1282255172729485
295,7.377594,1.0,6.377593994140625
296,4.8371177,3.7,1.1371176719665526
297,9.307958,9.6,0.2920423507690426
298,16.309881,22.4,6.09011878967285
299,9.0005865,4.5,4.50058650970459
300,6.173815,2.8,3.3738147735595705
301,16.510324,15.8,0.7103244781494134
302,6.394833,14.1,7.705166912078857
303,6.275443,6.6,0.3245569229125973
304,16.861612,15.8,1.0616123199462884
305,5.405852,7.0,1.5941481590270996
306,7.5100255,10.2,2.6899744987487786
307,10.622087,10.4,0.22208652496337855
308,9.168677,8.9,0.2686773300170895
309,10.674712,9.9,0.7747121810913082
310,9.957323,9.7,0.257323074340821
311,6.6379714,5.1,1.5379714012146
312,4.1774893,1.5,2.6774892807006836
313,11.688779,11.2,0.4887788772583015
314,7.308832,7.1,0.20883216857910192
315,4.378241,5.6,1.221758937835693
316,10.47192,11.6,1.1280799865722653
317,9.371162,10.6,1.2288375854492184
318,5.420679,3.8,1.6206790924072267
319,11.684532,15.8,4.115467834472657
320,3.1284692,2.4000000000000004,0.7284692287445065
321,15.356636,12.8,2.5566360473632805
322,7.972048,6.6,1.3720478057861332
323,6.7619915,9.3,2.5380084991455085
324,6.0789394,2.0999999999999996,3.9789394378662113
325,4.4315553,10.2,5.768444728851318
326,8.581919,5.3,3.2819187164306642
327,8.71667,13.0,4.283329963684082
328,6.685961,4.1,2.5859607696533207
329,1.146272,6.5,5.3537280559539795
330,2.5222461,1.5999999999999996,0.9222461223602298
331,8.313443,10.2,1.8865568161010735
332,7.9874487,2.5999999999999996,5.387448692321778
333,2.8511207,2.0,0.8511207103729248
334,7.6957064,8.5,0.8042936325073242
335,10.990942,11.5,0.5090579986572266
336,7.7943907,7.6,0.19439067840576207
337,8.350418,12.4,4.049581909179688
338,6.9293504,18.7,11.770649623870849
339,5.354962,9.2,3.845038127899169
340,4.5966454,3.0999999999999996,1.4966453552246097
341,10.55641,10.9,0.34359016418457067
342,5.349043,12.0,6.650957107543945
343,4.103836,5.3,1.1961639404296873
344,6.7599816,6.9,0.14001836776733434
345,9.538341,4.8,4.738340568542481
346,5.2793694,3.0999999999999996,2.1793693542480472
347,5.4169216,8.2,2.7830783843994134
348,6.11407,3.8,2.314069938659668
349,4.01576,5.3,1.2842400550842283
350,9.947581,9.8,0.14758129119872976
351,2.2742302,3.8,1.5257697582244871
352,10.9578285,7.6,3.357828521728516
353,8.294414,8.3,0.005586433410645242
354,6.157456,10.2,4.042544078826904
355,7.579348,7.6,0.02065191268920863
356,9.543751,9.3,0.24375076293945241
357,8.753209,12.8,4.046790885925294
358,5.5227933,3.2,2.3227932929992674
359,11.145856,11.0,0.14585590362548828
360,6.285292,7.0,0.7147078514099121
361,12.3683,9.1,3.2683004379272464
362,13.472466,15.8,2.3275335311889656
363,3.0263336,2.8,0.22633357048034686
364,8.050868,9.8,1.7491319656372077
365,6.284706,7.5,1.2152938842773438
366,6.7440643,2.9000000000000004,3.844064331054687
367,5.676052,4.0,1.6760520935058594
368,11.060841,10.2,0.8608406066894538
369,10.711119,10.3,0.4111186981201165
370,5.320054,11.0,5.679945945739746
371,6.333195,2.7,3.6331952095031737
372,3.9322722,1.2999999999999998,2.63227219581604
373,9.256704,8.4,0.8567043304443356
374,9.115087,1.0,8.115086555480957
375,1.4480121,5.8,4.351987886428833
376,11.751555,11.0,0.7515554428100586
377,6.3102765,7.0,0.6897234916687012
378,7.211771,12.7,5.48822898864746
379,7.581919,6.3,1.2819191932678224
380,6.673569,2.7,3.9735692024230955
381,8.31215,5.5,2.812150001525879
382,11.459083,8.8,2.659082603454589
383,7.8854136,7.2,0.6854136466979979
384,9.782893,8.1,1.6828931808471683
385,6.783043,5.5,1.2830429077148438
386,7.998409,9.7,1.7015912055969231
387,11.169833,11.5,0.3301668167114258
388,4.8663015,1.2999999999999998,3.5663015365600588
389,4.9258437,2.4000000000000004,2.5258437156677243
390,5.7426076,4.0,1.742607593536377
391,8.754958,7.9,0.8549581527709957
392,5.1596994,3.8,1.3596994400024416
393,6.630776,12.0,5.3692240715026855
394,10.196615,11.1,0.9033847808837887
395,8.010411,6.9,1.1104112625122067
396,5.4648566,6.4,0.9351433753967289
397,9.629004,11.6,1.9709964752197262
398,3.7640584,3.5999999999999996,0.164058351516724
399,6.975004,7.5,0.5249958038330078
400,8.134953,8.9,0.7650474548339847
401,6.355401,6.9,0.5445989608764652
402,7.149231,6.4,0.7492309570312496
403,5.117556,4.0,1.117556095123291
404,3.0307405,1.5,1.53074049949646
405,9.760436,9.9,0.13956394195556676
406,14.294527,16.0,1.7054729461669922
407,17.911362,19.8,1.8886383056640632
408,7.871851,10.2,2.3281490325927727
409,10.019459,11.6,1.5805412292480465
410,5.8344245,11.0,5.1655755043029785
411,4.0188427,6.9,2.8811573028564457
412,3.2115881,2.0999999999999996,1.1115881443023685
413,13.75432,12.8,0.9543201446533196
414,3.9084156,0.7999999999999998,3.1084155559539797
415,3.7195904,2.9000000000000004,0.8195904254913327
416,9.238547,9.7,0.46145267486572195
417,3.516525,1.2999999999999998,2.2165250301361086
418,1.8861582,1.9000000000000004,0.013841772079468129
419,1.5080707,4.5,2.991929292678833
420,12.160761,5.5,6.660760879516602
421,3.4656103,5.0,1.5343897342681885
422,6.585558,3.7,2.88555793762207
423,6.3362675,3.5999999999999996,2.736267471313477
424,9.251696,6.4,2.85169563293457
425,6.2842407,7.5,1.21575927734375
426,6.475937,6.8,0.3240631103515623
427,5.585443,4.0,1.5854430198669434
428,8.837004,10.6,1.7629962921142575
429,10.006888,12.8,2.7931116104125984
430,5.399112,7.5,2.1008877754211426
431,5.7578115,6.9,1.1421884536743168
432,9.329641,12.8,3.4703586578369148
433,6.015909,6.7,0.6840908050537111
434,9.457338,5.5,3.957338333129883
435,5.4140544,5.3,0.11405439376831072
436,3.439687,0.9000000000000004,2.5396870136260983
437,7.525754,3.8,3.725753974914551
438,16.051672,18.4,2.348328018188475
439,4.298006,4.4,0.10199394226074254
440,5.419308,4.700000000000001,0.7193081855773915
441,9.446265,7.4,2.0462652206420895
442,7.291421,8.9,1.6085790634155277
443,4.9714355,10.9,5.928564453125
444,6.0511646,2.5999999999999996,3.4511646270751957
445,10.081704,10.5,0.41829586029052734
446,8.295043,14.1,5.804957008361816
447,2.131045,1.0999999999999996,1.0310451030731205
448,14.969957,21.6,6.630042648315431
449,5.4058075,8.3,2.894192504882813
450,10.121515,9.3,0.8215152740478509
451,7.251114,1.9000000000000004,5.351113891601562
452,6.5794973,5.4,1.1794973373413082
453,4.6601562,2.3,2.36015625
454,4.7295465,2.0,2.729546546936035
455,11.113115,14.8,3.6868846893310554
456,8.82657,7.4,1.426569557189941
457,5.5752034,3.7,1.8752034187316893
458,5.6780252,9.2,3.5219747543334954
459,8.739817,9.7,0.9601833343505852
460,9.252935,0.7999999999999998,8.452935409545898
461,5.960912,5.3,0.6609122276306154
462,8.393103,5.6,2.793102645874024
463,8.24781,1.0,7.247810363769531
464,9.941119,8.9,1.0411191940307614
465,9.62583,6.8,2.8258296966552736
466,7.350944,11.2,3.8490559577941887
467,9.275554,8.1,1.1755537033081058
468,6.5514035,6.7,0.1485964775085451
469,9.758162,11.9,2.1418384552001957
470,3.5086734,3.2,0.30867342948913556
471,9.574148,5.9,3.6741481781005856
472,7.5826554,6.6,0.9826554298400882
473,16.397823,17.9,1.5021766662597642
474,3.840082,2.8,1.0400819301605226
475,5.4223957,4.0,1.4223957061767578
476,15.597489,17.9,2.3025106430053697
477,10.423263,7.6,2.8232625961303714
478,8.400584,8.1,0.3005842208862308
479,6.094677,2.9000000000000004,3.1946769714355465
480,3.498799,3.9000000000000004,0.4012009143829349
481,7.260182,2.8,4.4601819038391115
482,8.999,5.1,3.89899959564209
483,4.669736,3.7,0.9697359085083006
484,9.697305,11.6,1.902695274353027
485,9.564017,6.4,3.164017295837402
486,3.9536443,4.700000000000001,0.7463557243347179
487,3.770178,2.7,1.0701780796051024
488,5.898772,5.0,0.8987717628479004
489,9.49956,14.1,4.600439643859863
490,3.326712,2.9000000000000004,0.4267118930816647
491,8.993651,12.4,3.4063486099243168
492,8.066464,9.7,1.6335355758666985
493,8.200613,3.8,4.400613021850586
494,6.6732154,8.8,2.1267846107482917
495,9.735042,1.5,8.235041618347168
496,10.034494,7.3,2.7344944000244142
497,11.126865,17.2,6.073134613037109
498,5.227777,7.6,2.3722229957580563
499,13.354264,9.8,3.554264259338378
500,4.695078,3.7,0.9950778961181639
501,4.524384,6.4,1.8756159782409672
502,6.320486,7.2,0.8795139312744142
503,16.111692,18.9,2.7883075714111314
504,6.2103825,7.6,1.389617538452148
505,7.1846437,1.9000000000000004,5.284643745422363
506,3.2338488,1.5,1.7338488101959229
507,5.8413444,7.8,1.9586556434631346
508,11.237865,12.6,1.3621345520019528
509,9.741933,11.0,1.2580671310424805
510,9.326914,14.1,4.773086166381836
511,10.929893,9.6,1.3298925399780277
512,7.7959304,2.0,5.7959303855896
513,6.9787574,9.3,2.3212426185607917
514,6.0496826,8.2,2.1503173828124993
515,8.730567,5.3,3.43056697845459
516,6.555578,9.3,2.7444217681884773
517,10.52769,13.0,2.4723100662231445
518,6.8189073,4.700000000000001,2.1189072608947743
519,7.287063,1.0999999999999996,6.187063121795655
520,5.2640433,6.9,1.6359566688537601
521,2.1653955,8.3,6.134604501724244
522,7.8933434,9.7,1.8066565513610833
523,9.659359,13.0,3.3406410217285156
524,8.433298,9.9,1.4667018890380863
525,2.7849367,5.3,2.5150633335113524
526,19.995804,15.8,4.195803833007812
527,3.4964507,1.5999999999999996,1.8964506626129154
528,5.6609554,5.5,0.16095542907714844
529,3.464832,1.0,2.464832067489624
530,10.068074,8.7,1.3680742263793952
531,6.8878613,17.2,10.312138748168945
532,11.738508,10.0,1.7385082244873047
533,6.0706716,1.2999999999999998,4.770671558380127
534,3.3005111,2.9000000000000004,0.4005111217498776
535,3.2008126,4.9,1.6991874217987064
536,9.972689,5.3,4.672688674926758
537,12.481818,10.0,2.481818199157715
538,7.355737,11.0,3.6442627906799316
539,9.761393,5.9,3.8613925933837887
540,9.771362,4.8,4.9713623046875
541,9.685059,8.2,1.4850585937500007
542,6.6596165,9.4,2.7403835296630863
543,8.811241,5.8,3.011241149902344
544,6.4624844,4.700000000000001,1.7624843597412099
545,9.099538,9.8,0.7004621505737312
546,10.26013,11.9,1.6398700714111332
547,7.935336,2.5999999999999996,5.335336112976075
548,7.6568785,4.9,2.7568784713745114
549,8.343627,1.2999999999999998,7.043626976013184
550,5.6321406,9.5,3.867859363555908
551,-0.7614624,3.8,4.561462390422821
552,6.470641,2.499999999999999,3.9706411361694345
553,17.193966,17.9,0.7060340881347642
554,3.3160822,2.8,0.5160822391510012
555,5.575853,8.7,3.124147129058837
556,6.1673656,3.0999999999999996,3.0673655509948734
557,8.727999,5.9,2.8279987335205075
558,7.6940813,4.3,3.3940813064575197
559,5.633722,9.2,3.566278171539306
560,4.863246,6.6,1.7367540359497067
561,6.868986,8.9,2.031013870239258
562,4.5245504,4.1,0.42455043792724645
563,5.710356,0.20000000000000018,5.51035623550415
564,6.463607,3.0,3.463606834411621
565,5.6671314,7.8,2.1328685760498045
566,5.6456747,2.9000000000000004,2.7456747055053707
567,9.006582,7.2,1.8065822601318358
568,1.5282428,5.3,3.771757173538208
569,8.038039,9.8,1.7619607925415046
570,12.260451,13.1,0.8395486831665036
571,5.741867,2.5999999999999996,3.141867065429688
572,9.402419,7.7,1.702419090270996
573,6.557332,12.7,6.142667961120605
574,6.9799547,5.3,1.6799547195434572
575,7.7832365,8.8,1.0167634963989265
576,7.5569844,7.3,0.25698442459106463
577,1.7655556,4.6,2.834444379806518
578,12.038833,13.1,1.0611673355102536
579,4.368207,6.4,2.031793022155762
580,8.138487,6.8,1.3384868621826174
581,8.756351,2.5999999999999996,6.156351470947266
582,8.013634,5.3,2.713633728027344
583,15.802606,15.8,0.0026056289672844457
584,11.379834,14.8,3.4201658248901374
585,3.7231176,2.9000000000000004,0.8231175899505612
586,3.5281599,2.8,0.7281598567962648
587,6.81706,3.8,3.0170599937438967
588,6.9189787,8.1,1.1810213088989254
589,5.393043,6.2,0.8069569587707521
590,10.061066,9.3,0.7610656738281243
591,8.895032,11.1,2.2049680709838864
592,9.769624,5.8,3.9696237564086916
593,7.859672,1.5,6.3596720695495605
594,4.8529677,5.1,0.24703226089477504
595,18.59146,17.9,0.6914592742919936
596,7.631203,10.1,2.468796825408935
597,9.090358,8.1,0.9903577804565433
598,6.247458,3.8,2.4474579811096193
599,6.0284843,9.3,3.271515655517579
600,0.98310596,4.0,3.016894042491913
601,7.8873835,11.9,4.012616539001465
602,3.1335528,5.6,2.4664472103118893
603,6.5920415,11.6,5.007958507537841
604,11.360861,11.9,0.5391391754150394
605,10.492216,9.0,1.4922161102294922
606,6.2108817,11.2,4.989118289947509
607,8.0111065,9.5,1.4888935089111328
608,2.0870626,4.0,1.9129374027252197
609,6.797674,12.7,5.902325820922851
610,7.88234,9.8,1.91766004562378
611,5.590718,8.4,2.809282207489014
612,6.399827,3.299999999999999,3.099827003479005
613,16.632671,11.8,4.832671356201171
614,6.9414544,5.9,1.0414544105529782
615,10.924917,7.6,3.3249172210693363
616,5.9633207,11.2,5.2366792678833
617,0.52784187,2.3,1.7721581339836119
618,6.2488093,3.8,2.448809337615967
619,7.29932,10.2,2.9006797790527337
620,5.20273,2.8,2.402730178833008
621,8.60628,7.6,1.006280326843262
622,6.590309,10.3,3.7096908569335945
623,7.368312,7.8,0.43168811798095685
624,11.069388,12.7,1.630611610412597
625,5.5368195,5.1,0.43681945800781286
626,1.5229466,2.0999999999999996,0.5770534038543698
627,8.369085,9.8,1.4309146881103523
628,6.5353556,1.5999999999999996,4.935355567932129
629,6.582697,8.0,1.4173030853271484
630,5.518924,5.0,0.5189242362976074
631,8.027929,10.7,2.672070693969726
632,12.224891,6.2,6.02489070892334
633,16.932323,19.8,2.867676544189454
634,10.97758,13.0,2.0224199295043945
635,5.9950976,6.9,0.9049023628234867
636,5.420341,7.5,2.0796589851379395
637,16.54131,18.9,2.3586906433105455
638,6.4984274,6.1,0.39842739105224645
639,16.809391,15.8,1.009391021728515
640,5.3628597,6.2,0.8371402740478517
641,13.768291,5.9,7.8682914733886715
642,5.093816,2.0999999999999996,2.9938158035278324
643,7.392438,3.4000000000000004,3.992437934875488
644,9.033049,13.0,3.966951370239258
645,5.571645,7.6,2.02835521697998
646,5.894718,4.1,1.794718170166016
647,10.77648,6.9,3.8764797210693356
648,7.742274,11.0,3.2577261924743652
649,8.564472,5.4,3.1644721984863278
650,16.18956,18.4,2.210440063476561
651,11.398234,9.3,2.0982343673706048
652,3.0623538,5.4,2.3376461505889896
653,8.82081,11.0,2.179189682006836
654,8.925348,11.9,2.974651718139649
655,7.346297,17.2,9.853703212738036
656,11.217237,11.9,0.6827625274658207
657,11.859655,10.5,1.3596553802490234
658,9.28306,7.0,2.283060073852539
659,10.128841,7.6,2.5288414001464847
660,9.458598,8.2,1.2585981369018562
661,10.550142,18.4,7.849857711791991
662,7.1406665,4.700000000000001,2.4406664848327626
663,7.15647,4.0,3.1564698219299316
664,10.945924,6.9,4.045923805236816
665,5.7603154,4.8,0.9603154182434084
666,6.5394087,8.9,2.360591316223145
667,6.6752415,8.2,1.5247585296630852
668,3.9620664,1.5999999999999996,2.3620664119720463
669,8.573047,10.5,1.9269533157348633
670,13.333952,8.9,4.433951950073242
671,10.16893,8.4,1.7689300537109371
672,9.4678,10.7,1.23219985961914
673,4.7831917,4.8,0.016808319091796697
674,6.823811,3.299999999999999,3.5238110542297374
675,6.5417976,5.7,0.841797637939453
676,5.7830315,8.3,2.516968536376954
677,12.682898,13.8,1.1171024322509773
678,9.20486,9.7,0.4951402664184563
679,5.552366,8.2,2.6476342201232903
680,16.275732,17.9,1.6242679595947251
681,6.417417,5.3,1.1174170494079592
682,1.4098775,2.0,0.5901224613189697
683,11.775984,11.9,0.12401618957519567
684,17.577879,9.1,8.477878952026368
685,8.206099,10.5,2.2939014434814453
686,8.51408,12.8,4.285919952392579
687,6.0056124,8.6,2.594387626647949
688,11.807735,9.8,2.0077354431152337
689,12.300276,8.9,3.4002758026123043
690,11.161446,10.7,0.46144561767578196
691,5.836966,4.1,1.7369660377502445
692,2.3314035,2.5999999999999996,0.26859650611877406
693,5.0966883,6.9,1.8033117294311527
694,5.618749,3.7,1.918749141693115
695,7.5889854,8.4,0.811014556884766
696,10.177753,6.8,3.3777534484863283
697,10.530938,10.0,0.5309381484985352
698,6.0465045,9.4,3.353495502471924
699,8.282208,9.7,1.417791557312011
700,3.6698601,2.5999999999999996,1.069860124588013
701,10.965436,12.3,1.3345640182495124
702,8.052881,4.6,3.452881240844727
703,9.15523,6.6,2.5552295684814457
704,9.878977,10.7,0.8210231781005852
705,7.033784,5.1,1.9337839126586918
706,10.827112,11.9,1.0728878021240238
707,7.962227,1.0999999999999996,6.862226867675782
708,6.824876,7.5,0.6751241683959961
709,8.062461,9.8,1.7375391006469734
710,6.584281,12.7,6.115719032287597
711,6.08175,2.5999999999999996,3.4817499160766605
712,5.397715,1.9000000000000004,3.497715091705322
713,10.600832,11.4,0.7991680145263675
714,5.9630256,5.3,0.6630255699157717
715,9.633827,8.3,1.3338272094726555
716,6.012755,6.4,0.38724508285522496
717,16.52805,15.8,0.7280494689941399
718,7.5159497,4.0,3.5159497261047363
719,10.450649,9.3,1.1506492614746087
720,8.798528,7.1,1.6985277175903324
721,7.3578925,10.2,2.842107486724853
722,6.261186,2.5999999999999996,3.6611861228942875
723,6.271553,7.0,0.7284469604492188
724,8.211391,5.3,2.9113914489746096
725,6.6703763,4.1,2.570376300811768
726,12.04185,7.3,4.741850090026856
727,5.2389026,5.6,0.361097431182861
728,7.0989037,5.3,1.7989036560058596
729,6.8934073,7.6,0.7065926551818844
730,10.204937,11.5,1.2950630187988281
731,3.8708274,3.7,0.17082743644714338
732,11.463921,1.7999999999999998,9.663920593261718
733,5.74483,3.0999999999999996,2.644830131530762
734,10.402891,12.8,2.3971088409423835
735,7.2600956,9.5,2.2399044036865234
736,10.042289,11.4,1.357711219787598
737,8.216592,9.5,1.2834081649780273
738,3.584113,8.2,4.6158871173858635
739,4.0246034,6.1,2.075396633148193
740,4.3140507,1.0999999999999996,3.214050674438477
741,8.832747,8.4,0.43274745941162074
742,7.2631516,3.0999999999999996,4.163151645660401
743,9.169557,10.5,1.3304433822631836
744,3.9792182,2.0999999999999996,1.8792182445526127
745,8.977647,11.9,2.9223531723022464
746,5.4539003,2.8,2.6539003372192385
747,24.053442,17.9,6.153442001342775
748,4.7529078,4.6,0.152907752990723
749,8.000797,8.4,0.39920272827148473
750,9.609045,9.8,0.19095497131347727
751,9.104031,7.5,1.6040306091308594
752,1.6708629,2.5999999999999996,0.9291370868682858
753,17.376488,11.7,5.6764877319335945
754,8.912633,10.8,1.8873670578002937
755,7.536295,5.0,2.536294937133789
756,4.7250233,0.7000000000000002,4.02502326965332
757,7.8677273,7.6,0.2677272796630863
758,1.7022183,1.7999999999999998,0.09778170585632306
759,7.782224,12.9,5.117775821685791
760,4.970939,4.700000000000001,0.2709391593933095
761,3.5065768,3.7,0.19342322349548358
762,7.622312,7.5,0.12231206893920898
763,7.4919815,8.8,1.3080184936523445
764,2.7210577,1.0999999999999996,1.6210576534271244
765,4.4777746,4.0,0.47777462005615234
766,11.728104,8.9,2.828103637695312
767,5.101166,3.8,1.3011657714843752
768,9.733145,11.6,1.8668552398681637
769,7.291931,5.0,2.29193115234375
770,7.5656877,7.6,0.034312343597411754
771,17.43032,18.4,0.9696792602539048
772,10.455265,14.8,4.344734954833985
773,8.388138,5.7,2.6881378173828123
774,3.5289252,4.0,0.47107481956481934
775,5.382654,5.9,0.5173458099365238
776,9.513102,8.9,0.6131015777587887
777,9.083894,8.9,0.18389377593994105
778,3.545924,2.8,0.745923948287964
779,0.65421325,4.4,3.7457867503166202
780,8.042539,6.4,1.6425386428833004
781,9.804935,12.8,2.995064544677735
782,9.29292,7.6,1.6929201126098636
783,5.324835,2.9000000000000004,2.424834823608398
784,10.347495,18.9,8.552504920959471
785,9.375455,12.8,3.424545097351075
786,2.959945,4.5,1.5400550365447998
787,15.962162,19.8,3.837837982177735
788,9.652198,14.8,5.147802162170411
789,10.059483,11.2,1.1405174255371087
790,4.5123005,3.2,1.3123004913330076
791,5.44657,2.9000000000000004,2.5465699195861813
792,5.86574,7.3,1.4342601776123045
793,4.9771113,5.3,0.322888660430908
794,7.86347,5.3,2.5634700775146486
795,17.594376,18.4,0.8056243896484361
796,7.247586,4.3,2.9475857734680178
797,12.374382,12.6,0.2256179809570309
798,12.354066,11.5,0.8540658950805664
799,8.361022,10.2,1.8389780044555657
800,7.47367,2.499999999999999,4.973670005798341
801,3.9054992,4.700000000000001,0.7945007801055919
802,6.747798,8.5,1.752202033996582
803,9.356543,11.1,1.7434574127197262
804,4.767991,4.0,0.7679910659790039
805,10.641341,9.6,1.0413412094116214
806,7.2479625,9.9,2.6520375251770023
807,11.7996025,7.5,4.299602508544922
808,7.104193,8.2,1.0958067893981926
809,9.42017,10.7,1.2798301696777337
810,6.886413,14.2,7.3135869026184075
811,15.768851,17.9,2.1311487197875962
812,3.5401256,2.3,1.240125608444214
813,5.4639897,5.0,0.4639897346496582
814,7.722548,11.5,3.777451992034912
815,6.7417874,7.6,0.8582125663757321
816,10.718743,9.3,1.4187433242797844
817,1.3051488,9.8,8.49485116004944
818,7.3727417,7.6,0.22725830078124964
819,0.7049616,5.6,4.8950384020805355
820,6.8410244,5.3,1.5410243988037111
821,3.8646533,2.8,1.0646533489227297
822,11.971169,7.5,4.471169471740723
823,9.946056,10.6,0.6539436340332028
824,9.482476,11.0,1.5175237655639648
825,13.613646,7.5,6.113645553588867
826,5.1227627,2.8,2.322762680053711
827,9.3094845,6.9,2.409484481811523
828,9.095764,8.8,0.2957641601562493
829,12.878584,6.8,6.078583908081055
830,8.668965,10.3,1.6310346603393562
831,8.019573,5.3,2.719573211669922
832,7.1711855,9.9,2.728814506530762
833,10.283529,8.9,1.3835292816162106
834,5.523655,8.3,2.77634506225586
835,4.951401,9.6,4.648598766326904
836,4.7194476,4.0,0.7194476127624512
837,6.2717977,6.4,0.1282023429870609
838,3.2630174,3.5999999999999996,0.33698258399963343
839,4.2594733,2.5999999999999996,1.6594733238220218
840,5.3148565,3.7,1.6148565292358397
841,4.9585586,3.2,1.7585585594177244
842,7.268232,1.9000000000000004,5.368231868743896
843,7.6965346,9.2,1.5034653663635247
844,11.701567,10.4,1.3015666961669918
845,14.45409,17.9,3.4459098815917955
846,9.151761,3.0,6.151761054992676
847,10.166005,12.8,2.633994865417481
848,9.088118,9.6,0.511882400512695
849,3.286957,4.8,1.5130429744720457
850,4.88924,1.2999999999999998,3.58923978805542
851,6.2172956,6.8,0.5827043533325194
852,24.322062,18.4,5.9220615386962905
853,5.115421,4.0,1.1154208183288574
854,10.0602865,9.9,0.16028652191162074
855,9.447885,8.3,1.147884559631347
856,11.903407,6.9,5.003407096862793
857,7.5527377,9.8,2.2472622871398933
858,9.9015255,7.0,2.9015254974365234
859,7.47277,7.7,0.22722978591918963
860,15.4912815,18.9,3.4087184906005845
861,9.387046,8.7,0.687045860290528
862,6.733696,6.9,0.1663040161132816
863,4.281027,1.5999999999999996,2.6810268402099613
864,9.263561,13.0,3.736438751220703
865,10.6864195,9.3,1.386419486999511
866,11.221161,10.9,0.32116088867187464
867,5.4024673,5.1,0.30246725082397496
868,8.9289465,6.2,2.728946495056152
869,8.468631,5.9,2.568630790710449
870,3.2565048,3.4000000000000004,0.14349522590637243
871,11.153,14.8,3.647000122070313
872,6.5773153,3.0999999999999996,3.4773153305053714
873,10.325203,9.4,0.9252029418945309
874,5.8927755,2.9000000000000004,2.9927755355834957
875,6.725763,5.3,1.4257628440856935
876,7.3665714,4.5,2.8665714263916016
877,7.7240844,6.6,1.1240843772888187
878,5.991854,5.5,0.491854190826416
879,7.4596934,4.0,3.459693431854248
880,4.986046,2.5999999999999996,2.386045837402344
881,7.8809156,12.4,4.519084358215332
882,6.3003283,8.8,2.4996717453002937
883,12.930296,12.8,0.13029594421386648
884,8.581948,5.3,3.281948280334473
885,6.845217,8.3,1.4547827720642097
886,8.464407,10.2,1.7355930328369134
887,8.306066,7.0,1.306065559387207
888,9.348464,9.8,0.4515359878540046
889,6.7079363,9.6,2.89206371307373
890,7.392443,10.5,3.1075568199157715
891,8.455266,12.4,3.9447340011596683
892,10.196253,2.499999999999999,7.6962528228759775
893,18.593222,17.9,0.6932216644287124
894,9.002476,12.8,3.79752426147461
895,4.7833347,2.3,2.4833347320556642
896,5.500849,1.9000000000000004,3.600848770141601
897,6.3328404,5.3,1.0328404426574709
898,4.226147,1.5999999999999996,2.6261471748352054
899,4.797669,3.0999999999999996,1.6976689338684086
900,6.194581,5.3,0.8945810317993166
901,4.8031354,2.9000000000000004,1.9031353950500485
902,6.4529037,5.6,0.8529037475585941
903,5.3923635,4.0,1.3923635482788086
904,10.042172,12.2,2.1578275680541985
905,7.714624,3.7,4.014623928070068
906,9.155555,13.8,4.644445228576661
907,6.8365636,8.5,1.6634364128112793
908,8.353304,5.3,3.053303909301758
909,7.4395804,11.5,4.06041955947876
910,20.538513,11.7,8.83851318359375
911,7.8123393,12.0,4.1876606941223145
912,1.6317022,3.8,2.168297815322876
913,3.482381,3.299999999999999,0.1823811054229747
914,4.8869977,2.499999999999999,2.3869976997375497
915,8.958173,9.6,0.6418272018432614
916,4.350125,4.0,0.3501248359680176
917,6.2503996,4.6,1.6503995895385746
918,5.405312,3.8,1.6053120613098146
919,5.235163,1.7999999999999998,3.43516321182251
920,10.317358,9.3,1.0173580169677727
921,7.2339396,16.6,9.36606035232544
922,10.652149,12.3,1.6478507995605476
923,6.164274,6.8,0.6357257843017576
924,10.774771,13.0,2.225229263305664
925,9.106228,12.7,3.59377212524414
926,5.3969264,10.9,5.503073596954346
927,6.041527,10.5,4.458473205566406
928,5.7749114,5.7,0.07491140365600568
929,8.195614,6.7,1.4956138610839842
930,2.84777,2.7,0.14776997566223127
931,9.126253,12.7,3.5737468719482415
932,4.8734455,5.7,0.8265544891357424
933,6.8639464,9.9,3.036053562164307
934,5.1091514,2.499999999999999,2.6091513633728036
935,8.605534,9.9,1.2944664001464847
936,5.871691,7.0,1.1283087730407715
937,2.422477,7.0,4.5775229930877686
938,10.224448,14.1,3.8755517959594723
939,6.7230654,5.5,1.2230653762817383
940,9.378346,11.1,1.7216535568237301
941,12.523818,17.9,5.3761819839477525
942,8.9635935,9.6,0.6364065170288082
943,4.8512974,7.7,2.848702621459961
944,4.9046316,7.8,2.8953683853149412
945,4.363204,3.299999999999999,1.0632040023803722
946,6.0400443,7.5,1.4599556922912598
947,1.2465055,10.2,8.953494501113891
948,6.665965,16.1,9.434034919738771
949,6.071841,2.7,3.371840763092041
950,11.804463,11.6,0.2044633865356449
951,17.624979,19.8,2.1750209808349616
952,3.6789258,2.8,0.8789257526397707
953,7.3955317,3.7,3.69553165435791
954,9.186398,5.9,3.286397552490234
955,2.3542736,1.0999999999999996,1.2542735576629642
956,16.1837,17.9,1.716299438476561
957,10.212043,6.5,3.712042808532715
958,14.086717,21.6,7.5132833480834975
959,6.131232,6.2,0.06876821517944354
960,6.01249,2.8,3.2124897956848146
961,5.516707,5.5,0.01670694351196289
962,9.344445,10.2,0.8555547714233391
963,4.253503,3.8,0.45350284576416033
964,6.706257,5.6,1.1062568664550785
965,6.6912208,2.0999999999999996,4.591220760345459
966,9.560789,0.7999999999999998,8.760789108276366
967,8.291859,6.8,1.4918586730957033
968,6.3517447,3.299999999999999,3.0517446517944347
969,6.312141,5.5,0.812140941619873
970,10.365237,13.0,2.634762763977051
971,7.558035,6.7,0.8580348968505858
972,10.099647,11.1,1.0003534317016598
973,17.16065,5.9,11.260650253295898
974,6.2977386,8.4,2.1022614479064945
975,8.46661,3.9000000000000004,4.566609954833984
976,10.8074045,10.0,0.8074045181274414
977,9.021427,8.4,0.6214271545410153
978,6.6518874,4.700000000000001,1.9518874168395985
979,6.9989824,7.9,0.9010175704956058
980,14.117756,11.8,2.3177558898925774
981,8.036297,4.8,3.236296844482422
982,8.586284,3.9000000000000004,4.686283683776855
983,9.950946,11.9,1.9490541458129886
984,6.2305846,6.8,0.5694153785705565
985,7.9256887,7.0,0.9256887435913086
986,4.818811,5.1,0.2811890602111813
987,6.5252295,10.5,3.9747705459594727
988,14.220127,19.8,5.57987289428711
989,5.333752,3.7,1.633752155303955
990,5.3534164,2.8,2.553416442871094
991,3.9965808,8.9,4.903419160842896
992,18.805937,11.8,7.0059368133544915
993,7.709652,4.6,3.1096519470214847
994,9.392933,4.6,4.7929328918457035
995,7.479911,6.1,1.3799108505249027
996,2.4413946,2.0999999999999996,0.3413945674896244
997,15.894352,21.6,5.705648040771486
998,4.4744616,7.6,3.1255384445190426
999,7.6974444,6.8,0.8974444389343263
1000,8.784639,6.4,2.3846393585205075
1001,5.9008636,10.6,4.699136352539062
1002,8.277546,6.9,1.3775459289550778
1003,6.7824364,5.0,1.7824363708496094
1004,12.991075,21.6,8.608925437927248
1005,4.404008,7.0,2.595992088317871
1006,8.873611,6.0,2.8736114501953125
1007,2.9165351,5.0,2.0834648609161377
1008,8.723447,13.8,5.0765531539917
1009,6.219972,5.1,1.119972133636475
1010,11.983261,15.8,3.816738891601563
1011,6.794263,5.1,1.6942628860473636
1012,2.2461765,2.499999999999999,0.25382351875305087
1013,6.363784,7.5,1.136216163635254
1014,6.8640447,6.6,0.26404466629028356
1015,4.297258,3.9000000000000004,0.39725790023803675
1016,5.6977773,11.1,5.402222728729248
1017,12.40252,9.8,2.6025201797485344
1018,12.9184265,9.8,3.1184265136718743
1019,10.481247,4.6,5.881246948242188
1020,4.347641,5.5,1.1523590087890625
1021,3.0928776,1.3999999999999995,1.692877626419068
1022,5.652992,18.4,12.747008228302
1023,4.968834,6.6,1.631166076660156
1024,6.9493637,7.3,0.3506362915039061
1025,8.968281,8.9,0.06828079223632777
1026,7.6064744,8.4,0.79352560043335
1027,10.757222,2.5999999999999996,8.157222175598145
1028,6.3054223,6.1,0.20542230606079137
1029,5.4386306,0.9000000000000004,4.538630580902099
1030,7.5608463,6.5,1.0608463287353516
1031,5.5756397,9.9,4.324360275268555
1032,4.077005,3.0,1.0770049095153809
1033,9.387081,1.0999999999999996,8.287081146240235
1034,9.575773,11.1,1.5242267608642575
1035,4.1464586,5.0,0.853541374206543
1036,4.2144666,8.3,4.085533428192139
1037,7.1819367,4.1,3.0819367408752445
1038,9.927912,10.7,0.7720882415771477
1039,3.5701263,4.0,0.4298737049102783
1040,6.5513716,7.3,0.7486284255981444
1041,5.079193,2.9000000000000004,2.1791931152343746
1042,7.2059917,10.2,2.994008255004882
1043,3.9922867,4.0,0.00771331787109375
1044,8.480072,6.9,1.5800720214843746
1045,7.5190845,7.6,0.08091554641723597
1046,9.761038,9.4,0.3610378265380856
1047,14.204537,10.4,3.8045373916625973
1048,8.736246,6.6,2.1362461090087894
1049,7.3804784,4.700000000000001,2.6804783821105946
1050,10.194501,9.3,0.8945009231567376
1051,5.8299685,6.0,0.17003154754638672
1052,3.0211136,2.9000000000000004,0.12111363410949672
1053,4.576422,3.4000000000000004,1.1764222145080563
1054,5.619495,6.9,1.2805050849914554
1055,15.431961,18.9,3.468038940429686
1056,6.474594,2.0999999999999996,4.374594116210938
1057,17.496656,15.8,1.696656417846679
1058,4.2178955,2.0999999999999996,2.1178955078125004
1059,12.005992,11.9,0.10599193572998011
1060,8.12662,8.2,0.07337970733642507
1061,5.1065335,4.6,0.5065335273742679
1062,5.1293793,2.5999999999999996,2.529379272460938
1063,10.130235,8.7,1.4302347183227546
1064,5.9055567,5.3,0.6055566787719728
1065,8.093595,6.9,1.1935945510864254
1066,13.450124,18.9,5.449876213073729
1067,8.085993,8.5,0.41400718688964844
1068,1.5259621,0.7000000000000002,0.8259621143341063
1069,8.546078,10.3,1.7539222717285163
1070,8.050389,8.9,0.8496107101440433
1071,7.20491,7.3,0.09509019851684553
1072,7.914199,8.2,0.2858011245727532
1073,7.9149175,6.9,1.0149174690246578
1074,9.309543,7.6,1.7095426559448246
1075,6.3880987,6.9,0.5119012832641605
1076,9.558582,5.9,3.6585823059082028
1077,8.4032755,9.9,1.4967245101928714
1078,4.40292,10.2,5.79708023071289
1079,8.687796,9.3,0.6122043609619148
1080,11.200452,12.4,1.199548149108887
1081,9.027807,4.6,4.427807235717774
1082,11.723869,10.9,0.8238693237304684
1083,14.207943,18.9,4.692057037353514
1084,4.57993,7.6,3.020070171356201
1085,13.825512,11.8,2.025511932373046
1086,8.30796,11.0,2.69204044342041
1087,9.527648,5.7,3.8276479721069334
1088,6.4629264,5.2,1.262926387786865
1089,15.510898,18.9,3.3891023635864244
1090,4.750211,6.9,2.1497892379760746
1091,4.6205854,4.700000000000001,0.0794145584106456
1092,10.031441,9.8,0.23144073486328054
1093,11.818546,11.9,0.08145370483398473
1094,8.8114195,6.3,2.511419486999512
1095,8.425805,9.9,1.4741949081420902
1096,12.860478,10.3,2.5604784011840813
1097,7.4309816,7.5,0.06901836395263672
1098,6.785589,6.1,0.6855892181396488
1099,6.543892,2.499999999999999,4.043891906738282
1100,11.160382,5.2,5.960382270812988
1101,6.695089,5.3,1.395088863372803
1102,17.896849,19.8,1.9031513214111335
1103,8.83614,9.3,0.4638603210449226
1104,14.234947,15.8,1.565052795410157
1105,9.309993,9.0,0.30999279022216797
1106,11.492666,12.8,1.3073337554931648
1107,5.736881,3.8,1.9368807792663576
1108,8.645966,8.2,0.4459655761718757
1109,7.2082067,3.4000000000000004,3.8082066535949703
1110,4.444203,2.3,2.1442028999328615
1111,8.024217,9.8,1.7757833480834968
1112,6.467077,5.5,0.9670767784118652
1113,11.23142,17.2,5.968580436706542
1114,6.2611356,7.6,1.338864421844482
1115,18.737219,19.8,1.0627811431884773
1116,10.209325,11.9,1.6906751632690433
1117,6.6214156,6.4,0.22141561508178675
1118,4.261109,17.2,12.938891124725341
1119,5.478193,1.0,4.4781928062438965
1120,8.764609,5.1,3.6646093368530277
1121,5.7870917,4.8,0.9870917320251467
1122,9.802341,7.3,2.502341461181641
1123,6.889504,3.9000000000000004,2.989503955841064
1124,6.421711,7.7,1.278289031982422
1125,5.8474145,6.9,1.0525855064392093
1126,7.9872174,6.0,1.9872174263000488
1127,8.7168045,5.9,2.816804504394531
1128,7.9782023,6.8,1.1782023429870607
1129,8.521234,3.4000000000000004,5.121233558654785
1130,3.5911272,3.0999999999999996,0.49112715721130407
1131,14.266411,10.3,3.966410827636718
1132,5.250902,3.4000000000000004,1.85090217590332
1133,6.5699368,8.7,2.1300632476806634
1134,6.4360094,2.8,3.636009407043457
1135,13.248533,9.6,3.6485332489013675
1136,8.439095,7.5,0.9390945434570312
1137,3.5307825,8.0,4.469217538833618
1138,5.2606406,2.8,2.460640621185303
1139,10.08664,16.7,6.613359642028808
1140,12.809342,5.9,6.9093423843383786
1141,6.353671,6.9,0.5463289260864261
1142,6.262518,2.499999999999999,3.7625179290771493
1143,9.169274,7.0,2.16927433013916
1144,5.014342,3.2,1.8143418312072752
1145,7.454821,9.4,1.9451788902282718
1146,11.196423,11.4,0.20357742309570348
1147,4.813887,5.3,0.48611288070678693
1148,12.538376,10.8,1.7383758544921868
1149,7.4032288,11.2,3.7967712402343743
1150,4.9607935,3.7,1.2607934951782225
1151,11.723251,10.8,0.9232513427734368
1152,9.312249,7.3,2.0122491836547853
1153,8.838721,7.9,0.9387212753295895
1154,13.497261,11.0,2.4972610473632812
1155,6.219211,6.4,0.18078889846801793
1156,6.5956078,8.4,1.804392242431641
1157,10.456347,9.3,1.156347465515136
1158,8.876959,7.6,1.2769588470458988
1159,9.613432,9.3,0.3134319305419915
1160,17.731491,17.9,0.16850891113281108
1161,14.463385,18.9,4.4366153717041
1162,8.204622,10.0,1.7953777313232422
1163,7.5824933,5.3,2.282493305206299
1164,8.931405,4.1,4.831405067443848
1165,17.388647,7.6,9.788647079467774
1166,5.0921774,2.9000000000000004,2.1921773910522457
1167,9.278893,9.6,0.3211065292358395
1168,11.06591,8.6,2.465910339355469
1169,4.197209,6.9,2.7027911186218265
1170,6.4278145,5.8,0.6278144836425783
1171,3.9920905,4.0,0.007909536361694336
1172,6.2581563,8.2,1.9418437004089348
1173,8.546309,1.7999999999999998,6.746309471130371
1174,5.606525,6.5,0.8934750556945801
1175,14.679408,15.8,1.1205919265747077
1176,8.621074,1.2999999999999998,7.321073722839356
1177,7.4631996,16.0,8.536800384521484
1178,8.447939,7.6,0.8479389190673832
1179,7.918775,4.8,3.1187750816345217
1180,9.07337,8.2,0.8733699798583991
1181,12.412336,13.1,0.687663650512695
1182,9.057065,4.6,4.457065010070801
1183,10.461058,11.5,1.0389423370361328
1184,2.8024142,2.4000000000000004,0.40241417884826625
1185,6.463355,6.4,0.06335506439208949
1186,4.030546,10.5,6.469453811645508
1187,7.957254,6.6,1.3572539329528812
1188,8.793197,1.0,7.793196678161621
1189,7.5558143,9.5,1.944185733795166
1190,9.991415,10.6,0.6085849761962887
1191,7.7152123,8.0,0.284787654876709
1192,9.683476,10.7,1.0165235519409173
1193,18.643847,14.6,4.043846511840821
1194,15.803153,21.6,5.796846961975099
1195,6.6730795,5.5,1.173079490661621
1196,7.770595,1.0,6.770595073699951
1197,5.3025312,5.3,0.0025312423706056464
1198,12.199893,6.7,5.499892997741699
1199,8.518941,21.6,13.081059074401857
1200,9.741315,10.4,0.6586851119995121
1201,6.7155805,12.8,6.084419536590577
1202,8.573971,4.8,3.7739707946777346
1203,7.982694,6.9,1.0826941490173336
1204,8.7487335,4.1,4.648733520507813
1205,7.692978,4.700000000000001,2.9929779052734364
1206,7.363198,6.8,0.5631978034973146
1207,2.2620199,5.3,3.0379801273345945
1208,11.251465,18.7,7.448535156249999
1209,6.867486,8.7,1.8325139999389641
1210,5.416937,3.8,1.6169368743896486
1211,9.24072,8.9,0.3407197952270504
1212,12.206596,8.2,4.0065963745117195
1213,8.9788685,10.7,1.721131515502929
1214,9.882745,7.6,2.2827447891235355
1215,10.548504,11.1,0.5514961242675778
1216,4.3633957,5.3,0.9366043090820311
1217,5.7624803,3.4000000000000004,2.36248025894165
1218,6.9239125,0.7000000000000002,6.223912525177002
1219,6.387838,4.6,1.787837886810303
1220,4.119124,3.7,0.4191239356994627
1221,6.9235353,7.3,0.37646465301513654
1222,10.276995,12.4,2.123005294799805
1223,12.032577,5.9,6.132576560974121
1224,7.6545353,6.3,1.3545352935791017
1225,9.297512,11.9,2.602487945556641
1226,4.877223,1.2999999999999998,3.577223014831543
1227,15.297657,11.7,3.597657012939454
1228,4.392048,3.8,0.5920478820800783
1229,11.897955,12.3,0.4020450592041023
1230,19.054543,19.8,0.7454574584960945
1231,9.558624,9.7,0.1413757324218743
1232,8.191773,8.4,0.20822658538818395
1233,9.036846,5.9,3.1368461608886715
1234,19.747255,19.8,0.0527446746826179
1235,1.9600399,11.2,9.239960145950317
1236,6.9221516,9.8,2.877848434448243
1237,0.56519824,0.40000000000000036,0.1651982426643368
1238,5.354183,6.6,1.2458168029785153
1239,9.783983,9.8,0.016016769409180398
1240,10.957599,5.7,5.2575986862182615
1241,9.790115,5.9,3.890115356445312
1242,3.45236,2.9000000000000004,0.5523599147796627
1243,8.287795,6.7,1.587795066833496
1244,5.771594,3.8,1.971594047546387
1245,5.7166343,8.8,3.083365726470948
1246,5.8873467,6.1,0.21265325546264613
1247,11.366778,11.2,0.16677837371826243
1248,5.5105,8.7,3.1895000457763665
1249,7.824166,12.4,4.575834178924561
1250,10.329498,9.2,1.1294982910156257
1251,6.383398,7.3,0.9166019439697264
1252,11.753866,18.7,6.946133804321288
1253,11.222998,11.1,0.12299766540527379
1254,12.3669815,12.6,0.2330184936523434
1255,8.499638,11.1,2.600362396240234
1256,4.58314,4.700000000000001,0.1168601036071788
1257,5.222183,5.4,0.17781677246093786
1258,3.8756006,2.9000000000000004,0.9756005764007565
1259,7.798419,5.9,1.8984189987182614
1260,6.0677385,5.9,0.16773853302001918
1261,9.9331255,18.4,8.466874504089354
1262,6.110432,5.9,0.21043214797973597
1263,17.416952,15.8,1.6169521331787102
1264,4.9409065,8.9,3.9590934753417972
1265,8.909603,6.0,2.9096031188964844
1266,3.5201104,3.2,0.3201103687286375
1267,3.7991726,2.4000000000000004,1.3991726398468014
1268,1.3221943,0.20000000000000018,1.1221943378448485
1269,2.6992376,4.8,2.100762414932251
1270,2.718881,2.9000000000000004,0.1811191082000736
1271,8.913244,5.8,3.1132442474365236
1272,5.13202,8.0,2.8679800033569336
1273,8.645076,8.4,0.2450757980346676
1274,10.178083,9.7,0.4780834197998054
1275,21.213167,11.7,9.513167190551759
1276,5.436571,4.700000000000001,0.7365711212158192
1277,11.121138,10.8,0.321137619018554
1278,5.1018434,8.6,3.498156642913818
1279,9.6103325,9.3,0.31033248901367116
1280,10.262317,5.3,4.962316703796387
1281,3.7594407,8.5,4.740559339523315
1282,4.1250935,2.3,1.825093460083008
1283,7.384015,12.4,5.015984916687012
1284,11.416374,9.6,1.816374206542969
1285,8.109153,5.9,2.209152793884277
1286,10.746199,12.8,2.053801345825196
1287,7.0533056,6.9,0.153305625915527
1288,4.9295583,6.6,1.6704417228698727
1289,12.163461,12.6,0.436539268493652
1290,4.6087484,3.5,1.108748435974121
1291,9.391,10.7,1.3090002059936516
1292,7.8697166,5.3,2.5697166442871096
1293,8.146181,18.4,10.253818893432616
1294,3.020573,5.6,2.579427099227905
1295,11.072436,8.4,2.6724363327026364
1296,9.320627,5.9,3.4206272125244137
1297,10.648767,18.4,7.751232528686522
1298,17.01934,15.8,1.219340515136718
1299,9.669868,12.4,2.730131530761719
1300,12.052812,11.9,0.15281162261962855
1301,16.3629,21.6,5.237100219726564
1302,6.067287,2.7,3.367286968231201
1303,9.135651,6.0,3.135650634765625
1304,8.427885,8.6,0.17211494445800746
1305,8.176149,7.5,0.6761493682861328
1306,7.47129,12.4,4.928709888458252
1307,4.1597757,7.6,3.4402242660522457
1308,5.9348054,6.6,0.6651946067810055
1309,6.1426415,5.3,0.8426415443420412
1310,10.20463,8.4,1.8046298980712887
1311,2.3673012,0.40000000000000036,1.967301225662231
1312,18.341448,19.8,1.4585521697998054
1313,8.608621,7.6,1.008620643615723
1314,7.936872,9.9,1.9631279945373539
1315,10.048035,3.9000000000000004,6.14803466796875
1316,6.8713393,9.5,2.6286606788635254
1317,11.808875,16.7,4.8911249160766594
1318,5.0322447,4.0,1.0322446823120117
1319,10.3354645,12.8,2.464535522460938
1320,4.5366096,6.1,1.5633903503417965
1321,5.6297874,4.0,1.6297874450683594
1322,9.455025,9.9,0.4449752807617191
1323,5.3885913,7.6,2.211408710479736
1324,12.203991,7.5,4.703990936279297
1325,3.0466812,5.7,2.6533188343048097
1326,5.991396,5.3,0.691395950317383
1327,6.0097427,6.6,0.5902572631835934
1328,5.209638,2.5999999999999996,2.609638118743897
1329,6.230314,3.8,2.430313777923584
1330,8.833467,4.4,4.433466529846191
1331,5.340782,6.5,1.1592178344726562
1332,9.984951,8.4,1.584951019287109
1333,9.117807,8.9,0.2178073883056637
1334,13.547244,8.8,4.7472440719604485
1335,10.299887,11.8,1.5001132965087898
1336,9.253711,5.9,3.3537107467651364
1337,5.684844,5.3,0.38484401702880877
1338,3.8931968,9.2,5.306803178787231
1339,8.4137,6.4,2.0137001037597653
1340,6.4773297,1.0,5.477329730987549
1341,4.89995,6.1,1.2000499725341793
1342,6.24826,6.9,0.6517399787902836
1343,6.9055853,5.3,1.605585289001465
1344,19.098648,11.7,7.398648071289063
1345,1.3667471,4.8,3.4332528591156004
1346,5.4305997,6.4,0.9694003105163578
1347,7.0353417,7.0,0.035341739654541016
1348,6.0716753,5.8,0.2716753005981447
1349,13.920904,18.9,4.9790958404541
1350,9.32153,11.6,2.278469657897949
1351,6.5023518,4.0,2.502351760864258
1352,7.94764,8.9,0.9523600578308109
1353,3.3461893,5.0,1.653810739517212
1354,7.0536757,7.5,0.44632434844970703
1355,7.9365096,3.7,4.236509609222412
1356,6.774942,8.3,1.5250580787658699
1357,9.295242,9.8,0.5047576904296882
1358,17.273798,22.4,5.126202011108397
1359,7.478038,7.6,0.12196216583251918
1360,4.4056535,2.7,1.7056534767150877
1361,4.3042746,3.2,1.104274559020996
1362,11.6842985,7.9,3.784298515319824
1363,9.323436,9.6,0.2765642166137692
1364,5.1961308,2.7,2.4961307525634764
1365,5.9174833,4.700000000000001,1.2174833297729482
1366,6.1613503,1.0,5.161350250244141
1367,8.99293,8.5,0.49293041229248047
1368,8.371138,7.5,0.8711376190185547
1369,5.458305,1.7000000000000002,3.7583048820495604
1370,19.247057,18.4,0.8470569610595717
1371,4.2370496,5.3,1.0629504203796385
1372,1.6421292,6.1,4.457870817184448
1373,3.575446,6.1,2.524554109573364
1374,7.703284,0.7999999999999998,6.903283786773682
1375,2.6978195,3.8,1.102180528640747
1376,5.1461663,7.8,2.6538336753845213
1377,6.696817,6.6,0.09681692123413121
1378,6.1659956,2.0,4.1659955978393555
1379,9.663585,5.1,4.563584709167481
1380,7.444979,2.5999999999999996,4.844979190826416
1381,9.626999,9.8,0.1730010986328132
1382,4.532978,3.2,1.332978057861328
1383,3.6415508,1.2999999999999998,2.3415507793426515
1384,8.864754,7.0,1.8647537231445312
1385,4.3452945,3.4000000000000004,0.9452944755554196
1386,13.369879,12.9,0.4698787689208981
1387,10.243185,6.5,3.743185043334961
1388,5.416924,9.2,3.7830760002136223
1389,10.547268,16.0,5.452732086181641
1390,8.576772,9.5,0.9232282638549805
1391,7.096196,4.8,2.296196174621582
1392,12.708959,6.9,5.808958625793457
1393,7.6112804,4.8,2.81128044128418
1394,7.336788,2.499999999999999,4.836788177490235
1395,7.5310016,8.1,0.5689984321594235
1396,4.802718,4.4,0.40271816253662074
1397,7.738388,7.0,0.7383880615234375
1398,2.2638166,1.3999999999999995,0.8638165950775152
1399,6.895871,11.3,4.40412883758545
1400,5.0287013,5.3,0.2712986946105955
1401,7.4030576,6.6,0.8030575752258304
1402,8.233352,9.8,1.5666482925415046
1403,8.884757,10.3,1.4152429580688484
1404,9.526842,7.6,1.9268421173095707
1405,21.494848,18.4,3.094848251342775
1406,4.9504585,5.3,0.3495414733886717
1407,4.2353578,8.6,4.364642238616943
1408,7.237646,6.4,0.8376461029052731
1409,15.458045,18.9,3.4419549942016587
1410,16.55601,22.4,5.8439907073974595
1411,12.068593,11.9,0.16859302520751918
1412,8.537891,5.3,3.2378913879394533
1413,5.4422884,6.5,1.0577116012573242
1414,8.980529,8.9,0.08052883148193324
1415,7.3698688,12.8,5.4301312446594245
1416,13.325623,11.0,2.32562255859375
1417,11.9999075,7.5,4.499907493591309
1418,5.235528,13.7,8.464472007751464
1419,9.264073,12.7,3.4359266281127923
1420,12.510933,11.9,0.6109329223632809
1421,6.681758,4.8,1.8817579269409181
1422,6.383396,11.9,5.51660385131836
1423,5.00538,6.6,1.5946198463439938
1424,9.179498,6.6,2.5794977188110355
1425,8.408638,5.3,3.1086380004882814
1426,11.235329,11.9,0.6646713256835941
1427,8.2613735,6.1,2.1613735198974613
1428,9.676699,8.8,0.8766986846923821
1429,9.717113,12.8,3.0828874588012702
1430,11.579475,16.1,4.52052459716797
1431,5.0224423,2.0999999999999996,2.9224423408508304
1432,8.381865,6.4,1.9818645477294918
1433,3.8666627,3.8,0.06666274070739764
1434,5.6549816,8.2,2.5450183868408196
1435,6.0505137,9.9,3.8494862556457523
1436,6.1802826,5.1,1.0802825927734379
1437,8.834089,5.3,3.534089279174805
1438,0.3424614,2.0999999999999996,1.7575385928153988
1439,6.1939,8.8,2.6060998916625984
1440,7.942704,11.2,3.2572957992553704
1441,7.8133883,8.9,1.086611652374268
1442,11.411657,11.9,0.4883426666259769
1443,6.051491,1.9000000000000004,4.151490783691406
1444,7.6519637,12.7,5.048036289215087
1445,10.095347,10.6,0.5046525955200192
1446,6.256154,3.0999999999999996,3.15615406036377
1447,6.9834666,8.9,1.9165333747863773
1448,4.0759115,1.7999999999999998,2.2759115219116213
1449,5.4589634,4.9,0.5589633941650387
1450,7.1399174,5.1,2.039917373657227
1451,7.5189266,2.7,4.818926620483398
1452,7.125895,6.9,0.2258950233459469
1453,11.610399,4.0,7.61039924621582
1454,5.8408356,11.0,5.1591644287109375
1455,9.55229,9.8,0.24771003723144602
1456,2.7258909,4.5,1.774109125137329
1457,10.134043,6.9,3.2340427398681637
1458,4.3921046,9.4,5.007895374298096
1459,4.363372,8.0,3.6366281509399414
1460,11.566527,18.7,7.133472633361816
1461,10.934538,9.8,1.1345378875732415
1462,8.255924,12.4,4.144075775146485
1463,12.777658,12.8,0.022341537475586648
1464,5.6588073,9.8,4.141192722320557
1465,3.4118378,4.0,0.5881621837615967
1466,9.131366,9.5,0.3686342239379883
1467,3.9894118,4.0,0.01058816909790039
1468,8.103552,1.5999999999999996,6.503551864624024
1469,6.8291583,12.7,5.870841693878173
1470,9.410756,9.8,0.3892438888549812
1471,8.083578,5.1,2.9835781097412113
1472,12.449179,12.3,0.14917869567871023
1473,19.877949,15.8,4.077948760986327
1474,17.138096,18.4,1.261904144287108
1475,9.847075,4.8,5.047075462341309
1476,7.210253,5.3,1.9102527618408205
1477,3.9781206,5.0,1.0218794345855713
1478,10.728321,8.9,1.8283210754394528
1479,3.3472965,1.7999999999999998,1.547296476364136
1480,9.612217,9.3,0.3122169494628899
1481,9.42507,14.8,5.37493019104004
1482,5.863765,7.0,1.136235237121582
1483,7.06007,7.5,0.4399299621582031
1484,5.605336,7.7,2.0946638107299806
1485,1.9335682,0.5,1.4335682392120361
1486,6.136951,9.4,3.2630490303039554
1487,10.828539,10.6,0.22853889465332067
1488,8.38058,9.7,1.3194200515747063
1489,11.361871,11.4,0.0381292343139652
1490,3.7533224,2.0999999999999996,1.6533223628997806
1491,7.789359,13.1,5.310640907287597
1492,2.2644346,9.8,7.535565423965455
1493,7.0901027,7.6,0.5098973274230953
1494,11.009067,14.8,3.7909334182739265
1495,5.461557,1.5999999999999996,3.861556911468506
1496,9.473033,9.8,0.32696704864502024
1497,5.292389,6.7,1.4076110839843752
1498,5.3522563,4.0,1.3522562980651855
1499,6.3773947,3.4000000000000004,2.9773946762084957
1500,15.27445,5.9,9.374450302124023
1501,7.7402244,7.6,0.1402243614196781
1502,7.613917,6.8,0.8139168739318849
1503,3.9443722,9.5,5.555627822875977
1504,5.018169,4.700000000000001,0.3181689262390126
1505,4.634581,2.4000000000000004,2.234581089019775
1506,9.765412,11.1,1.3345876693725582
1507,5.403543,2.7,2.7035429954528807
1508,2.574251,1.9000000000000004,0.6742509365081784
1509,12.624575,15.5,2.875425338745117
1510,6.9457526,3.5999999999999996,3.345752620697022
1511,3.514417,7.6,4.085583066940307
1512,7.5674963,2.7,4.867496299743652
1513,3.888305,4.1,0.21169505119323695
1514,3.7477758,3.8,0.0522242069244383
1515,11.153458,11.8,0.6465423583984382
1516,8.828792,7.6,1.2287916183471683
1517,6.4728355,9.2,2.727164459228515
1518,8.538237,9.8,1.2617633819580085
1519,6.8940935,9.7,2.8059064865112298
1520,8.684925,6.9,1.7849250793457028
1521,12.995568,15.8,2.8044317245483406
1522,7.635078,5.6,2.0350779533386234
1523,10.652726,18.9,8.24727382659912
1524,8.984056,7.6,1.3840564727783207
1525,8.225772,9.2,0.9742280960083001
1526,11.244355,13.0,1.7556447982788086
1527,8.495647,5.1,3.3956474304199222
1528,3.160241,4.700000000000001,1.53975911140442
1529,7.7967052,14.1,6.30329475402832
1530,9.423337,10.8,1.37666301727295
1531,5.0105805,5.3,0.2894194602966307
1532,9.071592,11.0,1.9284076690673828
1533,14.865529,15.8,0.9344709396362312
1534,10.973689,12.4,1.4263109207153324
1535,0.9026416,2.4000000000000004,1.4973584055900577
1536,7.6407022,12.0,4.359297752380371
1537,9.803558,17.2,7.396441650390624
1538,2.7429178,2.0999999999999996,0.6429177761077884
1539,6.357855,6.6,0.2421451568603512
1540,7.063274,10.5,3.4367260932922363
1541,8.29437,10.9,2.6056303024291996
1542,11.054147,8.9,2.1541467666625973
1543,17.209421,22.4,5.1905788421630845
1544,5.1194735,3.7,1.4194734573364256
1545,12.167688,10.2,1.9676883697509773
1546,4.2991924,3.4000000000000004,0.8991924285888668
1547,9.282327,6.4,2.8823266983032223
1548,6.446346,6.9,0.4536541938781742
1549,9.720323,9.9,0.17967739105224645
1550,11.858023,12.8,0.9419773101806648
1551,7.785448,4.8,2.9854480743408205
1552,10.745044,6.4,4.345043754577636
1553,14.614192,8.9,5.714192008972168
1554,10.026431,3.299999999999999,6.7264310836792
1555,8.425517,1.9000000000000004,6.525517082214355
1556,4.982648,2.5999999999999996,2.3826478958129886
1557,9.837857,5.9,3.9378572463989254
1558,12.690935,11.1,1.5909351348876957
1559,9.136276,9.3,0.1637237548828132
1560,6.2167473,12.7,6.483252716064452
1561,6.403168,2.0,4.403168201446533
1562,8.960773,11.9,2.9392265319824222
1563,7.0394874,7.3,0.26051263809204084
1564,6.8170223,9.7,2.882977676391601
1565,2.8830597,1.5,1.3830597400665283
1566,7.1732006,3.8,3.373200607299805
1567,8.005717,7.1,0.9057172775268558
1568,11.676327,11.9,0.22367324829101598
1569,6.4192066,7.5,1.0807933807373047
1570,7.9655223,9.3,1.3344777107238777
1571,5.971703,18.5,12.528296947479248
1572,7.251816,7.9,0.6481842041015629
1573,4.9604983,6.4,1.4395016670227054
1574,7.258829,9.4,2.1411708831787113
1575,5.178213,5.8,0.6217868804931639
1576,5.2620287,6.6,1.3379713058471676
1577,4.7616224,6.5,1.738377571105957
1578,6.354382,1.9000000000000004,4.454382038116455
1579,4.732281,9.8,5.067718791961671
1580,6.1815953,5.3,0.8815953254699709
1581,9.477615,10.3,0.8223846435546882
1582,18.920858,11.7,7.220858383178712
1583,10.437924,6.5,3.937924385070801
1584,7.8511233,5.0,2.851123332977295
1585,9.582299,7.6,1.9822992324829105
1586,13.421158,16.7,3.278842163085937
1587,2.500252,0.40000000000000036,2.10025200843811
1588,5.4907374,11.0,5.509262561798096
1589,6.0783124,5.3,0.778312397003174
1590,6.280139,1.5,4.780138969421387
1591,9.785248,10.6,0.8147521972656246
1592,11.546568,12.7,1.153432083129882
1593,6.2869267,3.0999999999999996,3.1869267463684086
1594,6.2637043,2.499999999999999,3.7637042999267587
1595,17.229082,19.8,2.5709178924560554
1596,3.8235366,1.7999999999999998,2.0235366344451906
1597,6.231626,3.5999999999999996,2.6316260337829593
1598,1.441364,1.5999999999999996,0.15863595008850062
1599,4.3094263,6.7,2.3905736923217775
1600,3.7377102,2.8,0.9377102375030519
1601,9.818602,7.3,2.5186016082763674
1602,3.6311195,3.9000000000000004,0.26888051033020055
1603,12.932121,11.5,1.4321212768554688
1604,7.9487457,8.9,0.9512542724609379
1605,6.6768246,5.2,1.4768245697021483
1606,4.9517975,4.700000000000001,0.25179748535156143
1607,9.868152,6.9,2.9681516647338864
1608,6.3638344,6.8,0.4361656188964842
1609,9.52683,11.4,1.8731702804565433
1610,3.9556673,3.7,0.2556672573089598
1611,9.057305,14.1,5.0426946640014645
1612,7.719788,5.3,2.4197880744934084
1613,8.011835,11.1,3.088164901733398
1614,10.293506,6.9,3.3935056686401364
1615,6.5892787,3.5,3.0892786979675293
1616,11.109779,13.2,2.090220642089843
1617,9.646164,7.5,2.1461639404296875
1618,2.7065732,1.0999999999999996,1.6065732479095463
1619,6.721579,7.8,1.0784209251403807
1620,7.0273023,6.0,1.0273022651672363
1621,8.979738,8.3,0.6797382354736321
1622,5.745664,11.8,6.054335880279542
1623,8.542541,1.0999999999999996,7.442540550231934
1624,5.8693185,5.8,0.06931848526000994
1625,8.5490265,7.3,1.2490264892578127
