Y_pred,Y_real,Mean,,,,,,,,,,,,,,,
42.2186882,43.7,1.481311797,,,,Y_pred,Y_real,Mean,,스태킹 앙상블 모델을 통한 회귀예측,,,,릿지 모델을 통한 회귀예측,,,
89.24759392,84,5.247593918,,,count,1155,1155,1155,,대상,임대료,,,대상,임대료,,
95.67904519,84.2,11.47904519,,,mean,46.386392,47.714632,4.576746,,총 데이터,5772,,,총 데이터,5772,,
56.90550849,68.4,11.49449151,,,std,26.059538,30.913329,11.367391,,학습데이터,4617,,,학습데이터,4617,,
40.22594841,46.5,6.274051589,,,min,20.072786,20.9,0.00134,,테스트데이터,1155,,,테스트데이터,1155,,
47.92575193,46.9,1.025751928,,,25%,31.197356,29.9,1.214251,,score,0.924073365,,,score,0.381110867,,
24.1603409,21,3.160340899,,,50%,42.983147,44.4,2.718925,,RMSE,0.127464458,,,RMSE,0.336811527,,
32.29905421,30.7,1.59905421,,,75%,53.350871,55.25,5.213186,,,,,,,,,
45.48048061,46.4,0.919519389,,,max,313.858737,295.1,211.964068,,,,,,라쏘 모델을 통한 회귀예측,,,
20.93322651,20.9,0.03322651,,,,,,,,,,,,대상,임대료,,
67.46896268,70.1,2.631037319,,,,,,,,,,,,총 데이터,5772,,
36.45147854,37,0.548521462,,,,,,,,,,,,학습데이터,4617,,
23.95285852,20.9,3.052858523,,,,,,,,,,,,테스트데이터,1155,,
42.94347199,46.4,3.456528005,,,,,,,,,,,,score,0.376682324,,
39.47149343,40.8,1.328506569,,,,,,,,,,,,RMSE,0.338014429,,
32.03373798,37.8,5.76626202,,,,,,,,,,,,,,,
41.95002581,35.4,6.55002581,,,,,,,,,,,,LGBM 모델을 통한 회귀예측,,,
48.7263095,51.7,2.973690505,,,,,,,,,,,,대상,임대료,,
47.00733548,46.9,0.107335483,,,,,,,,,,,,총 데이터,5772,,
26.76104865,25.2,1.561048653,,,,,,,,,,,,학습데이터,4617,,
38.07027161,52.4,14.32972839,,,,,,,,,,,,테스트데이터,1155,,
45.69271585,46.9,1.207284151,,,,,,,,,,,,score,0.772605263,,
43.81692368,43.8,0.016923685,,,,,,,,,,,,RMSE,0.204160031,,
45.74853557,44.4,1.348535566,,,,,,,,,,,,,,,
27.3180486,22.7,4.618048597,,,,,,,,,,,,XGBoost 모델을 통한 회귀예측,,,
43.42670497,39.2,4.226704972,,,,,,,,,,,,대상,임대료,,
57.66508121,45.3,12.36508121,,,,,,,,,,,,총 데이터,5772,,
32.28390028,33.5,1.21609972,,,,,,,,,,,,학습데이터,4617,,
29.75835532,26.4,3.358355319,,,,,,,,,,,,테스트데이터,1155,,
82.03013844,84.6,2.569861555,,,,,,,,,,,,score,0.888966398,,
57.53181537,55.8,1.731815375,,,,,,,,,,,,RMSE,0.142661811,,
30.17991765,27.8,2.379917646,,,,,,,,,,,,,,,
54.46222083,64.3,9.837779169,,,,,,,,,,,,,,,
69.27411849,69.6,0.325881508,,,,,,,,,,,,,,,
31.13146536,30.4,0.731465363,,,,,,,,,,,,,,,
56.89915171,58.9,2.000848291,,,,,,,,,,,,,,,
46.8362485,43.8,3.036248504,,,,,,,,,,,,,,,
54.39556553,51.7,2.695565535,,,,,,,,,,,,,,,
30.49632303,27.8,2.696323025,,,,,,,,,,,,,,,
36.47576038,39.2,2.724239619,,,,,,,,,,,,,,,
37.08769967,40.6,3.512300327,,,,,,,,,,,,,,,
46.48146171,46.6,0.118538293,,,,,,,,,,,,,,,
92.87512086,84.2,8.67512086,,,,,,,,,,,,,,,
46.52303985,43.5,3.02303985,,,,,,,,,,,,,,,
47.26021383,43.7,3.560213831,,,,,,,,,,,,,,,
43.30015012,41.1,2.200150115,,,,,,,,,,,,,,,
63.1998449,90.5,27.3001551,,,,,,,,,,,,,,,
38.70294337,39.9,1.197056631,,,,,,,,,,,,,,,
74.16529416,70.5,3.665294156,,,,,,,,,,,,,,,
53.08921693,52.1,0.989216932,,,,,,,,,,,,,,,
26.66722219,21,5.667222191,,,,,,,,,,,,,,,
41.89916828,37.4,4.499168278,,,,,,,,,,,,,,,
82.91773901,89,6.082260991,,,,,,,,,,,,,,,
23.71886925,22.7,1.01886925,,,,,,,,,,,,,,,
25.58887889,21,4.58887889,,,,,,,,,,,,,,,
47.76405801,47,0.76405801,,,,,,,,,,,,,,,
45.01797469,46.2,1.182025311,,,,,,,,,,,,,,,
25.1463428,26.1,0.953657202,,,,,,,,,,,,,,,
75.13237286,68.9,6.232372864,,,,,,,,,,,,,,,
23.98450337,26.1,2.115496632,,,,,,,,,,,,,,,
39.55853676,23.7,15.85853676,,,,,,,,,,,,,,,
41.10512135,47.7,6.594878654,,,,,,,,,,,,,,,
25.00350164,23.3,1.703501645,,,,,,,,,,,,,,,
72.42811829,69.3,3.128118288,,,,,,,,,,,,,,,
66.96827203,69.7,2.731727974,,,,,,,,,,,,,,,
34.32829989,33.5,0.828299886,,,,,,,,,,,,,,,
47.710328,36.7,11.010328,,,,,,,,,,,,,,,
71.86304277,73.4,1.536957225,,,,,,,,,,,,,,,
42.55889662,39.3,3.258896622,,,,,,,,,,,,,,,
29.69427651,21,8.694276511,,,,,,,,,,,,,,,
41.57665327,41.5,0.076653274,,,,,,,,,,,,,,,
35.84327273,38.5,2.656727266,,,,,,,,,,,,,,,
28.06841787,23.7,4.36841787,,,,,,,,,,,,,,,
24.51886928,22.7,1.818869279,,,,,,,,,,,,,,,
27.25031621,27.6,0.349683786,,,,,,,,,,,,,,,
35.62723471,39,3.372765287,,,,,,,,,,,,,,,
57.5535837,64.6,7.046416296,,,,,,,,,,,,,,,
34.86194386,33.3,1.561943857,,,,,,,,,,,,,,,
38.57139455,38,0.571394552,,,,,,,,,,,,,,,
55.85353365,64.9,9.046466353,,,,,,,,,,,,,,,
39.43680643,41.4,1.963193568,,,,,,,,,,,,,,,
25.94324993,26.4,0.456750066,,,,,,,,,,,,,,,
53.70914038,58.7,4.990859623,,,,,,,,,,,,,,,
35.26781007,38.3,3.03218993,,,,,,,,,,,,,,,
42.21243375,41.3,0.912433746,,,,,,,,,,,,,,,
47.22045079,46.4,0.820450788,,,,,,,,,,,,,,,
32.2494162,26.2,6.049416195,,,,,,,,,,,,,,,
28.37789548,26.1,2.277895481,,,,,,,,,,,,,,,
34.60840083,38.6,3.991599171,,,,,,,,,,,,,,,
73.11069133,69.1,4.010691333,,,,,,,,,,,,,,,
40.84409556,40.4,0.444095562,,,,,,,,,,,,,,,
27.4082199,26.3,1.108219896,,,,,,,,,,,,,,,
31.65328585,29.9,1.753285853,,,,,,,,,,,,,,,
41.39607975,49.6,8.203920249,,,,,,,,,,,,,,,
63.30964621,70.2,6.890353794,,,,,,,,,,,,,,,
38.45734505,37.4,1.057345047,,,,,,,,,,,,,,,
28.1080172,27,1.108017202,,,,,,,,,,,,,,,
52.83510684,58.7,5.86489316,,,,,,,,,,,,,,,
48.12593206,36.7,11.42593206,,,,,,,,,,,,,,,
63.00976463,70.8,7.790235373,,,,,,,,,,,,,,,
44.4583364,41.3,3.158336398,,,,,,,,,,,,,,,
46.69247551,46.9,0.207524493,,,,,,,,,,,,,,,
50.4897775,47.4,3.089777497,,,,,,,,,,,,,,,
29.69876531,30.7,1.001234691,,,,,,,,,,,,,,,
40.77574737,38.4,2.375747375,,,,,,,,,,,,,,,
45.11281336,46.9,1.787186643,,,,,,,,,,,,,,,
22.49353337,20.9,1.593533365,,,,,,,,,,,,,,,
49.7825755,54,4.2174245,,,,,,,,,,,,,,,
53.32365433,46.4,6.923654328,,,,,,,,,,,,,,,
29.81157122,29.9,0.088428777,,,,,,,,,,,,,,,
37.96350584,39,1.036494164,,,,,,,,,,,,,,,
48.26401047,45.3,2.964010472,,,,,,,,,,,,,,,
44.69006694,46.9,2.209933058,,,,,,,,,,,,,,,
42.40474525,47.7,5.29525475,,,,,,,,,,,,,,,
21.93560222,23.7,1.764397776,,,,,,,,,,,,,,,
35.03222431,37,1.967775689,,,,,,,,,,,,,,,
39.82353304,38.6,1.223533036,,,,,,,,,,,,,,,
41.75669628,38.7,3.056696282,,,,,,,,,,,,,,,
28.46389483,29.1,0.636105171,,,,,,,,,,,,,,,
27.17081778,26.2,0.970817779,,,,,,,,,,,,,,,
93.5623121,273.7,180.1376879,,,,,,,,,,,,,,,
63.03823309,69.6,6.561766909,,,,,,,,,,,,,,,
27.84873119,30.7,2.851268811,,,,,,,,,,,,,,,
36.13456424,39.2,3.065435757,,,,,,,,,,,,,,,
59.0758594,54.6,4.475859402,,,,,,,,,,,,,,,
59.34858541,69.6,10.25141459,,,,,,,,,,,,,,,
90.8102892,89,1.810289201,,,,,,,,,,,,,,,
30.50973234,26.3,4.209732341,,,,,,,,,,,,,,,
24.9740838,21,3.974083796,,,,,,,,,,,,,,,
66.58317628,69.7,3.11682372,,,,,,,,,,,,,,,
80.92306299,84.2,3.276937009,,,,,,,,,,,,,,,
43.40457966,41.5,1.904579656,,,,,,,,,,,,,,,
26.73267941,25.2,1.532679409,,,,,,,,,,,,,,,
51.75389493,49.4,2.353894932,,,,,,,,,,,,,,,
28.62223521,25,3.622235213,,,,,,,,,,,,,,,
62.17449589,68.4,6.225504106,,,,,,,,,,,,,,,
30.52295368,30.7,0.17704632,,,,,,,,,,,,,,,
80.8809345,79.7,1.180934503,,,,,,,,,,,,,,,
41.73702981,46.6,4.862970194,,,,,,,,,,,,,,,
22.6336493,23.3,0.666350697,,,,,,,,,,,,,,,
58.1025017,58.9,0.797498297,,,,,,,,,,,,,,,
25.5056356,26.1,0.594364399,,,,,,,,,,,,,,,
27.3489273,30.7,3.351072704,,,,,,,,,,,,,,,
26.44730022,26.1,0.347300218,,,,,,,,,,,,,,,
27.61623467,23.7,3.916234667,,,,,,,,,,,,,,,
38.82187252,46.2,7.378127477,,,,,,,,,,,,,,,
43.88613062,44.3,0.41386938,,,,,,,,,,,,,,,
83.91868526,84.2,0.281314739,,,,,,,,,,,,,,,
46.33165088,46.2,0.131650879,,,,,,,,,,,,,,,
49.96353899,46.2,3.763538991,,,,,,,,,,,,,,,
49.03419077,52.6,3.565809235,,,,,,,,,,,,,,,
42.84894796,46.4,3.551052042,,,,,,,,,,,,,,,
37.3569123,39.2,1.843087696,,,,,,,,,,,,,,,
49.39468223,46.9,2.494682232,,,,,,,,,,,,,,,
52.65408292,58.7,6.045917076,,,,,,,,,,,,,,,
55.08182845,68.7,13.61817155,,,,,,,,,,,,,,,
33.10560612,40.8,7.694393876,,,,,,,,,,,,,,,
36.46702431,43.5,7.032975694,,,,,,,,,,,,,,,
49.4328546,46.1,3.3328546,,,,,,,,,,,,,,,
44.38162184,46.9,2.518378162,,,,,,,,,,,,,,,
49.5592799,46.3,3.259279904,,,,,,,,,,,,,,,
64.5832977,71.2,6.616702301,,,,,,,,,,,,,,,
65.46944045,55.9,9.569440451,,,,,,,,,,,,,,,
46.88263559,53.9,7.017364409,,,,,,,,,,,,,,,
37.96043347,38.2,0.239566526,,,,,,,,,,,,,,,
52.52553424,56.1,3.574465761,,,,,,,,,,,,,,,
42.25326533,43.7,1.446734673,,,,,,,,,,,,,,,
43.61690454,53.8,10.18309546,,,,,,,,,,,,,,,
72.60387464,90.5,17.89612536,,,,,,,,,,,,,,,
26.13849404,23.3,2.838494035,,,,,,,,,,,,,,,
46.44385213,38.6,7.843852132,,,,,,,,,,,,,,,
27.83674811,21,6.836748109,,,,,,,,,,,,,,,
25.55560527,23.3,2.255605265,,,,,,,,,,,,,,,
49.79400021,54.6,4.805999791,,,,,,,,,,,,,,,
54.82985385,58.4,3.570146148,,,,,,,,,,,,,,,
58.71723997,69.6,10.88276003,,,,,,,,,,,,,,,
44.96240159,38.4,6.562401586,,,,,,,,,,,,,,,
71.49543362,65.2,6.295433616,,,,,,,,,,,,,,,
45.60866886,47.7,2.091331143,,,,,,,,,,,,,,,
58.94771559,70.3,11.35228441,,,,,,,,,,,,,,,
47.66679046,47.5,0.166790462,,,,,,,,,,,,,,,
45.98090432,46.2,0.219095682,,,,,,,,,,,,,,,
22.34136887,21,1.34136887,,,,,,,,,,,,,,,
27.81710023,30.7,2.882899773,,,,,,,,,,,,,,,
55.48312325,55.3,0.183123249,,,,,,,,,,,,,,,
29.61409611,30.7,1.085903891,,,,,,,,,,,,,,,
85.89660698,88.7,2.803393021,,,,,,,,,,,,,,,
45.48022319,46.2,0.719776809,,,,,,,,,,,,,,,
72.85987478,69.1,3.759874781,,,,,,,,,,,,,,,
32.55045087,29.8,2.750450874,,,,,,,,,,,,,,,
52.14744301,69.1,16.95255699,,,,,,,,,,,,,,,
30.12043186,26.9,3.220431859,,,,,,,,,,,,,,,
46.6640751,43.5,3.164075097,,,,,,,,,,,,,,,
47.38339308,46.1,1.283393081,,,,,,,,,,,,,,,
72.45450289,70.2,2.254502889,,,,,,,,,,,,,,,
40.74270632,46.4,5.657293682,,,,,,,,,,,,,,,
24.1763335,26.2,2.023666503,,,,,,,,,,,,,,,
47.98749858,49.5,1.512501421,,,,,,,,,,,,,,,
51.38450233,59.8,8.415497668,,,,,,,,,,,,,,,
87.29361349,83.7,3.593613486,,,,,,,,,,,,,,,
50.18939612,53.9,3.710603885,,,,,,,,,,,,,,,
48.63397828,46.2,2.433978279,,,,,,,,,,,,,,,
36.10600001,34.3,1.806000014,,,,,,,,,,,,,,,
45.32585074,46.4,1.074149255,,,,,,,,,,,,,,,
34.74215138,29.8,4.942151378,,,,,,,,,,,,,,,
45.9036434,46.4,0.496356598,,,,,,,,,,,,,,,
78.75534257,70.2,8.555342566,,,,,,,,,,,,,,,
52.0657768,50.2,1.865776799,,,,,,,,,,,,,,,
64.21938198,73.7,9.480618018,,,,,,,,,,,,,,,
54.29314443,54.7,0.406855566,,,,,,,,,,,,,,,
30.13075679,30.5,0.36924321,,,,,,,,,,,,,,,
55.61747055,56.2,0.582529454,,,,,,,,,,,,,,,
23.80521975,26.3,2.494780251,,,,,,,,,,,,,,,
79.28573247,79.7,0.414267535,,,,,,,,,,,,,,,
43.14744428,49.3,6.152555721,,,,,,,,,,,,,,,
38.29646567,36.5,1.796465669,,,,,,,,,,,,,,,
45.81847627,69.7,23.88152373,,,,,,,,,,,,,,,
25.4720599,23.7,1.7720599,,,,,,,,,,,,,,,
34.57562188,35.8,1.224378124,,,,,,,,,,,,,,,
26.55468849,26.4,0.154688494,,,,,,,,,,,,,,,
26.00188425,21,5.001884255,,,,,,,,,,,,,,,
48.78753375,46.4,2.387533753,,,,,,,,,,,,,,,
25.09625299,26.1,1.003747008,,,,,,,,,,,,,,,
53.47948874,87.2,33.72051126,,,,,,,,,,,,,,,
55.56730281,54.6,0.967302813,,,,,,,,,,,,,,,
29.32841929,27.8,1.528419287,,,,,,,,,,,,,,,
27.33823147,25.2,2.138231469,,,,,,,,,,,,,,,
49.59148545,69,19.40851455,,,,,,,,,,,,,,,
30.29719441,22.7,7.597194411,,,,,,,,,,,,,,,
28.63781895,23.7,4.937818948,,,,,,,,,,,,,,,
57.91114295,53.6,4.31114295,,,,,,,,,,,,,,,
59.78000938,68.1,8.319990618,,,,,,,,,,,,,,,
30.54110705,29.1,1.441107045,,,,,,,,,,,,,,,
65.03057089,67.5,2.469429108,,,,,,,,,,,,,,,
35.25965276,39,3.740347241,,,,,,,,,,,,,,,
50.36176697,54.9,4.538233034,,,,,,,,,,,,,,,
24.90793044,26.2,1.292069563,,,,,,,,,,,,,,,
25.41613372,23.7,1.716133724,,,,,,,,,,,,,,,
70.21711494,67.6,2.617114936,,,,,,,,,,,,,,,
48.02526358,46.6,1.425263583,,,,,,,,,,,,,,,
46.15548625,52.6,6.444513751,,,,,,,,,,,,,,,
31.51546561,26.3,5.215465614,,,,,,,,,,,,,,,
42.99146164,46.4,3.408538359,,,,,,,,,,,,,,,
38.31179179,40.4,2.088208208,,,,,,,,,,,,,,,
313.8587373,271.7,42.15873726,,,,,,,,,,,,,,,
52.08429418,46.2,5.884294182,,,,,,,,,,,,,,,
46.88025204,45.3,1.580252044,,,,,,,,,,,,,,,
23.04081606,23.7,0.65918394,,,,,,,,,,,,,,,
26.01409084,26.2,0.18590916,,,,,,,,,,,,,,,
53.32523585,56.1,2.774764146,,,,,,,,,,,,,,,
24.89209459,23.7,1.192094587,,,,,,,,,,,,,,,
52.56262803,47,5.562628031,,,,,,,,,,,,,,,
22.52103164,21,1.521031642,,,,,,,,,,,,,,,
31.56609593,33.6,2.033904074,,,,,,,,,,,,,,,
48.77220155,46.4,2.372201554,,,,,,,,,,,,,,,
37.4481472,34.9,2.548147199,,,,,,,,,,,,,,,
43.60329589,34.8,8.803295886,,,,,,,,,,,,,,,
30.07121271,29.9,0.171212714,,,,,,,,,,,,,,,
29.2111364,27.4,1.811136399,,,,,,,,,,,,,,,
48.54365197,46.9,1.643651966,,,,,,,,,,,,,,,
45.22299502,46.4,1.177004985,,,,,,,,,,,,,,,
45.34377332,47,1.656226683,,,,,,,,,,,,,,,
36.86243067,37.4,0.537569334,,,,,,,,,,,,,,,
29.178459,27.8,1.378458997,,,,,,,,,,,,,,,
25.23161356,22.7,2.531613559,,,,,,,,,,,,,,,
56.65085206,47.4,9.250852058,,,,,,,,,,,,,,,
46.89492878,44.5,2.394928779,,,,,,,,,,,,,,,
46.61925894,46.9,0.280741056,,,,,,,,,,,,,,,
88.32053807,84.6,3.72053807,,,,,,,,,,,,,,,
60.39926312,56.1,4.299263118,,,,,,,,,,,,,,,
61.80842084,57.7,4.108420836,,,,,,,,,,,,,,,
29.12947248,27.8,1.329472482,,,,,,,,,,,,,,,
62.29803962,64.2,1.901960378,,,,,,,,,,,,,,,
40.48905054,38.9,1.589050545,,,,,,,,,,,,,,,
43.81581802,47,3.184181975,,,,,,,,,,,,,,,
52.13104913,46.4,5.731049125,,,,,,,,,,,,,,,
27.32617281,26.3,1.026172814,,,,,,,,,,,,,,,
43.6843417,46.9,3.215658299,,,,,,,,,,,,,,,
35.85174639,38.6,2.748253614,,,,,,,,,,,,,,,
39.44349859,46.4,6.956501414,,,,,,,,,,,,,,,
25.6837089,27.6,1.916291095,,,,,,,,,,,,,,,
27.99683406,30.9,2.903165937,,,,,,,,,,,,,,,
38.95053062,46.6,7.649469379,,,,,,,,,,,,,,,
40.24435453,39,1.244354533,,,,,,,,,,,,,,,
47.60897972,46,1.608979717,,,,,,,,,,,,,,,
70.47560477,67.5,2.975604769,,,,,,,,,,,,,,,
24.12927722,26.4,2.27072278,,,,,,,,,,,,,,,
57.27579524,69.6,12.32420476,,,,,,,,,,,,,,,
47.15029898,46.2,0.950298977,,,,,,,,,,,,,,,
50.70070278,46.1,4.600702785,,,,,,,,,,,,,,,
62.75914372,64.2,1.440856277,,,,,,,,,,,,,,,
35.00958592,38.3,3.290414077,,,,,,,,,,,,,,,
58.30585473,55.8,2.505854725,,,,,,,,,,,,,,,
79.9645776,89,9.035422396,,,,,,,,,,,,,,,
42.9831472,46.4,3.416852802,,,,,,,,,,,,,,,
43.59850607,44.5,0.901493929,,,,,,,,,,,,,,,
34.40096661,30.7,3.700966609,,,,,,,,,,,,,,,
28.10370639,30.7,2.596293607,,,,,,,,,,,,,,,
38.19930441,34.8,3.399304406,,,,,,,,,,,,,,,
38.00319539,39.2,1.196804614,,,,,,,,,,,,,,,
38.94462786,34.9,4.044627859,,,,,,,,,,,,,,,
87.49484267,84,3.49484267,,,,,,,,,,,,,,,
48.08355602,47.5,0.583556021,,,,,,,,,,,,,,,
31.37922601,29.8,1.57922601,,,,,,,,,,,,,,,
30.02986139,27.8,2.229861385,,,,,,,,,,,,,,,
44.86014686,46.9,2.039853144,,,,,,,,,,,,,,,
73.73803932,73.2,0.538039316,,,,,,,,,,,,,,,
31.45355196,25.1,6.353551959,,,,,,,,,,,,,,,
58.15815138,55.2,2.958151376,,,,,,,,,,,,,,,
59.50694792,69.6,10.09305208,,,,,,,,,,,,,,,
40.84651696,22.7,18.14651696,,,,,,,,,,,,,,,
53.91944189,58,4.080558107,,,,,,,,,,,,,,,
47.72448287,46.2,1.524482869,,,,,,,,,,,,,,,
46.12797863,46.9,0.772021374,,,,,,,,,,,,,,,
90.46081759,79.7,10.76081759,,,,,,,,,,,,,,,
50.40906012,43.9,6.50906012,,,,,,,,,,,,,,,
51.83075745,46.4,5.430757449,,,,,,,,,,,,,,,
204.8676739,269.7,64.83232607,,,,,,,,,,,,,,,
45.50277543,44,1.50277543,,,,,,,,,,,,,,,
69.30135661,67.5,1.801356614,,,,,,,,,,,,,,,
25.19485887,20.9,4.29485887,,,,,,,,,,,,,,,
60.57496663,68.7,8.125033371,,,,,,,,,,,,,,,
25.44373431,21,4.443734314,,,,,,,,,,,,,,,
44.37007215,46.1,1.729927853,,,,,,,,,,,,,,,
47.20435196,46.6,0.604351957,,,,,,,,,,,,,,,
25.34693369,20.9,4.446933685,,,,,,,,,,,,,,,
45.25746183,43.9,1.357461829,,,,,,,,,,,,,,,
38.91356487,30.7,8.213564867,,,,,,,,,,,,,,,
47.67588626,46.2,1.475886263,,,,,,,,,,,,,,,
28.53512292,27,1.535122923,,,,,,,,,,,,,,,
38.86712025,36.5,2.367120253,,,,,,,,,,,,,,,
39.6441854,35.4,4.244185404,,,,,,,,,,,,,,,
59.89882206,58.9,0.998822065,,,,,,,,,,,,,,,
24.11757317,23.3,0.817573174,,,,,,,,,,,,,,,
50.67722502,64.6,13.92277498,,,,,,,,,,,,,,,
28.68019391,23.3,5.380193913,,,,,,,,,,,,,,,
37.93944179,38.6,0.660558207,,,,,,,,,,,,,,,
28.02104965,27.8,0.221049647,,,,,,,,,,,,,,,
44.31488859,46.6,2.285111413,,,,,,,,,,,,,,,
294.9491124,295.1,0.150887636,,,,,,,,,,,,,,,
52.27810511,69.6,17.32189489,,,,,,,,,,,,,,,
27.98201839,30.9,2.917981613,,,,,,,,,,,,,,,
20.07278622,26.1,6.027213782,,,,,,,,,,,,,,,
25.69857297,21,4.698572966,,,,,,,,,,,,,,,
51.37798877,58.7,7.322011233,,,,,,,,,,,,,,,
42.53661017,46.4,3.863389832,,,,,,,,,,,,,,,
35.5946458,30.5,5.094645797,,,,,,,,,,,,,,,
53.76790582,58,4.232094181,,,,,,,,,,,,,,,
26.82625966,23.3,3.52625966,,,,,,,,,,,,,,,
23.34606667,26.1,2.753933326,,,,,,,,,,,,,,,
32.24456973,29.9,2.344569725,,,,,,,,,,,,,,,
46.67769381,47.5,0.822306187,,,,,,,,,,,,,,,
38.89408403,34.3,4.594084029,,,,,,,,,,,,,,,
50.52761936,58.7,8.172380643,,,,,,,,,,,,,,,
31.28376208,33.4,2.116237925,,,,,,,,,,,,,,,
42.06178713,46.5,4.438212874,,,,,,,,,,,,,,,
26.44913928,23.3,3.149139282,,,,,,,,,,,,,,,
22.79419229,22.7,0.094192287,,,,,,,,,,,,,,,
25.44663952,23.3,2.146639517,,,,,,,,,,,,,,,
44.52955061,46.9,2.370449389,,,,,,,,,,,,,,,
48.86247118,47.5,1.362471182,,,,,,,,,,,,,,,
88.64560674,84,4.645606743,,,,,,,,,,,,,,,
37.69785094,46.4,8.70214906,,,,,,,,,,,,,,,
58.07212759,68.5,10.42787241,,,,,,,,,,,,,,,
43.5940357,43.5,0.094035703,,,,,,,,,,,,,,,
77.7939331,88.9,11.1060669,,,,,,,,,,,,,,,
63.4404889,69.1,5.659511104,,,,,,,,,,,,,,,
48.25915774,47.5,0.75915774,,,,,,,,,,,,,,,
27.44732336,30.7,3.252676637,,,,,,,,,,,,,,,
56.89356897,54.7,2.19356897,,,,,,,,,,,,,,,
39.42262255,44.7,5.277377455,,,,,,,,,,,,,,,
77.45803181,83.9,6.44196819,,,,,,,,,,,,,,,
44.94630747,46.2,1.253692532,,,,,,,,,,,,,,,
36.74213723,41.5,4.757862767,,,,,,,,,,,,,,,
26.05984976,25,1.059849764,,,,,,,,,,,,,,,
51.91683755,46.4,5.516837545,,,,,,,,,,,,,,,
31.02520098,29.9,1.125200983,,,,,,,,,,,,,,,
42.32785213,29,13.32785213,,,,,,,,,,,,,,,
56.83958122,58.9,2.060418784,,,,,,,,,,,,,,,
41.65523969,47.7,6.04476031,,,,,,,,,,,,,,,
45.7190478,46.1,0.380952196,,,,,,,,,,,,,,,
30.31061754,27.8,2.510617541,,,,,,,,,,,,,,,
36.61331005,40.8,4.18668995,,,,,,,,,,,,,,,
248.5263161,270.4,21.87368389,,,,,,,,,,,,,,,
279.9331681,270.9,9.033168129,,,,,,,,,,,,,,,
85.56892103,79.7,5.868921031,,,,,,,,,,,,,,,
48.25991582,50.2,1.940084182,,,,,,,,,,,,,,,
44.74906198,46.4,1.650938022,,,,,,,,,,,,,,,
69.7128775,69.1,0.612877496,,,,,,,,,,,,,,,
52.34036386,68.7,16.35963614,,,,,,,,,,,,,,,
52.48962179,49.5,2.989621792,,,,,,,,,,,,,,,
29.1408837,26.4,2.740883702,,,,,,,,,,,,,,,
21.13508193,26.3,5.164918067,,,,,,,,,,,,,,,
59.42800599,62.7,3.27199401,,,,,,,,,,,,,,,
53.96085846,58.9,4.939141537,,,,,,,,,,,,,,,
40.22276918,53.6,13.37723082,,,,,,,,,,,,,,,
37.30909488,41.8,4.490905122,,,,,,,,,,,,,,,
43.12286129,46.4,3.277138709,,,,,,,,,,,,,,,
39.7064707,46.2,6.493529302,,,,,,,,,,,,,,,
43.75708969,46.9,3.14291031,,,,,,,,,,,,,,,
41.92843727,44.4,2.471562734,,,,,,,,,,,,,,,
27.16265778,21,6.162657782,,,,,,,,,,,,,,,
23.27421938,25.1,1.825780624,,,,,,,,,,,,,,,
36.31967053,34,2.319670527,,,,,,,,,,,,,,,
27.6406006,25.2,2.440600603,,,,,,,,,,,,,,,
42.91247602,47.7,4.787523979,,,,,,,,,,,,,,,
57.09659082,58,0.903409176,,,,,,,,,,,,,,,
36.49761165,30.7,5.797611652,,,,,,,,,,,,,,,
38.10671591,38,0.106715909,,,,,,,,,,,,,,,
34.62269796,30.6,4.022697963,,,,,,,,,,,,,,,
55.72729895,65,9.272701049,,,,,,,,,,,,,,,
61.56851332,60.7,0.868513315,,,,,,,,,,,,,,,
33.93388086,38.4,4.466119136,,,,,,,,,,,,,,,
40.72424593,46.9,6.17575407,,,,,,,,,,,,,,,
44.53692054,46.2,1.663079456,,,,,,,,,,,,,,,
45.69348168,46.1,0.406518317,,,,,,,,,,,,,,,
29.36045805,30.9,1.539541949,,,,,,,,,,,,,,,
57.06850532,60.4,3.331494683,,,,,,,,,,,,,,,
29.40321428,34.9,5.496785722,,,,,,,,,,,,,,,
30.25053073,29.8,0.450530733,,,,,,,,,,,,,,,
49.16979845,46.4,2.769798451,,,,,,,,,,,,,,,
47.01937189,46.1,0.919371889,,,,,,,,,,,,,,,
25.99905586,27,1.000944137,,,,,,,,,,,,,,,
24.61007748,27,2.389922522,,,,,,,,,,,,,,,
60.84399125,68,7.156008753,,,,,,,,,,,,,,,
33.07997626,22.7,10.37997626,,,,,,,,,,,,,,,
65.15152475,67.7,2.548475249,,,,,,,,,,,,,,,
31.1507631,30.9,0.2507631,,,,,,,,,,,,,,,
23.36261411,22.7,0.66261411,,,,,,,,,,,,,,,
52.15325631,55.5,3.346743692,,,,,,,,,,,,,,,
64.85723398,68.4,3.542766017,,,,,,,,,,,,,,,
59.84588968,54,5.845889682,,,,,,,,,,,,,,,
54.06792806,54,0.067928055,,,,,,,,,,,,,,,
92.64324335,83.9,8.743243354,,,,,,,,,,,,,,,
52.20327736,44.3,7.903277362,,,,,,,,,,,,,,,
26.20383089,21,5.203830891,,,,,,,,,,,,,,,
52.2638627,47,5.263862702,,,,,,,,,,,,,,,
46.55144772,47.7,1.148552278,,,,,,,,,,,,,,,
58.95628568,64.3,5.34371432,,,,,,,,,,,,,,,
49.96493431,55.3,5.335065689,,,,,,,,,,,,,,,
29.23643429,26.1,3.136434292,,,,,,,,,,,,,,,
42.16479231,39,3.164792306,,,,,,,,,,,,,,,
52.93073128,46.4,6.530731275,,,,,,,,,,,,,,,
33.18774151,29.7,3.487741514,,,,,,,,,,,,,,,
26.76256716,26.4,0.362567156,,,,,,,,,,,,,,,
37.11726128,38.6,1.482738718,,,,,,,,,,,,,,,
29.89085941,27.8,2.090859406,,,,,,,,,,,,,,,
27.20355577,27.7,0.496444229,,,,,,,,,,,,,,,
47.03964765,46.2,0.839647647,,,,,,,,,,,,,,,
41.87483723,49.5,7.62516277,,,,,,,,,,,,,,,
36.03227212,34,2.032272116,,,,,,,,,,,,,,,
28.74896118,31.1,2.351038824,,,,,,,,,,,,,,,
36.33994596,43.5,7.160054039,,,,,,,,,,,,,,,
24.46291246,21,3.462912461,,,,,,,,,,,,,,,
23.65542502,23.7,0.044574978,,,,,,,,,,,,,,,
46.35954145,46.9,0.540458546,,,,,,,,,,,,,,,
53.14994426,58.7,5.550055737,,,,,,,,,,,,,,,
34.13777046,26.1,8.037770456,,,,,,,,,,,,,,,
48.24569482,46.1,2.145694821,,,,,,,,,,,,,,,
31.70356057,31.1,0.603560574,,,,,,,,,,,,,,,
48.72499383,45.2,3.52499383,,,,,,,,,,,,,,,
32.66079703,29.1,3.56079703,,,,,,,,,,,,,,,
25.9528721,23.3,2.652872098,,,,,,,,,,,,,,,
32.21763129,35.4,3.182368706,,,,,,,,,,,,,,,
56.21359402,55.2,1.013594024,,,,,,,,,,,,,,,
51.01774569,54.9,3.882254311,,,,,,,,,,,,,,,
46.81693251,47.7,0.883067494,,,,,,,,,,,,,,,
57.52964414,62.7,5.170355856,,,,,,,,,,,,,,,
89.58570859,84.6,4.985708589,,,,,,,,,,,,,,,
44.0583992,46.4,2.341600805,,,,,,,,,,,,,,,
38.56137246,39.1,0.53862754,,,,,,,,,,,,,,,
20.46850393,26.3,5.831496069,,,,,,,,,,,,,,,
50.74088047,46.1,4.640880471,,,,,,,,,,,,,,,
63.59791874,55.8,7.797918743,,,,,,,,,,,,,,,
50.32266767,52.6,2.277332326,,,,,,,,,,,,,,,
31.22947591,38.6,7.370524085,,,,,,,,,,,,,,,
55.65601555,58.9,3.24398445,,,,,,,,,,,,,,,
48.37698322,47.5,0.876983216,,,,,,,,,,,,,,,
54.24233831,53.6,0.642338313,,,,,,,,,,,,,,,
24.93326626,26.1,1.166733738,,,,,,,,,,,,,,,
37.40902469,35.4,2.009024687,,,,,,,,,,,,,,,
35.84725631,39,3.15274369,,,,,,,,,,,,,,,
44.14915149,49.4,5.250848505,,,,,,,,,,,,,,,
32.7783301,29.8,2.9783301,,,,,,,,,,,,,,,
41.68717564,34.8,6.887175635,,,,,,,,,,,,,,,
32.49959014,38.6,6.100409865,,,,,,,,,,,,,,,
81.20464844,84.2,2.995351561,,,,,,,,,,,,,,,
47.67359693,47,0.673596927,,,,,,,,,,,,,,,
47.13428434,46.2,0.934284343,,,,,,,,,,,,,,,
29.93559316,26.1,3.835593157,,,,,,,,,,,,,,,
35.31015366,30.5,4.810153659,,,,,,,,,,,,,,,
49.77467396,47,2.774673956,,,,,,,,,,,,,,,
27.6783274,26.4,1.278327402,,,,,,,,,,,,,,,
38.2295102,38.6,0.370489804,,,,,,,,,,,,,,,
40.08913272,37,3.089132723,,,,,,,,,,,,,,,
48.91340033,47.7,1.213400332,,,,,,,,,,,,,,,
40.73619195,51.7,10.96380805,,,,,,,,,,,,,,,
44.88958837,46.4,1.510411627,,,,,,,,,,,,,,,
65.00718958,69,3.992810421,,,,,,,,,,,,,,,
47.53882964,46.4,1.138829636,,,,,,,,,,,,,,,
49.85497814,46.4,3.45497814,,,,,,,,,,,,,,,
27.52143095,27.6,0.078569051,,,,,,,,,,,,,,,
53.34523344,46.4,6.945233436,,,,,,,,,,,,,,,
58.31083286,54.7,3.610832857,,,,,,,,,,,,,,,
33.79154501,30.9,2.891545013,,,,,,,,,,,,,,,
102.4183105,271.7,169.2816895,,,,,,,,,,,,,,,
34.69650665,34.8,0.103493354,,,,,,,,,,,,,,,
33.813909,35.8,1.986091005,,,,,,,,,,,,,,,
21.12470475,21,0.12470475,,,,,,,,,,,,,,,
51.73526742,58,6.264732576,,,,,,,,,,,,,,,
23.44982715,26.1,2.650172853,,,,,,,,,,,,,,,
53.74076354,54,0.259236456,,,,,,,,,,,,,,,
34.4817147,36.8,2.318285296,,,,,,,,,,,,,,,
54.66374681,68,13.33625319,,,,,,,,,,,,,,,
40.60672303,29.1,11.50672303,,,,,,,,,,,,,,,
53.48108515,59.8,6.31891485,,,,,,,,,,,,,,,
36.51141904,38.6,2.088580959,,,,,,,,,,,,,,,
25.87400426,27,1.125995737,,,,,,,,,,,,,,,
64.40659268,69.7,5.293407324,,,,,,,,,,,,,,,
47.79110735,46.4,1.391107349,,,,,,,,,,,,,,,
46.77038822,46.1,0.670388216,,,,,,,,,,,,,,,
27.24405275,20.9,6.344052754,,,,,,,,,,,,,,,
49.35323522,47.5,1.853235221,,,,,,,,,,,,,,,
47.61473034,45.3,2.314730341,,,,,,,,,,,,,,,
44.35242214,53.9,9.547577861,,,,,,,,,,,,,,,
27.55429686,27,0.554296862,,,,,,,,,,,,,,,
47.24143528,47.5,0.25856472,,,,,,,,,,,,,,,
44.58634213,46.4,1.813657873,,,,,,,,,,,,,,,
60.3173999,59.8,0.517399904,,,,,,,,,,,,,,,
31.6759731,30.4,1.275973098,,,,,,,,,,,,,,,
20.89344666,26.3,5.406553335,,,,,,,,,,,,,,,
46.04230007,46.2,0.157699932,,,,,,,,,,,,,,,
25.89376574,23.3,2.59376574,,,,,,,,,,,,,,,
29.10521265,27.6,1.505212652,,,,,,,,,,,,,,,
48.56185649,46.4,2.161856488,,,,,,,,,,,,,,,
35.38916862,23.7,11.68916862,,,,,,,,,,,,,,,
45.35836879,44.5,0.858368791,,,,,,,,,,,,,,,
40.33111038,39,1.331110378,,,,,,,,,,,,,,,
49.87589544,46.4,3.475895438,,,,,,,,,,,,,,,
64.34989896,69.6,5.25010104,,,,,,,,,,,,,,,
26.67483068,26.4,0.274830683,,,,,,,,,,,,,,,
39.44831408,39.2,0.248314084,,,,,,,,,,,,,,,
78.80034585,90.5,11.69965415,,,,,,,,,,,,,,,
49.2461508,46,3.246150805,,,,,,,,,,,,,,,
37.27623228,37.8,0.52376772,,,,,,,,,,,,,,,
41.84763799,46.6,4.752362005,,,,,,,,,,,,,,,
35.53496302,34.5,1.034963016,,,,,,,,,,,,,,,
41.3753273,46.9,5.524672702,,,,,,,,,,,,,,,
61.81316343,69,7.186836566,,,,,,,,,,,,,,,
25.80645067,27,1.19354933,,,,,,,,,,,,,,,
52.0352223,53.9,1.864777703,,,,,,,,,,,,,,,
43.65012931,46.4,2.749870689,,,,,,,,,,,,,,,
45.52512746,46.9,1.374872542,,,,,,,,,,,,,,,
47.60530644,47,0.605306437,,,,,,,,,,,,,,,
68.25212789,69,0.747872115,,,,,,,,,,,,,,,
30.16492923,27.7,2.464929235,,,,,,,,,,,,,,,
45.28959199,62.7,17.41040801,,,,,,,,,,,,,,,
40.62875627,40.8,0.171243727,,,,,,,,,,,,,,,
41.36753851,47.7,6.332461485,,,,,,,,,,,,,,,
84.63487216,84.2,0.434872159,,,,,,,,,,,,,,,
27.52927805,23.7,3.829278053,,,,,,,,,,,,,,,
76.01546209,84.9,8.884537912,,,,,,,,,,,,,,,
59.35146839,57.7,1.651468391,,,,,,,,,,,,,,,
72.76379315,83.7,10.93620685,,,,,,,,,,,,,,,
43.98312126,46.2,2.216878742,,,,,,,,,,,,,,,
57.5269145,58,0.473085502,,,,,,,,,,,,,,,
57.28395095,55.5,1.783950952,,,,,,,,,,,,,,,
33.25425326,38.4,5.145746745,,,,,,,,,,,,,,,
30.25681836,27.8,2.456818364,,,,,,,,,,,,,,,
39.61145177,44,4.388548231,,,,,,,,,,,,,,,
25.58398045,23.3,2.283980451,,,,,,,,,,,,,,,
46.8972053,43.7,3.197205299,,,,,,,,,,,,,,,
21.90839757,23.3,1.391602434,,,,,,,,,,,,,,,
34.11860562,38.6,4.481394382,,,,,,,,,,,,,,,
66.1565595,69,2.8434405,,,,,,,,,,,,,,,
34.71052237,41.3,6.589477628,,,,,,,,,,,,,,,
41.90200727,40.8,1.102007273,,,,,,,,,,,,,,,
33.88482852,39.9,6.015171478,,,,,,,,,,,,,,,
77.77371745,88.9,11.12628255,,,,,,,,,,,,,,,
28.29371027,30.9,2.60628973,,,,,,,,,,,,,,,
51.25241637,53.6,2.347583632,,,,,,,,,,,,,,,
43.73116876,46.4,2.668831242,,,,,,,,,,,,,,,
41.53031987,43.7,2.169680128,,,,,,,,,,,,,,,
24.20967677,26.2,1.990323233,,,,,,,,,,,,,,,
23.11759178,21,2.117591779,,,,,,,,,,,,,,,
21.82069066,21,0.820690659,,,,,,,,,,,,,,,
51.8348655,54,2.165134504,,,,,,,,,,,,,,,
26.13533438,25.1,1.035334384,,,,,,,,,,,,,,,
49.12751372,43.4,5.727513716,,,,,,,,,,,,,,,
41.36133203,41.1,0.26133203,,,,,,,,,,,,,,,
49.31603019,49.3,0.016030193,,,,,,,,,,,,,,,
28.0399778,26.3,1.739977798,,,,,,,,,,,,,,,
22.9430074,20.9,2.043007401,,,,,,,,,,,,,,,
84.04718135,83.9,0.147181348,,,,,,,,,,,,,,,
47.463757,46.2,1.263756996,,,,,,,,,,,,,,,
39.5411619,41.8,2.258838102,,,,,,,,,,,,,,,
24.80113879,26.4,1.598861207,,,,,,,,,,,,,,,
57.75085209,58,0.249147909,,,,,,,,,,,,,,,
25.20284994,25.1,0.102849941,,,,,,,,,,,,,,,
50.74964782,46.4,4.349647824,,,,,,,,,,,,,,,
29.3688434,27.8,1.568843402,,,,,,,,,,,,,,,
28.61316981,22.7,5.913169812,,,,,,,,,,,,,,,
55.23723478,53.6,1.637234783,,,,,,,,,,,,,,,
33.02181502,30.9,2.121815017,,,,,,,,,,,,,,,
50.01574597,53.6,3.584254034,,,,,,,,,,,,,,,
38.68573771,37,1.685737715,,,,,,,,,,,,,,,
42.03858759,46.4,4.361412415,,,,,,,,,,,,,,,
41.05906135,38,3.059061346,,,,,,,,,,,,,,,
22.813598,23.3,0.486401995,,,,,,,,,,,,,,,
60.35100875,64.3,3.948991254,,,,,,,,,,,,,,,
43.58227539,39.2,4.382275394,,,,,,,,,,,,,,,
53.90539416,62.7,8.794605842,,,,,,,,,,,,,,,
23.43786025,27.6,4.162139748,,,,,,,,,,,,,,,
56.46473242,54,2.464732419,,,,,,,,,,,,,,,
33.33305444,34.3,0.966945559,,,,,,,,,,,,,,,
32.82516677,36.8,3.974833229,,,,,,,,,,,,,,,
47.49783516,56.8,9.30216484,,,,,,,,,,,,,,,
25.30527272,26.3,0.994727276,,,,,,,,,,,,,,,
41.96088672,53.8,11.83911328,,,,,,,,,,,,,,,
57.61819979,47.4,10.21819979,,,,,,,,,,,,,,,
92.45734251,90.5,1.95734251,,,,,,,,,,,,,,,
55.48577099,56.1,0.61422901,,,,,,,,,,,,,,,
36.29479934,38.9,2.605200663,,,,,,,,,,,,,,,
34.68927571,38.6,3.910724291,,,,,,,,,,,,,,,
85.92377031,84.9,1.023770308,,,,,,,,,,,,,,,
71.84936939,68.1,3.749369388,,,,,,,,,,,,,,,
53.85446462,47.5,6.354464624,,,,,,,,,,,,,,,
30.23406657,27.8,2.43406657,,,,,,,,,,,,,,,
39.5224865,39,0.522486501,,,,,,,,,,,,,,,
45.45413917,58.1,12.64586083,,,,,,,,,,,,,,,
30.84137404,26.4,4.441374044,,,,,,,,,,,,,,,
35.04241634,23.7,11.34241634,,,,,,,,,,,,,,,
46.92910047,46.5,0.429100465,,,,,,,,,,,,,,,
63.85950447,55.9,7.959504471,,,,,,,,,,,,,,,
58.23443931,68.1,9.865560691,,,,,,,,,,,,,,,
39.59470258,45.2,5.605297417,,,,,,,,,,,,,,,
22.96050626,21,1.960506256,,,,,,,,,,,,,,,
259.9190003,270,10.08099967,,,,,,,,,,,,,,,
29.11540253,27.8,1.315402531,,,,,,,,,,,,,,,
50.08959954,46.4,3.689599537,,,,,,,,,,,,,,,
52.6877553,58,5.312244696,,,,,,,,,,,,,,,
30.20988217,30.5,0.290117828,,,,,,,,,,,,,,,
40.83707665,38.7,2.137076645,,,,,,,,,,,,,,,
56.43046261,67.7,11.26953739,,,,,,,,,,,,,,,
35.04438707,38.9,3.855612931,,,,,,,,,,,,,,,
53.35650951,53.8,0.443490493,,,,,,,,,,,,,,,
32.20581955,22.7,9.505819549,,,,,,,,,,,,,,,
34.91116162,30.5,4.411161615,,,,,,,,,,,,,,,
76.26422992,87.2,10.93577008,,,,,,,,,,,,,,,
25.51454778,25,0.514547776,,,,,,,,,,,,,,,
182.6312226,270,87.36877745,,,,,,,,,,,,,,,
55.30704593,62.5,7.192954075,,,,,,,,,,,,,,,
24.0257022,21,3.025702197,,,,,,,,,,,,,,,
40.90682286,37.4,3.506822859,,,,,,,,,,,,,,,
46.38162539,46.1,0.281625394,,,,,,,,,,,,,,,
29.33434451,23.7,5.634344507,,,,,,,,,,,,,,,
45.47105165,46.6,1.128948354,,,,,,,,,,,,,,,
24.04405059,26.3,2.255949414,,,,,,,,,,,,,,,
23.01098334,20.9,2.11098334,,,,,,,,,,,,,,,
61.04707381,69.2,8.152926188,,,,,,,,,,,,,,,
83.44694164,83.9,0.453058361,,,,,,,,,,,,,,,
31.57330109,23.7,7.873301095,,,,,,,,,,,,,,,
44.12412426,40.8,3.324124256,,,,,,,,,,,,,,,
47.60792659,46.9,0.707926592,,,,,,,,,,,,,,,
38.47017836,41.3,2.829821638,,,,,,,,,,,,,,,
42.52742188,40.8,1.72742188,,,,,,,,,,,,,,,
25.26339642,26.1,0.836603578,,,,,,,,,,,,,,,
50.83377716,54,3.166222845,,,,,,,,,,,,,,,
38.00554189,36.4,1.605541894,,,,,,,,,,,,,,,
30.87813299,30.5,0.378132994,,,,,,,,,,,,,,,
43.92674569,46.6,2.673254314,,,,,,,,,,,,,,,
33.30613707,35.4,2.093862929,,,,,,,,,,,,,,,
36.49366995,46.4,9.90633005,,,,,,,,,,,,,,,
78.28778089,90.2,11.91221911,,,,,,,,,,,,,,,
55.62834127,56.6,0.971658726,,,,,,,,,,,,,,,
56.17858911,58.8,2.621410887,,,,,,,,,,,,,,,
28.19479758,30.9,2.705202423,,,,,,,,,,,,,,,
31.56899372,30.4,1.168993719,,,,,,,,,,,,,,,
46.74600207,46.4,0.346002067,,,,,,,,,,,,,,,
29.30095469,27.8,1.500954687,,,,,,,,,,,,,,,
23.14144705,25.1,1.958552953,,,,,,,,,,,,,,,
53.35754505,62.5,9.142454945,,,,,,,,,,,,,,,
36.00807616,39.2,3.191923842,,,,,,,,,,,,,,,
43.10603216,46.4,3.293967843,,,,,,,,,,,,,,,
60.36761407,68.5,8.132385933,,,,,,,,,,,,,,,
35.80951855,38.4,2.59048145,,,,,,,,,,,,,,,
22.85204225,21,1.852042253,,,,,,,,,,,,,,,
41.85097166,46.4,4.549028341,,,,,,,,,,,,,,,
56.36308047,68.4,12.03691953,,,,,,,,,,,,,,,
30.67110248,30.7,0.02889752,,,,,,,,,,,,,,,
37.91202548,39.2,1.287974521,,,,,,,,,,,,,,,
46.16405004,46.2,0.035949959,,,,,,,,,,,,,,,
62.41445479,68.9,6.485545214,,,,,,,,,,,,,,,
24.63484156,23.3,1.334841557,,,,,,,,,,,,,,,
39.59607107,44.4,4.80392893,,,,,,,,,,,,,,,
22.20201437,23.3,1.097985627,,,,,,,,,,,,,,,
60.29116394,64.3,4.008836055,,,,,,,,,,,,,,,
34.33225393,33.6,0.732253931,,,,,,,,,,,,,,,
22.80683686,25,2.193163144,,,,,,,,,,,,,,,
45.67785789,39,6.677857885,,,,,,,,,,,,,,,
29.45352952,26.3,3.153529515,,,,,,,,,,,,,,,
32.60748915,26.1,6.50748915,,,,,,,,,,,,,,,
45.52763525,46.6,1.07236475,,,,,,,,,,,,,,,
23.46505285,23.3,0.165052853,,,,,,,,,,,,,,,
31.11882616,33.5,2.381173842,,,,,,,,,,,,,,,
29.5125785,29.9,0.387421498,,,,,,,,,,,,,,,
47.99961667,46.4,1.599616669,,,,,,,,,,,,,,,
62.25447342,70.5,8.245526585,,,,,,,,,,,,,,,
24.41536166,23.3,1.115361662,,,,,,,,,,,,,,,
42.62125574,41.3,1.321255737,,,,,,,,,,,,,,,
29.98217169,30.7,0.717828306,,,,,,,,,,,,,,,
41.04234022,42.1,1.057659783,,,,,,,,,,,,,,,
82.78521159,79.7,3.08521159,,,,,,,,,,,,,,,
29.38475737,27,2.38475737,,,,,,,,,,,,,,,
283.8656609,270.1,13.76566087,,,,,,,,,,,,,,,
60.49099484,58.7,1.790994836,,,,,,,,,,,,,,,
46.97433017,47.5,0.525669826,,,,,,,,,,,,,,,
43.35651189,46.4,3.043488108,,,,,,,,,,,,,,,
50.70400848,55.2,4.495991525,,,,,,,,,,,,,,,
45.09437857,46.9,1.80562143,,,,,,,,,,,,,,,
49.71299274,47,2.71299274,,,,,,,,,,,,,,,
56.77562167,54,2.775621668,,,,,,,,,,,,,,,
46.34938716,39.2,7.14938716,,,,,,,,,,,,,,,
28.11129465,26.1,2.011294655,,,,,,,,,,,,,,,
66.47857134,71.6,5.121428663,,,,,,,,,,,,,,,
44.84668339,46.5,1.653316613,,,,,,,,,,,,,,,
22.33041135,22.7,0.369588652,,,,,,,,,,,,,,,
24.76761517,21,3.767615169,,,,,,,,,,,,,,,
68.18718698,69.3,1.112813018,,,,,,,,,,,,,,,
69.25300677,69.3,0.046993231,,,,,,,,,,,,,,,
40.11087225,43.7,3.589127748,,,,,,,,,,,,,,,
34.16522682,26.9,7.265226823,,,,,,,,,,,,,,,
26.01020199,26.2,0.18979801,,,,,,,,,,,,,,,
27.42344562,26.4,1.023445625,,,,,,,,,,,,,,,
32.32465359,36.8,4.475346409,,,,,,,,,,,,,,,
35.45041584,38.6,3.149584157,,,,,,,,,,,,,,,
49.19260446,56.1,6.907395543,,,,,,,,,,,,,,,
60.6841075,67.7,7.015892495,,,,,,,,,,,,,,,
34.69821927,29.7,4.998219271,,,,,,,,,,,,,,,
37.54773606,38.4,0.852263937,,,,,,,,,,,,,,,
55.43237803,58,2.567621973,,,,,,,,,,,,,,,
24.30047975,23.7,0.600479749,,,,,,,,,,,,,,,
44.25844041,45.9,1.641559592,,,,,,,,,,,,,,,
69.82099762,69.3,0.520997623,,,,,,,,,,,,,,,
59.28262843,67.7,8.417371575,,,,,,,,,,,,,,,
55.32994356,54.9,0.429943558,,,,,,,,,,,,,,,
37.08595238,34.5,2.585952381,,,,,,,,,,,,,,,
36.53625402,38.6,2.063745985,,,,,,,,,,,,,,,
42.45018592,46.9,4.44981408,,,,,,,,,,,,,,,
34.50440479,34.6,0.09559521,,,,,,,,,,,,,,,
29.62222034,27.8,1.822220336,,,,,,,,,,,,,,,
38.62107087,44.3,5.678929132,,,,,,,,,,,,,,,
59.99251202,58.7,1.292512024,,,,,,,,,,,,,,,
48.00662624,56.1,8.093373761,,,,,,,,,,,,,,,
40.99425572,47.7,6.705744282,,,,,,,,,,,,,,,
35.58292607,36.8,1.217073934,,,,,,,,,,,,,,,
41.85112713,29.1,12.75112713,,,,,,,,,,,,,,,
45.94214624,46.4,0.457853763,,,,,,,,,,,,,,,
47.67799831,46.9,0.777998311,,,,,,,,,,,,,,,
54.73177551,45.3,9.431775508,,,,,,,,,,,,,,,
24.44327443,22.7,1.74327443,,,,,,,,,,,,,,,
47.06909006,54.7,7.630909939,,,,,,,,,,,,,,,
29.67648215,27,2.676482147,,,,,,,,,,,,,,,
46.86089947,46.4,0.460899468,,,,,,,,,,,,,,,
46.31299389,46.9,0.58700611,,,,,,,,,,,,,,,
26.56712401,26.2,0.36712401,,,,,,,,,,,,,,,
42.89706087,40.5,2.397060869,,,,,,,,,,,,,,,
29.83815451,23.3,6.538154509,,,,,,,,,,,,,,,
60.24220657,55.8,4.442206571,,,,,,,,,,,,,,,
37.81797058,41.5,3.682029416,,,,,,,,,,,,,,,
39.0922985,37,2.092298495,,,,,,,,,,,,,,,
59.39603538,69.7,10.30396462,,,,,,,,,,,,,,,
24.82538638,23.3,1.525386375,,,,,,,,,,,,,,,
49.33889488,46.6,2.738894882,,,,,,,,,,,,,,,
44.17441067,46.9,2.725589327,,,,,,,,,,,,,,,
79.82958834,70.2,9.629588342,,,,,,,,,,,,,,,
65.44977304,57.8,7.649773037,,,,,,,,,,,,,,,
25.71078526,26.1,0.389214742,,,,,,,,,,,,,,,
32.3234092,22.7,9.623409196,,,,,,,,,,,,,,,
69.1349319,73.4,4.265068097,,,,,,,,,,,,,,,
70.56541193,83.9,13.33458807,,,,,,,,,,,,,,,
28.24938263,27.8,0.449382633,,,,,,,,,,,,,,,
51.11244922,47.4,3.71244922,,,,,,,,,,,,,,,
60.80720506,55.5,5.307205059,,,,,,,,,,,,,,,
58.41078516,60.3,1.88921484,,,,,,,,,,,,,,,
58.28456463,70.1,11.81543537,,,,,,,,,,,,,,,
35.77543912,34,1.775439124,,,,,,,,,,,,,,,
47.44634978,56.1,8.653650223,,,,,,,,,,,,,,,
23.27956297,21,2.279562966,,,,,,,,,,,,,,,
43.62010479,40.4,3.220104786,,,,,,,,,,,,,,,
78.96569152,70,8.965691522,,,,,,,,,,,,,,,
28.51351396,23.7,4.813513955,,,,,,,,,,,,,,,
66.45078661,69.6,3.14921339,,,,,,,,,,,,,,,
29.57449447,25,4.574494467,,,,,,,,,,,,,,,
47.57628929,46.5,1.07628929,,,,,,,,,,,,,,,
26.89843571,26.1,0.798435708,,,,,,,,,,,,,,,
51.99356778,47.3,4.69356778,,,,,,,,,,,,,,,
25.53956846,23.7,1.839568461,,,,,,,,,,,,,,,
27.29285805,26.1,1.19285805,,,,,,,,,,,,,,,
39.40948905,37,2.409489049,,,,,,,,,,,,,,,
54.08427982,65,10.91572018,,,,,,,,,,,,,,,
54.03626931,46.4,7.636269313,,,,,,,,,,,,,,,
43.58847335,44,0.411526654,,,,,,,,,,,,,,,
34.28798245,29.1,5.18798245,,,,,,,,,,,,,,,
26.0020112,25.1,0.9020112,,,,,,,,,,,,,,,
42.86393204,41.5,1.36393204,,,,,,,,,,,,,,,
44.17990786,41.3,2.879907863,,,,,,,,,,,,,,,
31.13687163,26.2,4.936871625,,,,,,,,,,,,,,,
38.94702899,34,4.947028994,,,,,,,,,,,,,,,
24.32009446,25,0.679905536,,,,,,,,,,,,,,,
78.80149269,83.9,5.098507308,,,,,,,,,,,,,,,
29.0379829,23.3,5.737982905,,,,,,,,,,,,,,,
29.03752667,22.7,6.337526674,,,,,,,,,,,,,,,
32.22438461,27.8,4.424384614,,,,,,,,,,,,,,,
56.93068045,68.5,11.56931955,,,,,,,,,,,,,,,
36.70196163,34.6,2.101961631,,,,,,,,,,,,,,,
45.7922697,44.1,1.692269697,,,,,,,,,,,,,,,
42.4146606,41.3,1.114660602,,,,,,,,,,,,,,,
37.93664244,35.3,2.636642442,,,,,,,,,,,,,,,
36.32340095,35.4,0.923400949,,,,,,,,,,,,,,,
45.74566625,50.2,4.454333745,,,,,,,,,,,,,,,
25.69989258,27.8,2.100107418,,,,,,,,,,,,,,,
38.04166963,38.6,0.558330367,,,,,,,,,,,,,,,
79.30510738,90.3,10.99489262,,,,,,,,,,,,,,,
86.10784782,83.7,2.407847817,,,,,,,,,,,,,,,
22.13163859,23.3,1.168361414,,,,,,,,,,,,,,,
95.04713256,89,6.047132559,,,,,,,,,,,,,,,
74.83474829,90.5,15.66525171,,,,,,,,,,,,,,,
38.46791257,44,5.532087432,,,,,,,,,,,,,,,
26.55036639,26.1,0.450366387,,,,,,,,,,,,,,,
55.02979304,73.5,18.47020696,,,,,,,,,,,,,,,
34.98067788,29.9,5.080677884,,,,,,,,,,,,,,,
58.89263398,46.3,12.59263398,,,,,,,,,,,,,,,
58.17224228,68.4,10.22775772,,,,,,,,,,,,,,,
51.43751023,50.2,1.237510233,,,,,,,,,,,,,,,
42.41618668,43.5,1.083813323,,,,,,,,,,,,,,,
29.95636954,27.8,2.156369535,,,,,,,,,,,,,,,
52.90202514,46.4,6.502025136,,,,,,,,,,,,,,,
34.52822863,30.5,4.028228634,,,,,,,,,,,,,,,
27.97148642,26.2,1.771486422,,,,,,,,,,,,,,,
46.74882418,46.9,0.151175815,,,,,,,,,,,,,,,
26.71757071,26.1,0.617570712,,,,,,,,,,,,,,,
43.29502419,41,2.295024194,,,,,,,,,,,,,,,
45.79804354,49.5,3.701956464,,,,,,,,,,,,,,,
23.5490343,23.3,0.249034295,,,,,,,,,,,,,,,
47.66758398,47,0.667583978,,,,,,,,,,,,,,,
24.83990919,23.3,1.539909192,,,,,,,,,,,,,,,
38.1037215,33.4,4.703721499,,,,,,,,,,,,,,,
55.49763493,68.1,12.60236507,,,,,,,,,,,,,,,
28.91680434,26.2,2.716804342,,,,,,,,,,,,,,,
42.6522284,43.7,1.047771595,,,,,,,,,,,,,,,
93.82789691,90.2,3.627896905,,,,,,,,,,,,,,,
63.73495588,60.7,3.034955882,,,,,,,,,,,,,,,
39.95234473,38.9,1.052344729,,,,,,,,,,,,,,,
66.57815156,69.6,3.021848444,,,,,,,,,,,,,,,
66.35127903,66.4,0.048720971,,,,,,,,,,,,,,,
158.1737036,270.9,112.7262964,,,,,,,,,,,,,,,
41.34636114,39,2.346361136,,,,,,,,,,,,,,,
50.40532982,55.3,4.894670184,,,,,,,,,,,,,,,
34.35949352,33.4,0.95949352,,,,,,,,,,,,,,,
48.53110874,46.9,1.631108745,,,,,,,,,,,,,,,
43.90133985,43.9,0.001339849,,,,,,,,,,,,,,,
42.76886268,41.3,1.468862679,,,,,,,,,,,,,,,
61.73593169,273.7,211.9640683,,,,,,,,,,,,,,,
61.14466678,70.8,9.65533322,,,,,,,,,,,,,,,
39.91157619,46,6.088423808,,,,,,,,,,,,,,,
50.70514282,56.3,5.594857185,,,,,,,,,,,,,,,
52.01916231,46.4,5.619162312,,,,,,,,,,,,,,,
34.0353455,34.6,0.564654502,,,,,,,,,,,,,,,
55.62440158,56.1,0.475598423,,,,,,,,,,,,,,,
26.21090705,21,5.210907054,,,,,,,,,,,,,,,
23.6111569,27,3.388843104,,,,,,,,,,,,,,,
22.1874636,25.1,2.912536403,,,,,,,,,,,,,,,
25.10722209,23.3,1.807222085,,,,,,,,,,,,,,,
23.05418059,21,2.054180593,,,,,,,,,,,,,,,
48.49106609,54.7,6.20893391,,,,,,,,,,,,,,,
58.45682999,54.9,3.556829991,,,,,,,,,,,,,,,
48.64062041,54.9,6.259379585,,,,,,,,,,,,,,,
59.13402689,68.7,9.565973112,,,,,,,,,,,,,,,
31.16523517,25.1,6.06523517,,,,,,,,,,,,,,,
37.4812958,46.4,8.918704198,,,,,,,,,,,,,,,
47.02267361,43.5,3.522673615,,,,,,,,,,,,,,,
59.44642161,58.9,0.546421606,,,,,,,,,,,,,,,
30.38018195,33.7,3.319818045,,,,,,,,,,,,,,,
49.21885794,47.4,1.818857943,,,,,,,,,,,,,,,
40.09825265,35.4,4.698252645,,,,,,,,,,,,,,,
35.73000647,36.8,1.069993534,,,,,,,,,,,,,,,
46.42283933,46.9,0.477160668,,,,,,,,,,,,,,,
23.37166099,25.1,1.728339012,,,,,,,,,,,,,,,
46.70590534,47,0.294094655,,,,,,,,,,,,,,,
21.73993868,20.9,0.839938677,,,,,,,,,,,,,,,
35.28682738,35.4,0.113172623,,,,,,,,,,,,,,,
25.23586556,21,4.235865562,,,,,,,,,,,,,,,
74.13995895,71.6,2.539958947,,,,,,,,,,,,,,,
25.89544383,27,1.10455617,,,,,,,,,,,,,,,
33.02599922,34.9,1.874000783,,,,,,,,,,,,,,,
55.58196791,65,9.418032095,,,,,,,,,,,,,,,
61.67209858,52.5,9.172098578,,,,,,,,,,,,,,,
77.04686816,88.7,11.65313184,,,,,,,,,,,,,,,
48.11981733,46.2,1.919817332,,,,,,,,,,,,,,,
37.29949101,36.5,0.799491008,,,,,,,,,,,,,,,
40.16884169,39.2,0.968841693,,,,,,,,,,,,,,,
103.8615313,90.9,12.96153127,,,,,,,,,,,,,,,
34.02874453,27.8,6.228744527,,,,,,,,,,,,,,,
49.91583409,54,4.084165912,,,,,,,,,,,,,,,
48.00751027,46.9,1.107510274,,,,,,,,,,,,,,,
42.97225419,41.4,1.57225419,,,,,,,,,,,,,,,
52.66711635,55.3,2.632883652,,,,,,,,,,,,,,,
89.19744928,88.7,0.497449282,,,,,,,,,,,,,,,
26.54457627,22.7,3.844576274,,,,,,,,,,,,,,,
22.70417556,23.3,0.595824442,,,,,,,,,,,,,,,
46.15443145,46.4,0.245568545,,,,,,,,,,,,,,,
52.69805548,65.1,12.40194452,,,,,,,,,,,,,,,
68.09738462,70.2,2.102615376,,,,,,,,,,,,,,,
32.3295079,29.8,2.529507903,,,,,,,,,,,,,,,
33.2186031,38.6,5.381396899,,,,,,,,,,,,,,,
41.12519774,41.1,0.025197737,,,,,,,,,,,,,,,
70.99274753,73.2,2.207252471,,,,,,,,,,,,,,,
57.17066753,65.1,7.929332474,,,,,,,,,,,,,,,
60.68926924,64.6,3.910730764,,,,,,,,,,,,,,,
26.96844152,27,0.031558482,,,,,,,,,,,,,,,
48.83937499,54,5.160625007,,,,,,,,,,,,,,,
26.2243477,26.9,0.675652297,,,,,,,,,,,,,,,
68.77788613,70.8,2.022113867,,,,,,,,,,,,,,,
54.45027378,58.7,4.249726223,,,,,,,,,,,,,,,
46.07860271,38.9,7.178602715,,,,,,,,,,,,,,,
54.01971062,54.6,0.580289383,,,,,,,,,,,,,,,
35.61559533,38.5,2.88440467,,,,,,,,,,,,,,,
233.4406586,257.6,24.15934142,,,,,,,,,,,,,,,
40.23637555,46.9,6.663624445,,,,,,,,,,,,,,,
37.58229541,39,1.417704589,,,,,,,,,,,,,,,
33.74856327,39.9,6.151436733,,,,,,,,,,,,,,,
46.65113641,55.2,8.548863591,,,,,,,,,,,,,,,
54.79936746,52.1,2.699367457,,,,,,,,,,,,,,,
38.50939375,30.7,7.809393751,,,,,,,,,,,,,,,
24.72724057,23.3,1.42724057,,,,,,,,,,,,,,,
54.08967398,66.4,12.31032602,,,,,,,,,,,,,,,
45.13254773,46.4,1.267452268,,,,,,,,,,,,,,,
35.46837883,29.8,5.668378831,,,,,,,,,,,,,,,
28.14860257,30.9,2.75139743,,,,,,,,,,,,,,,
40.99460034,46.1,5.105399655,,,,,,,,,,,,,,,
22.06886375,22.7,0.631136251,,,,,,,,,,,,,,,
24.51131578,26.9,2.388684223,,,,,,,,,,,,,,,
60.22797727,55.2,5.027977265,,,,,,,,,,,,,,,
70.12448659,73.2,3.075513408,,,,,,,,,,,,,,,
48.59514719,54.9,6.30485281,,,,,,,,,,,,,,,
50.17636537,53.6,3.423634635,,,,,,,,,,,,,,,
36.13217423,34.3,1.83217423,,,,,,,,,,,,,,,
25.45548348,22.7,2.755483479,,,,,,,,,,,,,,,
63.26664374,70.2,6.933356262,,,,,,,,,,,,,,,
22.57896027,26.1,3.521039733,,,,,,,,,,,,,,,
32.0615263,34.6,2.538473695,,,,,,,,,,,,,,,
54.61638769,51.7,2.916387689,,,,,,,,,,,,,,,
45.68489782,46.9,1.215102185,,,,,,,,,,,,,,,
34.89980823,35.4,0.500191765,,,,,,,,,,,,,,,
59.21852255,65.1,5.881477455,,,,,,,,,,,,,,,
26.01081949,26.3,0.289180505,,,,,,,,,,,,,,,
29.78583174,23.7,6.085831744,,,,,,,,,,,,,,,
21.70420021,21,0.704200211,,,,,,,,,,,,,,,
28.36714173,27.8,0.567141727,,,,,,,,,,,,,,,
80.14750125,83.9,3.752498747,,,,,,,,,,,,,,,
47.69034682,52.6,4.909653176,,,,,,,,,,,,,,,
68.94114503,70,1.058854967,,,,,,,,,,,,,,,
57.64487057,55.8,1.844870573,,,,,,,,,,,,,,,
42.77616778,46.4,3.623832224,,,,,,,,,,,,,,,
30.0670635,30.4,0.332936502,,,,,,,,,,,,,,,
23.1779347,25,1.822065303,,,,,,,,,,,,,,,
42.35256266,38.7,3.652562659,,,,,,,,,,,,,,,
26.27051587,23.3,2.970515866,,,,,,,,,,,,,,,
175.4039726,271.6,96.19602741,,,,,,,,,,,,,,,
38.60700829,35.4,3.207008286,,,,,,,,,,,,,,,
22.75619586,21,1.756195856,,,,,,,,,,,,,,,
69.47279871,69.7,0.227201295,,,,,,,,,,,,,,,
45.38378147,55.3,9.916218525,,,,,,,,,,,,,,,
48.90831931,44,4.908319306,,,,,,,,,,,,,,,
24.09436987,23.3,0.794369871,,,,,,,,,,,,,,,
82.73067693,83.9,1.169323066,,,,,,,,,,,,,,,
30.1338497,30.7,0.566150304,,,,,,,,,,,,,,,
32.79813631,34.8,2.001863685,,,,,,,,,,,,,,,
34.78341102,34.6,0.183411024,,,,,,,,,,,,,,,
45.01428581,46.2,1.185714192,,,,,,,,,,,,,,,
63.34267034,54,9.342670337,,,,,,,,,,,,,,,
41.89378979,39,2.893789793,,,,,,,,,,,,,,,
25.52166058,24.8,0.721660579,,,,,,,,,,,,,,,
27.77184545,27,0.771845453,,,,,,,,,,,,,,,
45.82335703,46.2,0.376642967,,,,,,,,,,,,,,,
59.41241303,64.2,4.787586966,,,,,,,,,,,,,,,
61.65801919,62.5,0.841980807,,,,,,,,,,,,,,,
32.59837246,30.5,2.098372463,,,,,,,,,,,,,,,
49.18456116,47.7,1.484561164,,,,,,,,,,,,,,,
39.59156973,38.6,0.991569732,,,,,,,,,,,,,,,
39.74624998,43.5,3.75375002,,,,,,,,,,,,,,,
33.892158,30.5,3.392158003,,,,,,,,,,,,,,,
40.72260934,38,2.722609343,,,,,,,,,,,,,,,
43.09817874,44.5,1.401821265,,,,,,,,,,,,,,,
30.32715859,27.8,2.52715859,,,,,,,,,,,,,,,
42.85746783,47.7,4.842532167,,,,,,,,,,,,,,,
23.12571303,23.3,0.174286974,,,,,,,,,,,,,,,
25.06878664,24.8,0.268786638,,,,,,,,,,,,,,,
78.92852046,84.2,5.271479542,,,,,,,,,,,,,,,
40.60144171,38.9,1.701441711,,,,,,,,,,,,,,,
37.7424974,41.6,3.857502599,,,,,,,,,,,,,,,
24.42371261,26.9,2.476287394,,,,,,,,,,,,,,,
43.86116527,54,10.13883473,,,,,,,,,,,,,,,
25.53344045,22.7,2.833440454,,,,,,,,,,,,,,,
26.93964736,26.2,0.739647359,,,,,,,,,,,,,,,
45.54060131,47,1.459398693,,,,,,,,,,,,,,,
36.55002626,35.9,0.650026265,,,,,,,,,,,,,,,
40.80974517,39.2,1.609745169,,,,,,,,,,,,,,,
55.08913887,68.4,13.31086113,,,,,,,,,,,,,,,
68.85739176,69.7,0.842608241,,,,,,,,,,,,,,,
51.5141139,54.9,3.385886103,,,,,,,,,,,,,,,
49.33265212,54.9,5.567347876,,,,,,,,,,,,,,,
63.21319504,66.4,3.186804959,,,,,,,,,,,,,,,
68.07625871,68.1,0.023741291,,,,,,,,,,,,,,,
26.32355509,23.7,2.623555085,,,,,,,,,,,,,,,
58.47300191,60.7,2.226998088,,,,,,,,,,,,,,,
26.79405003,26.9,0.105949969,,,,,,,,,,,,,,,
34.98569834,38.2,3.214301663,,,,,,,,,,,,,,,
61.13426875,54.9,6.23426875,,,,,,,,,,,,,,,
37.72438126,38.5,0.775618741,,,,,,,,,,,,,,,
36.30670388,34.9,1.406703883,,,,,,,,,,,,,,,
30.02405708,38.5,8.475942916,,,,,,,,,,,,,,,
91.21483286,90.3,0.914832859,,,,,,,,,,,,,,,
24.50023742,23.3,1.200237415,,,,,,,,,,,,,,,
30.00230279,25.2,4.802302793,,,,,,,,,,,,,,,
41.36590744,54.9,13.53409256,,,,,,,,,,,,,,,
44.17863934,38.5,5.678639339,,,,,,,,,,,,,,,
43.01340621,43.3,0.286593794,,,,,,,,,,,,,,,
66.44696642,70.2,3.753033577,,,,,,,,,,,,,,,
42.17691574,36.9,5.276915735,,,,,,,,,,,,,,,
44.50269119,46.4,1.897308812,,,,,,,,,,,,,,,
48.30941596,59.8,11.49058404,,,,,,,,,,,,,,,
22.1889525,23.3,1.111047503,,,,,,,,,,,,,,,
22.75780209,22.7,0.057802091,,,,,,,,,,,,,,,
48.05639592,46.5,1.556395918,,,,,,,,,,,,,,,
51.34971785,56.6,5.250282155,,,,,,,,,,,,,,,
73.92600566,69.2,4.726005657,,,,,,,,,,,,,,,
62.42557873,73.5,11.07442127,,,,,,,,,,,,,,,
34.77181213,38.6,3.828187874,,,,,,,,,,,,,,,
42.50592488,41.4,1.105924877,,,,,,,,,,,,,,,
51.4506702,47.4,4.050670198,,,,,,,,,,,,,,,
29.89399269,26.3,3.59399269,,,,,,,,,,,,,,,
41.88212663,39,2.882126629,,,,,,,,,,,,,,,
23.48662293,23.3,0.18662293,,,,,,,,,,,,,,,
24.93044866,27,2.069551337,,,,,,,,,,,,,,,
24.7082384,23.3,1.408238402,,,,,,,,,,,,,,,
265.6026563,270.4,4.797343669,,,,,,,,,,,,,,,
61.30658394,70.2,8.893416056,,,,,,,,,,,,,,,
64.77116942,65,0.228830577,,,,,,,,,,,,,,,
79.99309913,83.9,3.90690087,,,,,,,,,,,,,,,
81.67105822,89,7.328941781,,,,,,,,,,,,,,,
41.81953794,43.5,1.680462059,,,,,,,,,,,,,,,
30.63462837,30.4,0.234628368,,,,,,,,,,,,,,,
62.2262373,67.9,5.673762703,,,,,,,,,,,,,,,
26.81356084,26.9,0.086439164,,,,,,,,,,,,,,,
28.17396893,27,1.173968931,,,,,,,,,,,,,,,
22.93454917,26.2,3.265450834,,,,,,,,,,,,,,,
33.86345907,27.8,6.063459066,,,,,,,,,,,,,,,
32.68900265,33.7,1.010997346,,,,,,,,,,,,,,,
83.43493269,84,0.565067308,,,,,,,,,,,,,,,
27.17425065,22.7,4.474250654,,,,,,,,,,,,,,,
91.87323535,84.2,7.673235354,,,,,,,,,,,,,,,
35.52075498,38.4,2.879245018,,,,,,,,,,,,,,,
43.1171525,39.2,3.917152498,,,,,,,,,,,,,,,
68.28365482,66.4,1.883654819,,,,,,,,,,,,,,,
42.85761352,39.2,3.657613521,,,,,,,,,,,,,,,
34.43845054,29.8,4.63845054,,,,,,,,,,,,,,,
28.29369411,26.1,2.193694108,,,,,,,,,,,,,,,
27.96489452,21,6.964894524,,,,,,,,,,,,,,,
36.97749936,38.6,1.622500641,,,,,,,,,,,,,,,
50.34838406,47.5,2.848384062,,,,,,,,,,,,,,,
68.96922728,70.2,1.230772722,,,,,,,,,,,,,,,
38.14023062,53.6,15.45976938,,,,,,,,,,,,,,,
46.59101176,41.5,5.091011764,,,,,,,,,,,,,,,
66.56247754,71.3,4.737522461,,,,,,,,,,,,,,,
66.46554422,69.6,3.134455776,,,,,,,,,,,,,,,
79.65427723,67.6,12.05427723,,,,,,,,,,,,,,,
49.89739734,58.8,8.902602655,,,,,,,,,,,,,,,
45.26338565,45.2,0.06338565,,,,,,,,,,,,,,,
42.26861077,46.4,4.131389229,,,,,,,,,,,,,,,
74.80922075,67.5,7.309220755,,,,,,,,,,,,,,,
25.99549384,26.3,0.304506156,,,,,,,,,,,,,,,
29.9457375,22.7,7.245737502,,,,,,,,,,,,,,,
40.94407933,41.5,0.555920673,,,,,,,,,,,,,,,
47.3300545,46.4,0.930054502,,,,,,,,,,,,,,,
27.11827046,23.7,3.418270463,,,,,,,,,,,,,,,
35.5715919,37.4,1.828408096,,,,,,,,,,,,,,,
73.14010557,84.6,11.45989443,,,,,,,,,,,,,,,
59.08760145,68.5,9.412398554,,,,,,,,,,,,,,,
72.6580226,72.3,0.358022597,,,,,,,,,,,,,,,
23.42469995,24.8,1.375300054,,,,,,,,,,,,,,,
46.99640753,46.4,0.596407527,,,,,,,,,,,,,,,
60.97139156,57.3,3.671391555,,,,,,,,,,,,,,,
22.85757598,22.7,0.157575983,,,,,,,,,,,,,,,
59.06012165,74,14.93987835,,,,,,,,,,,,,,,
24.99523874,26.2,1.204761259,,,,,,,,,,,,,,,
52.68597152,60.7,8.014028481,,,,,,,,,,,,,,,
55.31780669,55.8,0.482193309,,,,,,,,,,,,,,,
40.69369918,44.5,3.806300825,,,,,,,,,,,,,,,
50.59041234,46.4,4.190412342,,,,,,,,,,,,,,,
27.15458674,27.8,0.645413262,,,,,,,,,,,,,,,
45.8830559,34.8,11.0830559,,,,,,,,,,,,,,,
34.26879599,26.1,8.168795986,,,,,,,,,,,,,,,
68.75410585,73.5,4.745894146,,,,,,,,,,,,,,,
53.57235721,56.2,2.627642789,,,,,,,,,,,,,,,
46.13590569,46.9,0.764094306,,,,,,,,,,,,,,,
56.13620516,58.7,2.563794842,,,,,,,,,,,,,,,
55.92259475,70.5,14.57740525,,,,,,,,,,,,,,,
60.19002621,65,4.80997379,,,,,,,,,,,,,,,
35.25116049,38.6,3.348839512,,,,,,,,,,,,,,,
26.65551017,25,1.655510171,,,,,,,,,,,,,,,
23.60212771,25.2,1.597872292,,,,,,,,,,,,,,,
45.56833847,43.5,2.068338473,,,,,,,,,,,,,,,
49.32840961,54.9,5.571590388,,,,,,,,,,,,,,,
39.55680679,38.9,0.656806794,,,,,,,,,,,,,,,
48.73674128,45.9,2.836741279,,,,,,,,,,,,,,,
44.98287996,41.5,3.482879955,,,,,,,,,,,,,,,
46.71597448,44.3,2.415974477,,,,,,,,,,,,,,,
72.52849675,73.5,0.971503247,,,,,,,,,,,,,,,
44.22882156,46.2,1.971178442,,,,,,,,,,,,,,,
29.6725996,23.3,6.372599596,,,,,,,,,,,,,,,
40.58439563,39.3,1.284395625,,,,,,,,,,,,,,,
55.78883109,56.2,0.411168909,,,,,,,,,,,,,,,
37.34831932,38.6,1.251680682,,,,,,,,,,,,,,,
36.76353154,34,2.76353154,,,,,,,,,,,,,,,
81.60403326,88.9,7.295966739,,,,,,,,,,,,,,,
46.86235564,49.4,2.537644355,,,,,,,,,,,,,,,
43.98302632,44,0.016973679,,,,,,,,,,,,,,,
26.58298641,23.3,3.282986405,,,,,,,,,,,,,,,
42.25066515,41.5,0.750665152,,,,,,,,,,,,,,,
24.80956077,21,3.809560769,,,,,,,,,,,,,,,
61.83614349,69.6,7.763856507,,,,,,,,,,,,,,,
80.08102436,90.5,10.41897564,,,,,,,,,,,,,,,
96.66007332,90.9,5.760073317,,,,,,,,,,,,,,,
21.4836959,23.7,2.216304101,,,,,,,,,,,,,,,
35.75906936,37.1,1.340930644,,,,,,,,,,,,,,,
37.62003554,36.9,0.720035538,,,,,,,,,,,,,,,
30.60190993,30.7,0.09809007,,,,,,,,,,,,,,,
28.81892537,26.1,2.718925366,,,,,,,,,,,,,,,
50.13602626,46.4,3.736026256,,,,,,,,,,,,,,,
81.17961209,70.2,10.97961209,,,,,,,,,,,,,,,
26.6302368,27,0.369763199,,,,,,,,,,,,,,,
48.00544352,52.5,4.494556484,,,,,,,,,,,,,,,
31.68449452,33.4,1.715505476,,,,,,,,,,,,,,,
24.42774592,26.3,1.872254082,,,,,,,,,,,,,,,
89.99564015,84,5.995640154,,,,,,,,,,,,,,,
24.03035886,26.4,2.369641142,,,,,,,,,,,,,,,
27.34351684,26.2,1.143516839,,,,,,,,,,,,,,,
21.74363971,22.7,0.956360287,,,,,,,,,,,,,,,
24.67725969,21,3.677259693,,,,,,,,,,,,,,,
56.17246585,68.7,12.52753415,,,,,,,,,,,,,,,
48.54887545,52.5,3.95112455,,,,,,,,,,,,,,,
94.1539595,84.6,9.553959495,,,,,,,,,,,,,,,
50.3110337,46.6,3.711033697,,,,,,,,,,,,,,,
