"Date","상권","공실률","공실률_예측_머신러닝","공실률_예측_딥러닝","공실률_차이_머신","공실률_차이_딥"
"2015_1","건대입구",7.2,8.5415727142,7.01840281333333,1.3415727142,0.181597186666667
"2015_1","경희대",3.1,5.05457593185714,3.92188234285714,1.95457593185714,0.821882342857143
"2015_1","공덕역",4.8,6.67372171333333,5.40141023333333,1.87372171333333,0.601410233333334
"2015_1","광화문",1.3,2.92993148233333,2.1224629,1.62993148233333,0.8224629
"2015_1","군자",8.9,8.0570661599,6.15485588,0.842933840100001,2.74514412
"2015_1","동대문",13.1,8.504031535,9.4578957,4.595968465,3.6421043
"2015_1","명동",5.7,8.4748431064,7.69697364,2.7748431064,1.99697364
"2015_1","목동",3.2,4.336601897,4.4794236,1.136601897,1.2794236
"2015_1","사당",0.8,4.27697254223077,1.88621554846154,3.47697254223077,1.08621554846154
"2015_1","서초",10.5,9.63337198955,10.514701205,0.86662801045,0.0147012049999997
"2015_1","성신여대",8.6,8.33238921383333,7.25954770833333,0.267610786166665,1.34045229166667
"2015_1","수유",6.6,8.84994883775,6.817249025,2.24994883775,0.217249025
"2015_1","신촌",8.2,12.1039830195,16.4610075,3.9039830195,8.2610075
"2015_1","영등포",10.2,9.968385053,9.72604082222222,0.231614946999999,0.473959177777777
"2015_1","용산",6.9,7.1981410532,8.09117970666667,0.298141053199999,1.19117970666667
"2015_1","이태원",8.9,9.16916719955556,9.20988255555556,0.269167199555556,0.309882555555555
"2015_1","잠실",6.8,6.9905257018,6.06573114,0.1905257018,0.73426886
"2015_1","장안동",3.9,5.56819593952381,5.25534566666667,1.66819593952381,1.35534566666667
"2015_1","종로",10.7,10.4761587821111,13.5098794444444,0.223841217888888,2.80987944444444
"2015_1","천호",4.9,6.85515430754545,5.34298311818182,1.95515430754545,0.442983118181818
"2015_1","청담",6.9,9.20687328563636,7.8300192,2.30687328563636,0.9300192
"2015_1","청량리",8.1,12.2338204,6.8539104,4.1338204,1.2460896
"2015_1","충무로",3.3,10.1712405615,6.25107135,6.8712405615,2.95107135
"2015_1","테헤란로",9.9,8.96704261172973,11.0428685783784,0.932957388270271,1.14286857837838
"2015_1","혜화동",2,4.4500764178,4.50128202,2.4500764178,2.50128202
"2015_1","홍대합정",7,6.471039394,8.06626293076923,0.528960606,1.06626293076923
"2015_1","화곡",11.7,8.46065735925,10.9164509361111,3.23934264075,0.783549063888888
"2015_2","건대입구",5.7,6.34334685673333,5.09646375333333,0.643346856733333,0.603536246666667
"2015_2","경희대",1.8,5.21344104428571,2.10402055714286,3.41344104428571,0.304020557142857
"2015_2","공덕역",6.7,7.66269848966667,6.15949916666667,0.962698489666667,0.540500833333334
"2015_2","광화문",1.5,3.237078583,2.4698702,1.737078583,0.9698702
"2015_2","군자",6.6,6.281477449,5.12244206,0.318522550999999,1.47755794
"2015_2","동대문",15.5,8.225124675,12.52827425,7.274875325,2.97172575
"2015_2","명동",5.7,9.2658482536,7.53115958,3.5658482536,1.83115958
"2015_2","목동",3.2,5.3557093605,4.702514925,2.1557093605,1.502514925
"2015_2","사당",1.9,6.51294482969231,2.87721041538462,4.61294482969231,0.977210415384616
"2015_2","서초",8.2,8.65831172605,8.037763205,0.458311726050001,0.162236794999998
"2015_2","성신여대",8.6,8.63032879941667,6.93425883333333,0.030328799416667,1.66574116666667
"2015_2","수유",16,8.59792386916667,10.9685387083333,7.40207613083333,5.03146129166667
"2015_2","신촌",8.9,15.405369325,13.51451325,6.505369325,4.61451325
"2015_2","영등포",8.3,8.75747751088889,8.7358489,0.457477510888888,0.4358489
"2015_2","용산",7.3,8.76572430353333,7.92009019333333,1.46572430353333,0.620090193333334
"2015_2","이태원",9.2,10.6320517283333,8.3904175,1.43205172833333,0.809582499999999
"2015_2","잠실",5.3,7.1538953762,4.79214472,1.8538953762,0.50785528
"2015_2","장안동",3.9,6.97630361647619,5.77695698095238,3.07630361647619,1.87695698095238
"2015_2","종로",10,9.52924574783333,11.4993534333333,0.470754252166667,1.49935343333333
"2015_2","천호",3.8,5.92642616072727,4.18329234545455,2.12642616072727,0.383292345454546
"2015_2","청담",6.9,9.62577064263636,8.38194011818182,2.72577064263636,1.48194011818182
"2015_2","청량리",9.2,10.57990719,5.6431456,1.37990719,3.5568544
"2015_2","충무로",3.3,6.3523969665,6.32643215,3.0523969665,3.02643215
"2015_2","테헤란로",9.7,8.99006260864865,10.1394782432432,0.709937391351351,0.439478243243244
"2015_2","혜화동",4.6,5.0722717906,4.31575082,0.472271790600001,0.28424918
"2015_2","홍대합정",7.5,7.53877870092308,7.17297947692308,0.0387787009230767,0.327020523076923
"2015_2","화곡",19.8,12.2066590853056,16.5435653888889,7.59334091469445,3.25643461111111
"2015_3","건대입구",5.4,7.20351113393333,5.03304720666667,1.80351113393333,0.366952793333334
"2015_3","경희대",1.3,6.21410831914286,2.30438445714286,4.91410831914286,1.00438445714286
"2015_3","공덕역",10.9,8.79034458566667,7.88416566666667,2.10965541433333,3.01583433333333
"2015_3","광화문",1.3,3.38278054666667,2.27048786666667,2.08278054666667,0.970487866666667
"2015_3","군자",6.6,6.7305119875,5.01486733,0.1305119875,1.58513267
"2015_3","동대문",15.7,14.355601315,11.19151,1.344398685,4.50849
"2015_3","명동",5.6,8.516422289,7.89427514,2.916422289,2.29427514
"2015_3","목동",2.3,5.9840374105,5.0675225,3.6840374105,2.7675225
"2015_3","사당",1.9,4.81530532792308,2.92120674615385,2.91530532792308,1.02120674615385
"2015_3","서초",3.3,7.782299713,6.126409295,4.482299713,2.826409295
"2015_3","성신여대",9.8,8.3531354575,7.58775334166667,1.4468645425,2.21224665833333
"2015_3","수유",17.2,7.2994206675,10.83552295,9.9005793325,6.36447705
"2015_3","신촌",8.9,12.126650901,11.9961475,3.226650901,3.0961475
"2015_3","영등포",9,8.39909845188889,8.64389576666667,0.600901548111111,0.356104233333333
"2015_3","용산",7,8.99089065953333,7.93249488,1.99089065953333,0.93249488
"2015_3","이태원",10,10.6773304217778,8.15428624444444,0.677330421777778,1.84571375555556
"2015_3","잠실",6.3,6.3511850758,4.98242174,0.0511850758000003,1.31757826
"2015_3","장안동",4.8,6.69929683828571,6.47812527142857,1.89929683828571,1.67812527142857
"2015_3","종로",9.8,9.57027279722222,11.2336960833333,0.229727202777779,1.43369608333333
"2015_3","천호",3.8,5.17138656881818,4.36284929090909,1.37138656881818,0.562849290909091
"2015_3","청담",11,7.69872469427273,8.92138158181818,3.30127530572727,2.07861841818182
"2015_3","청량리",9.5,11.63902103,6.0737042,2.13902103,3.4262958
"2015_3","충무로",3.3,6.5117637255,4.83915475,3.2117637255,1.53915475
"2015_3","테헤란로",7.4,8.87408299375676,9.13483057567568,1.47408299375676,1.73483057567567
"2015_3","혜화동",4.7,4.8909117558,4.79096424,0.1909117558,0.0909642399999999
"2015_3","홍대합정",8.2,6.73350024238462,7.14487055384615,1.46649975761538,1.05512944615385
"2015_3","화곡",19.8,11.5902825230278,16.6321938777778,8.20971747697222,3.16780612222222
"2015_4","건대입구",3.8,7.4395812934,4.07197536,3.6395812934,0.27197536
"2015_4","경희대",1.3,5.36821688271429,1.9904937,4.06821688271429,0.6904937
"2015_4","공덕역",10.9,8.30690830933333,5.53346753333333,2.59309169066667,5.36653246666667
"2015_4","광화문",1.3,2.79098156733333,4.1830784,1.49098156733333,2.8830784
"2015_4","군자",6,6.5013225405,4.28856261,0.5013225405,1.71143739
"2015_4","동대문",12.9,10.780894204,11.724023,2.119105796,1.175977
"2015_4","명동",10.4,8.598853415,9.90235108,1.801146585,0.497648920000001
"2015_4","목동",2,5.40094016016667,4.26095165833333,3.40094016016667,2.26095165833333
"2015_4","사당",0.7,6.10626621846154,2.39444948923077,5.40626621846154,1.69444948923077
"2015_4","서초",3.4,7.8270756392,5.340345785,4.4270756392,1.940345785
"2015_4","성신여대",7.5,8.2763560015,6.15483465,0.7763560015,1.34516535
"2015_4","수유",18.7,7.39045160516667,13.6642265,11.3095483948333,5.0357735
"2015_4","신촌",6.4,12.203976586,9.3772615,5.803976586,2.9772615
"2015_4","영등포",8.7,10.5654748641111,8.9163981,1.86547486411111,0.216398100000001
"2015_4","용산",6.2,8.95256403486667,6.93704526,2.75256403486667,0.737045259999999
"2015_4","이태원",10.4,9.08751924666667,8.24851718888889,1.31248075333333,2.15148281111111
"2015_4","잠실",8.2,7.4393523962,5.96916852,0.760647603799999,2.23083148
"2015_4","장안동",4.8,6.471168305,6.41876592857143,1.671168305,1.61876592857143
"2015_4","종로",9.8,9.13474464855556,11.9126760888889,0.665255351444445,2.11267608888889
"2015_4","천호",3.8,5.53607173558333,3.67444218333333,1.73607173558333,0.125557816666666
"2015_4","청담",11,8.98203617536364,10.6689892272727,2.01796382463636,0.331010772727273
"2015_4","청량리",9.3,10.59765105,8.680421,1.29765105,0.619579
"2015_4","충무로",7.8,8.7815021405,7.95872925,0.981502140499999,0.158729249999999
"2015_4","테헤란로",12.4,8.65244365094595,11.0589134837838,3.74755634905405,1.34108651621622
"2015_4","혜화동",3.7,3.7549636396,4.9687064,0.0549636395999999,1.2687064
"2015_4","홍대합정",4.3,6.26023438653846,6.4884846,1.96023438653846,2.1884846
"2015_4","화곡",21.6,9.70722064947222,18.6784849222222,11.8927793505278,2.92151507777778
"2016_1","건대입구",4.1,7.95208383042857,3.75528964285714,3.85208383042857,0.344710357142857
"2016_1","경희대",1.8,5.65679650514286,1.92678394285714,3.85679650514286,0.126783942857143
"2016_1","공덕역",10.9,9.787188546,7.3848892,1.112811454,3.5151108
"2016_1","광화문",2.2,3.964554589,4.07824626666667,1.764554589,1.87824626666667
"2016_1","군자",3.1,5.9755524455,3.62675965,2.8755524455,0.52675965
"2016_1","동대문",12.1,6.983280514,11.1619615,5.116719486,0.938038499999999
"2016_1","명동",9.9,8.9202395854,11.3191035,0.979760414599999,1.4191035
"2016_1","목동",4,6.66692737641667,4.753610875,2.66692737641667,0.753610875
"2016_1","사당",3.7,6.85789551578571,2.78697210714286,3.15789551578571,0.913027892857143
"2016_1","서초",6.8,8.77076736325,6.52163541,1.97076736325,0.27836459
"2016_1","성신여대",10.2,7.60789832083333,6.92157008333333,2.59210167916667,3.27842991666667
"2016_1","수유",16.1,7.476402716,12.2957479166667,8.623597284,3.80425208333333
"2016_1","신촌",6,9.404339875,11.016805,3.404339875,5.016805
"2016_1","영등포",11.9,9.22292752877778,8.92101494444444,2.67707247122222,2.97898505555556
"2016_1","용산",6.6,10.3726729333333,8.16667310666667,3.77267293333333,1.56667310666667
"2016_1","이태원",13.5,11.0496476217778,8.93200105555556,2.45035237822222,4.56799894444444
"2016_1","잠실",6.6,8.4885352046,5.73212616,1.8885352046,0.86787384
"2016_1","장안동",4.8,7.51509523280952,6.85642394285714,2.71509523280952,2.05642394285714
"2016_1","종로",9.8,8.89678064327778,11.4850352222222,0.903219356722223,1.68503522222222
"2016_1","천호",4,6.01471211041667,4.04578241666667,2.01471211041667,0.0457824166666665
"2016_1","청담",11,8.78873271033333,10.7083480166667,2.21126728966667,0.291651983333333
"2016_1","청량리",8.7,7.6556118785,5.3615236,1.0443881215,3.3384764
"2016_1","충무로",8.4,8.842174112,7.6045113,0.442174112,0.7954887
"2016_1","테헤란로",8.4,9.29413958305263,10.1625357447368,0.894139583052631,1.76253574473684
"2016_1","혜화동",2.8,4.3149955946,5.3231957,1.5149955946,2.5231957
"2016_1","홍대합정",5.1,5.90373253623077,6.44414511538462,0.803732536230769,1.34414511538462
"2016_1","화곡",18.9,10.3575599966571,16.74928744,8.54244000334286,2.15071256
"2016_2","건대입구",1.3,5.96240313006667,2.86028365333333,4.66240313006667,1.56028365333333
"2016_2","경희대",0.4,2.58404380114286,1.29624747428571,2.18404380114286,0.896247474285714
"2016_2","공덕역",10.9,9.00165114266667,8.03960823333333,1.89834885733333,2.86039176666667
"2016_2","광화문",2.9,3.430570468,5.2223456,0.530570468,2.3223456
"2016_2","군자",3.1,5.1906060966,2.9177001,2.0906060966,0.1822999
"2016_2","동대문",11.1,13.900671235,10.2292595,2.800671235,0.870740499999998
"2016_2","명동",11.2,10.1278480708,9.641338,1.0721519292,1.558662
"2016_2","목동",6.1,6.80890850383333,6.00160115,0.708908503833333,0.0983988499999997
"2016_2","사당",2.1,5.91745497113333,2.52976589,3.81745497113333,0.42976589
"2016_2","서초",5.3,8.2585628692,6.797488885,2.9585628692,1.497488885
"2016_2","성신여대",13.4,9.82561533583333,7.0858349,3.57438466416667,6.3141651
"2016_2","수유",14.8,7.86052078883333,10.9075704333333,6.93947921116667,3.89242956666667
"2016_2","신촌",7.9,8.901058915,9.5060295,1.001058915,1.6060295
"2016_2","영등포",9.3,11.06164656,9.39951836666667,1.76164656,0.0995183666666666
"2016_2","용산",7.5,9.58673817046667,7.71332961333333,2.08673817046667,0.213329613333333
"2016_2","이태원",12.6,8.83688936777778,9.11068411111111,3.76311063222222,3.48931588888889
"2016_2","잠실",7.4,6.5462184865,4.0537511,0.8537815135,3.3462489
"2016_2","장안동",6.7,7.50338848171429,7.7509542,0.803388481714285,1.0509542
"2016_2","종로",9.8,8.9858831962,11.826558275,0.814116803800001,2.026558275
"2016_2","천호",4,5.66816476583333,4.377622675,1.66816476583333,0.377622675
"2016_2","청담",11,8.785118871,11.1268616666667,2.214881129,0.126861666666667
"2016_2","청량리",8.2,7.0335449825,7.061615,1.1664550175,1.138385
"2016_2","충무로",5.1,7.804655049,6.5742375,2.704655049,1.4742375
"2016_2","테헤란로",6.4,7.469478038,8.60689124,1.069478038,2.20689124
"2016_2","혜화동",5,7.4836232588,5.57977568,2.4836232588,0.57977568
"2016_2","홍대합정",5.9,7.68699352730769,7.27336663076923,1.78699352730769,1.37336663076923
"2016_2","화곡",18.9,8.89701876648571,16.8171020857143,10.0029812335143,2.08289791428571
"2016_3","건대입구",3.1,6.56057622776923,3.65988103076923,3.46057622776923,0.559881030769231
"2016_3","경희대",0.4,2.11934863328571,0.980069255714286,1.71934863328571,0.580069255714286
"2016_3","공덕역",6.1,8.34582984833333,6.94514433333333,2.24582984833333,0.845144333333334
"2016_3","광화문",2.1,3.8018733052,4.64905518,1.7018733052,2.54905518
"2016_3","군자",4.7,6.0243808676,4.13312462,1.3243808676,0.56687538
"2016_3","동대문",10.3,15.72513162,8.62052515,5.42513162,1.67947485
"2016_3","명동",8,9.9731367676,9.24557252,1.9731367676,1.24557252
"2016_3","목동",11.2,7.95519509118182,7.50182703636364,3.24480490881818,3.69817296363636
"2016_3","사당",1.6,5.4263963215,2.63527041,3.8263963215,1.03527041
"2016_3","서초",5.3,8.0954969613,6.95340013,2.7954969613,1.65340013
"2016_3","성신여대",12.9,8.86860293225,7.016509425,4.03139706775,5.883490575
"2016_3","수유",12.3,7.958051634,10.3746859833333,4.341948366,1.92531401666667
"2016_3","신촌",6.3,10.98737089,5.385911,4.68737089,0.914089
"2016_3","영등포",11.3,11.855831792,10.6648328444444,0.555831791999999,0.635167155555557
"2016_3","용산",7.6,10.9712788044,7.7426808,3.3712788044,0.1426808
"2016_3","이태원",12.6,10.1559325363333,9.54464136666667,2.44406746366667,3.05535863333333
"2016_3","잠실",7,6.759512829,5.3826959,0.240487171,1.6173041
"2016_3","장안동",7,8.84727460047619,6.73426746666667,1.84727460047619,0.265732533333333
"2016_3","종로",9.8,7.9689338912,10.41424004,1.8310661088,0.614240039999999
"2016_3","천호",4,6.48134526658333,4.67274675,2.48134526658333,0.67274675
"2016_3","청담",11,7.46325578808333,12.7918723333333,3.53674421191667,1.79187233333333
"2016_3","청량리",8.1,7.38927383,7.8692002,0.710726169999999,0.2307998
"2016_3","충무로",5.1,7.3295654365,6.23098155,2.2295654365,1.13098155
"2016_3","테헤란로",8.9,8.8529936302,9.987166055,0.0470063698000001,1.087166055
"2016_3","혜화동",5.3,7.2761651852,5.01099034,1.9761651852,0.28900966
"2016_3","홍대합정",12.7,8.77001977715385,9.34949882307692,3.92998022284615,3.35050117692308
"2016_3","화곡",15.8,9.48186582322857,15.1974832571429,6.31813417677143,0.602516742857144
"2016_4","건대입구",3.4,7.23797924130769,3.76781684615385,3.83797924130769,0.367816846153846
"2016_4","경희대",0.4,2.75579610942857,0.93935809,2.35579610942857,0.53935809
"2016_4","공덕역",6.1,9.05302756875,6.3585849,2.95302756875,0.258584900000001
"2016_4","광화문",2.1,2.9396024362,4.82402866,0.8396024362,2.72402866
"2016_4","군자",7.6,6.8506181187,5.89699397,0.7493818813,1.70300603
"2016_4","동대문",10.4,17.249775085,9.17914235,6.849775085,1.22085765
"2016_4","명동",5.1,8.8452616354,7.80359608,3.7452616354,2.70359608
"2016_4","목동",7.6,7.30078030190909,7.52136687272727,0.299219698090909,0.0786331272727265
"2016_4","사당",3.5,7.100293823,3.19946856153846,3.600293823,0.300531438461539
"2016_4","서초",3.6,9.16029905695,6.311526885,5.56029905695,2.711526885
"2016_4","성신여대",10.6,9.56979579266667,6.60073710833333,1.03020420733333,3.99926289166667
"2016_4","수유",13.8,6.85138618008333,10.101954,6.94861381991667,3.698046
"2016_4","신촌",5.5,10.511038836,5.9566765,5.011038836,0.4566765
"2016_4","영등포",12.4,11.961282367,11.0658429777778,0.438717633000001,1.33415702222222
"2016_4","용산",8.5,10.9414562934,8.19933733333333,2.4414562934,0.300662666666668
"2016_4","이태원",16.7,12.7992530266667,9.99703821111111,3.90074697333333,6.70296178888889
"2016_4","잠실",6.8,8.963834771,5.77639555,2.163834771,1.02360445
"2016_4","장안동",6.7,8.05226274538095,6.8745098047619,1.35226274538095,0.174509804761905
"2016_4","종로",10.2,8.5890253746,10.737936565,1.6109746254,0.537936565000001
"2016_4","천호",4,6.16553137441667,4.49496555833333,2.16553137441667,0.494965558333333
"2016_4","청담",11.4,7.73157834066667,12.2771424166667,3.66842165933333,0.877142416666667
"2016_4","청량리",8.1,6.4601840585,7.1538465,1.6398159415,0.946153499999999
"2016_4","충무로",5.1,6.9739209105,6.2346675,1.8739209105,1.1346675
"2016_4","테헤란로",8.9,8.0234347971,10.3407632425,0.8765652029,1.4407632425
"2016_4","혜화동",5.3,6.2854290874,4.67987494,0.9854290874,0.620125059999999
"2016_4","홍대합정",12.7,8.06848288330769,9.18364349230769,4.63151711669231,3.51635650769231
"2016_4","화곡",15.8,9.17626859354286,15.3880737857143,6.62373140645714,0.411926214285716
"2017_1","건대입구",2.9,6.22340099492857,2.80265295714286,3.32340099492857,0.0973470428571428
"2017_1","경희대",0.5,1.55402369628571,0.821853054285714,1.05402369628571,0.321853054285714
"2017_1","공덕역",5.3,6.0975501,5.94783825,0.7975501,0.64783825
"2017_1","광화문",1.8,2.4867869828,2.80117244,0.6867869828,1.00117244
"2017_1","군자",2.1,6.34183706736364,4.08345710909091,4.24183706736364,1.98345710909091
"2017_1","논현역",1,6.62601931221429,1.8197744,5.62601931221429,0.8197744
"2017_1","동대문",10.9,11.1790616655,9.3060985,0.2790616655,1.5939015
"2017_1","명동",5.5,7.997859791,8.40860978,2.497859791,2.90860978
"2017_1","목동",5.5,8.10991634545455,7.07229426363636,2.60991634545455,1.57229426363636
"2017_1","불광역",3.8,6.35092908022222,3.55863586666667,2.55092908022222,0.241364133333333
"2017_1","사당",5,6.7668307445,2.93918610714286,1.7668307445,2.06081389285714
"2017_1","서초",9.4,9.327008436,9.403802615,0.0729915640000005,0.00380261499999968
"2017_1","성신여대",10.6,9.18911422625,8.00526744166667,1.41088577375,2.59473255833333
"2017_1","수유",13.7,5.95181189338462,9.2094561,7.74818810661538,4.4905439
"2017_1","신림역",5.6,6.8436596292,4.98995566,1.2436596292,0.61004434
"2017_1","신촌",5.5,7.6380951255,10.92751,2.1380951255,5.42751
"2017_1","압구정",7.3,9.20202933716667,9.32940796666667,1.90202933716667,2.02940796666667
"2017_1","영등포",10.9,11.1168080074444,10.4063136666667,0.216808007444444,0.493686333333335
"2017_1","오류동역",2.8,5.93559682433333,3.00178376666667,3.13559682433333,0.201783766666667
"2017_1","왕십리",10.2,8.25991371933333,7.69770018333333,1.94008628066667,2.50229981666667
"2017_1","용산",8.2,9.10028940186667,8.15115924666667,0.900289401866667,0.0488407533333319
"2017_1","이태원",14.9,9.79063488411111,10.6996809555556,5.10936511588889,4.20031904444444
"2017_1","잠실",8.9,11.33569346575,5.5568276,2.43569346575,3.3431724
"2017_1","장안동",7.6,8.13235806345,6.742628125,0.532358063450001,0.857371875
"2017_1","종로",4.7,6.2904820202,7.42231499,1.5904820202,2.72231499
"2017_1","천호",5.3,6.29887281025,4.40424425,0.99887281025,0.89575575
"2017_1","청담",4.7,6.25030497975,8.39513316666667,1.55030497975,3.69513316666667
"2017_1","청량리",6.2,7.2974152835,5.4190475,1.0974152835,0.780952500000001
"2017_1","테헤란로",11.1,9.05427851223077,10.9216692102564,2.04572148776923,0.178330789743589
"2017_1","혜화동",2.6,4.7603426586,2.81978622,2.1603426586,0.21978622
"2017_1","홍대합정",8,6.02233097923077,7.4668697,1.97766902076923,0.5331303
"2017_1","화곡",14.1,8.75715148731429,12.8510412885714,5.34284851268571,1.24895871142857
"2017_2","건대입구",2.4,6.547138939,2.59680039285714,4.147138939,0.196800392857143
"2017_2","경희대",0.5,2.52550189971429,1.45205850857143,2.02550189971429,0.952058508571429
"2017_2","공덕역",5.3,6.13916453875,5.320195775,0.83916453875,0.0201957750000004
"2017_2","광화문",1.8,2.310299309,3.02413252,0.510299309,1.22413252
"2017_2","군자",4,5.52268236481818,4.50529213636364,1.52268236481818,0.505292136363637
"2017_2","논현역",1,6.59254198928571,1.51639186714286,5.59254198928571,0.516391867142857
"2017_2","동대문",10.9,5.4420831445,10.790262,5.4579168555,0.109738
"2017_2","명동",4,7.327397699,7.9167453,3.327397699,3.9167453
"2017_2","목동",4.6,7.40036977036364,5.98833986363636,2.80036977036364,1.38833986363636
"2017_2","불광역",3.8,5.68555539366667,3.88965182222222,1.88555539366667,0.0896518222222222
"2017_2","사당",4.7,5.32408870178571,3.41939537142857,0.624088701785714,1.28060462857143
"2017_2","서초",8.3,9.10396742525,8.224417325,0.803967425249999,0.0755826749999997
"2017_2","성신여대",9.6,8.08958402283333,6.74039495833333,1.51041597716667,2.85960504166667
"2017_2","수유",10.3,7.22434975630769,8.43044435384615,3.07565024369231,1.86955564615385
"2017_2","신림역",5.6,5.3960763798,4.63992824,0.203923620199999,0.96007176
"2017_2","신촌",4.2,8.6533487355,9.726086,4.4533487355,5.526086
"2017_2","압구정",13.1,10.5971018356667,14.0257736666667,2.50289816433333,0.925773666666666
"2017_2","영등포",10.8,10.032157496,9.81513456666667,0.767842504000001,0.984865433333335
"2017_2","오류동역",8,6.63306062166667,4.08811053333333,1.36693937833333,3.91188946666667
"2017_2","왕십리",12,10.4246675463333,8.15321225,1.57533245366667,3.84678775
"2017_2","용산",5.9,9.57048229153333,6.97854911333333,3.67048229153333,1.07854911333333
"2017_2","이태원",14.9,10.9609622633333,10.8933898111111,3.93903773666667,4.00661018888889
"2017_2","잠실",12.2,12.25661453775,7.517030575,0.0566145377500007,4.682969425
"2017_2","장안동",7.6,7.60880558385,7.20535288,0.00880558385000008,0.394647119999999
"2017_2","종로",3.8,5.85099424365,5.420367065,2.05099424365,1.620367065
"2017_2","천호",5.3,7.19533735481818,4.59431671818182,1.89533735481818,0.705683281818182
"2017_2","청담",3.4,5.94292255808333,8.12886901666667,2.54292255808333,4.72886901666667
"2017_2","청량리",6.9,7.56231841,5.8397992,0.66231841,1.0602008
"2017_2","테헤란로",9.3,8.50950810902564,10.5447472666667,0.79049189097436,1.24474726666667
"2017_2","혜화동",8.6,7.904215356,5.46287466,0.695784644,3.13712534
"2017_2","홍대합정",11.6,6.92526247523077,8.14914386153846,4.67473752476923,3.45085613846154
"2017_2","화곡",12.8,9.26149405311429,12.0802811771429,3.53850594688572,0.719718822857143
"2017_3","건대입구",2.8,4.77830570521429,2.97895217857143,1.97830570521429,0.178952178571429
"2017_3","경희대",3.7,3.43887190742857,2.11950121142857,0.261128092571429,1.58049878857143
"2017_3","공덕역",5.3,6.9220255425,4.6805154,1.6220255425,0.6194846
"2017_3","광화문",1.1,2.023275449,2.71180712,0.923275449,1.61180712
"2017_3","군자",2.7,5.70280100581818,4.08207876363636,3.00280100581818,1.38207876363636
"2017_3","논현역",1,6.94391082157143,1.75258610214286,5.94391082157143,0.752586102142857
"2017_3","동대문",10.9,16.318671915,10.36709325,5.418671915,0.53290675
"2017_3","명동",3.9,6.7881892504,8.48567354,2.8881892504,4.58567354
"2017_3","목동",6.5,7.44455961636364,6.05163640909091,0.944559616363637,0.448363590909091
"2017_3","불광역",3.8,5.94805634177778,3.51172336666667,2.14805634177778,0.288276633333333
"2017_3","사당",5.6,5.69795137257143,3.302047745,0.0979513725714289,2.297952255
"2017_3","서초",7.5,9.2068929206,8.00608619,1.7068929206,0.50608619
"2017_3","성신여대",9.6,9.54741751916667,7.13969206666667,0.0525824808333333,2.46030793333333
"2017_3","수유",10.3,6.22956230561539,8.24916275384615,4.07043769438462,2.05083724615385
"2017_3","신림역",5.9,5.7275848328,4.43857332,0.1724151672,1.46142668
"2017_3","신촌",5.8,10.6621219345,11.7541807,4.8621219345,5.9541807
"2017_3","압구정",16.6,9.42733551266667,12.605695,7.17266448733333,3.994305
"2017_3","영등포",11.5,12.603031127,10.1454831111111,1.103031127,1.35451688888889
"2017_3","오류동역",8,5.99608796333333,3.644571,2.00391203666667,4.355429
"2017_3","왕십리",8.7,10.241049776,7.51896883333333,1.541049776,1.18103116666667
"2017_3","용산",7.6,8.565403068,7.41935973333333,0.965403068000001,0.180640266666667
"2017_3","이태원",19.1,11.5065804511111,11.1667777222222,7.59341954888889,7.93322227777778
"2017_3","잠실",11,12.20976408125,8.262404,1.20976408125,2.737596
"2017_3","장안동",7.6,8.2037470703,7.315317565,0.603747070300001,0.284682435
"2017_3","종로",2.9,5.96403151045,5.496184625,3.06403151045,2.596184625
"2017_3","천호",5.3,6.90790996836364,4.87183336363636,1.60790996836364,0.428166636363636
"2017_3","청담",4.4,5.62579897333333,7.81174379166667,1.22579897333333,3.41174379166667
"2017_3","청량리",8.8,8.1611552105,6.4010946,0.6388447895,2.3989054
"2017_3","테헤란로",9.3,8.7507358825641,10.0686798025641,0.549264117435898,0.768679802564103
"2017_3","혜화동",8.6,8.4222823232,5.48392932,0.1777176768,3.11607068
"2017_3","홍대합정",6.1,7.489654253,7.41286886153846,1.389654253,1.31286886153846
"2017_3","화곡",12.8,8.7157301104,11.9354969428571,4.0842698896,0.864503057142858
"2017_4","건대입구",1.4,5.00525237942857,2.37338646428571,3.60525237942857,0.973386464285714
"2017_4","경희대",3.7,3.75258218842857,3.28042754285714,0.0525821884285711,0.419572457142857
"2017_4","공덕역",5.3,6.9178128435,5.118429325,1.6178128435,0.181570675
"2017_4","광화문",1.1,1.7631098416,1.83564928,0.6631098416,0.73564928
"2017_4","군자",5.7,6.82902153672727,5.17092477272727,1.12902153672727,0.529075227272727
"2017_4","논현역",1.7,6.73620989785714,2.71716349285714,5.03620989785714,1.01716349285714
"2017_4","동대문",10.9,12.467461348,10.364965,1.567461348,0.535035000000001
"2017_4","명동",5.4,6.2887423782,7.30090416,0.8887423782,1.90090416
"2017_4","목동",5.8,7.35530987872727,6.12520948181818,1.55530987872727,0.325209481818182
"2017_4","불광역",3.8,5.25378799055556,3.60814238888889,1.45378799055556,0.191857611111111
"2017_4","사당",0.9,4.53046722078571,1.48658345857143,3.63046722078571,0.586583458571429
"2017_4","서초",6.9,8.76238459175,8.37001744,1.86238459175,1.47001744
"2017_4","성신여대",10.1,10.0672241844167,7.81897793333333,0.0327758155833333,2.28102206666667
"2017_4","수유",11.1,6.78226416215385,7.63416335384615,4.31773583784615,3.46583664615385
"2017_4","신림역",5.9,5.9030656872,4.3530025,0.00306568719999945,1.5469975
"2017_4","신촌",7.2,7.6456285985,11.701668,0.4456285985,4.501668
"2017_4","압구정",17.2,6.027498634,14.5475865,11.172501366,2.6524135
"2017_4","영등포",11,9.61089721666667,9.83296633333333,1.38910278333333,1.16703366666667
"2017_4","오류동역",8,4.30976514566667,5.02191336666667,3.69023485433333,2.97808663333333
"2017_4","왕십리",8.7,7.86738932766667,6.60720333333333,0.832610672333333,2.09279666666667
"2017_4","용산",8.1,9.23172806386667,7.94115388,1.13172806386667,0.15884612
"2017_4","이태원",11.8,9.93270384144444,12.4131001666667,1.86729615855556,0.613100166666666
"2017_4","잠실",8.5,12.1688396255,7.4549537,3.6688396255,1.0450463
"2017_4","장안동",7.6,8.194865357,7.34894715,0.594865357,0.25105285
"2017_4","종로",2.7,5.57558525965,3.924343675,2.87558525965,1.224343675
"2017_4","천호",5.3,7.13978725190909,4.82015419090909,1.83978725190909,0.479845809090909
"2017_4","청담",1.5,4.28054399166667,4.842258225,2.78054399166667,3.342258225
"2017_4","청량리",9.9,8.10875275,6.11814805,1.79124725,3.78185195
"2017_4","테헤란로",11.4,8.27018935479487,11.6479239769231,3.12981064520513,0.247923976923076
"2017_4","혜화동",9.6,9.8433360974,5.31939804,0.2433360974,4.28060196
"2017_4","홍대합정",4,6.61697959815385,6.41312675384615,2.61697959815385,2.41312675384615
"2017_4","화곡",11.5,8.58543793934286,10.9682815114286,2.91456206065714,0.531718488571428
"2018_1","건대입구",3.2,4.98815939253333,2.91499246,1.78815939253333,0.28500754
"2018_1","경희대",4.5,3.598122977,5.26774362857143,0.901877023,0.767743628571429
"2018_1","공덕역",5.3,7.3267922235,5.294806725,2.0267922235,0.00519327499999989
"2018_1","광화문",1.1,1.9065436024,1.93943446,0.8065436024,0.83943446
"2018_1","군자",5.7,7.22306446972727,6.05572967272727,1.52306446972727,0.355729672727272
"2018_1","논현역",7.9,9.256881801,7.1527772625,1.356881801,0.7472227375
"2018_1","동대문",10.9,13.194202461,9.2897035,2.294202461,1.6102965
"2018_1","명동",6.4,7.00167738,10.7090008,0.60167738,4.3090008
"2018_1","목동",7.7,7.39171277876923,7.52849680769231,0.30828722123077,0.171503192307692
"2018_1","불광역",3.8,5.90272387644444,3.52563537777778,2.10272387644445,0.274364622222222
"2018_1","사당",0.2,3.5725756495,1.11350096642857,3.3725756495,0.913500966428571
"2018_1","서초",7.8,8.8596245358,8.891694095,1.0596245358,1.091694095
"2018_1","성신여대",12.4,8.62861035883333,9.96879358333333,3.77138964116667,2.43120641666667
"2018_1","수유",10.2,5.34991129064286,6.23846481428571,4.85008870935714,3.96153518571429
"2018_1","신림역",3.7,5.2524794848,3.56901386,1.5524794848,0.13098614
"2018_1","신촌",5.2,6.6037463415,11.30140865,1.4037463415,6.10140865
"2018_1","압구정",14.8,6.10429568842857,14.5546662142857,8.69570431157143,0.245333785714287
"2018_1","영등포",14.8,13.6736863541111,11.1775723555556,1.12631364588889,3.62242764444444
"2018_1","오류동역",8,6.17615811966667,4.849923,1.82384188033333,3.150077
"2018_1","왕십리",8.7,8.33291418933333,7.09937208333333,0.367085810666666,1.60062791666667
"2018_1","용산",9.5,8.881878078,9.5117134,0.618121922,0.0117133999999997
"2018_1","이태원",22.4,10.1481969732222,16.6791527777778,12.2518030267778,5.72084722222222
"2018_1","잠실",13.2,11.10344575475,9.761138875,2.09655424525,3.438861125
"2018_1","장안동",5.9,7.60090538609091,6.40063001818182,1.70090538609091,0.500630018181818
"2018_1","종로",2,5.41590326705,3.267554785,3.41590326705,1.267554785
"2018_1","천호",6.9,7.3310862205,5.86885475833333,0.431086220499999,1.03114524166667
"2018_1","청담",2.5,5.1182589315,3.86692466666667,2.6182589315,1.36692466666667
"2018_1","청량리",8.4,7.3245474935,6.5468858,1.0754525065,1.8531142
"2018_1","테헤란로",13,9.740319249675,13.1672970375,3.259680750325,0.167297037500001
"2018_1","혜화동",9.6,8.6254996114,6.19890914,0.974500388599999,3.40109086
"2018_1","홍대합정",8.3,7.84135955592308,8.12460287692308,0.458640444076924,0.175397123076923
"2018_1","화곡",8.4,8.68803438227778,8.84434341666667,0.288034382277777,0.444343416666666
"2018_2","건대입구",4.5,5.148728195,3.39501507333333,0.648728195,1.10498492666667
"2018_2","경희대",5.4,4.50120627328571,4.95681668571429,0.898793726714286,0.443183314285714
"2018_2","공덕역",5.3,6.4521370165,5.48700725,1.1521370165,0.18700725
"2018_2","광화문",1.1,2.3108252974,1.4800226,1.2108252974,0.3800226
"2018_2","군자",7.3,7.38360324118182,6.21083408181818,0.0836032411818186,1.08916591818182
"2018_2","논현역",18.4,13.5304309034375,11.60712479375,4.8695690965625,6.79287520625
"2018_2","동대문",13.9,12.927299559,11.5759225,0.972700441000001,2.3240775
"2018_2","명동",6.4,6.993502488,7.45759324,0.593502487999999,1.05759324
"2018_2","목동",6.4,7.98721482815385,6.62000496923077,1.58721482815385,0.220004969230769
"2018_2","불광역",3.8,4.82954364244444,3.37709788888889,1.02954364244444,0.422902111111111
"2018_2","사당",1.3,5.30443112878571,1.59879934,4.00443112878571,0.29879934
"2018_2","서초",2.9,6.84286652085,5.06475527,3.94286652085,2.16475527
"2018_2","성신여대",8.4,7.58850951716667,7.87018495833333,0.811490482833334,0.529815041666667
"2018_2","수유",9.6,6.07740590421429,6.25126296428571,3.52259409578571,3.34873703571429
"2018_2","신림역",3.7,5.3999614498,3.1709851,1.6999614498,0.5290149
"2018_2","신촌",6.8,7.1738294485,11.177846,0.3738294485,4.377846
"2018_2","압구정",10.7,5.89059626514286,12.7261568571429,4.80940373485714,2.02615685714286
"2018_2","영등포",11.2,10.1754239005556,10.0267601666667,1.02457609944444,1.17323983333333
"2018_2","오류동역",2.8,3.04148943933333,2.54947546666667,0.241489439333333,0.250524533333333
"2018_2","왕십리",9.3,9.40046925916667,6.942951,0.100469259166665,2.357049
"2018_2","용산",10.5,10.7308909043333,9.82753294,0.230890904333334,0.672467059999999
"2018_2","이태원",21.6,13.1673375542222,16.0143726666667,8.43266244577778,5.58562733333333
"2018_2","잠실",11.2,10.63786256975,8.79458915,0.562137430249999,2.40541085
"2018_2","장안동",5.9,7.29872046631818,5.93805263636364,1.39872046631818,0.038052636363636
"2018_2","종로",2.8,5.69579071855,3.405478085,2.89579071855,0.605478085
"2018_2","천호",5.1,7.40566805458333,4.56939643333333,2.30566805458333,0.530603566666667
"2018_2","청담",2.5,5.97097682991667,3.07043196666667,3.47097682991667,0.570431966666667
"2018_2","청량리",7.4,6.6677155455,5.763633,0.7322844545,1.636367
"2018_2","테헤란로",11.9,9.598459432925,12.1328063125,2.301540567075,0.232806312499999
"2018_2","혜화동",14.2,8.972347985,8.86263696,5.227652015,5.33736304
"2018_2","홍대합정",6.5,6.55990344515385,6.57720415384615,0.0599034451538465,0.0772041538461536
"2018_2","화곡",7.3,8.25185812391667,7.81604260555556,0.951858123916666,0.516042605555556
"2018_3","건대입구",4.5,5.73051517553333,3.76508330666667,1.23051517553333,0.734916693333334
"2018_3","경희대",6.4,4.82050811414286,5.72565505714286,1.57949188585714,0.674344942857143
"2018_3","공덕역",5.3,5.8320489715,5.418093025,0.5320489715,0.118093025
"2018_3","광화문",2,2.6626764488,1.72934718,0.6626764488,0.27065282
"2018_3","군자",5,7.81680414,5.666312,2.81680414,0.666312
"2018_3","논현역",18.5,12.89202028875,15.0377808,5.60797971125,3.4622192
"2018_3","동대문",14.6,15.29297548,12.6469055,0.692975479999999,1.9530945
"2018_3","명동",6.4,6.9890609638,10.2368572,0.5890609638,3.8368572
"2018_3","목동",6.4,7.23813428315385,7.04229406153846,0.838134283153846,0.642294061538461
"2018_3","불광역",3.8,4.92801505333333,3.27201892222222,1.12801505333333,0.527981077777778
"2018_3","사당",2.1,6.497708772,1.88086072785714,4.397708772,0.219139272142857
"2018_3","서초",2.9,6.91949917645,5.044412465,4.01949917645,2.144412465
"2018_3","성신여대",7.6,9.25417374466667,7.91077679166667,1.65417374466667,0.310776791666667
"2018_3","수유",5.2,6.03742809464286,4.51080267142857,0.837428094642857,0.689197328571429
"2018_3","신림역",3.7,6.3205968554,3.44712016,2.6205968554,0.25287984
"2018_3","신촌",6.6,8.9719423475,12.643154,2.3719423475,6.043154
"2018_3","압구정",6.9,6.26269318928571,11.6175266571429,0.637306810714286,4.71752665714286
"2018_3","영등포",8.6,10.6572399576667,9.5432975,2.05723995766667,0.9432975
"2018_3","오류동역",2.8,2.66821933766667,2.62984313333333,0.131780662333333,0.170156866666666
"2018_3","왕십리",5.8,8.8833646365,5.99966923333333,3.0833646365,0.199669233333333
"2018_3","용산",9.7,9.06803579066667,9.97863040666667,0.631964209333333,0.278630406666668
"2018_3","이태원",21.6,10.3337836073333,18.957651,11.2662163926667,2.642349
"2018_3","잠실",11.1,10.2396561935,9.17854995,0.8603438065,1.92145005
"2018_3","장안동",5.9,7.26032871690909,5.72771698181818,1.36032871690909,0.172283018181819
"2018_3","종로",5.3,5.27758600655,3.97543856,0.0224139934499998,1.32456144
"2018_3","천호",6.2,7.52152172958333,5.02844673333333,1.32152172958333,1.17155326666667
"2018_3","청담",2.5,5.69265042508333,3.62360596666667,3.19265042508333,1.12360596666667
"2018_3","청량리",6.6,6.7392161695,5.53360785,0.139216169500001,1.06639215
"2018_3","테헤란로",11.9,9.3673183622,12.7612273,2.5326816378,0.861227299999999
"2018_3","혜화동",14.2,10.4955344174,9.22586774,3.7044655826,4.97413226
"2018_3","홍대합정",5.8,7.10418569,6.80468066923077,1.30418569,1.00468066923077
"2018_3","화곡",6.9,8.44898718855556,7.134404575,1.54898718855556,0.234404574999999
"2018_4","건대입구",3.7,4.958518794,3.71683234666667,1.258518794,0.0168323466666664
"2018_4","경희대",5.2,5.084246519,5.63718005714286,0.115753481,0.437180057142857
"2018_4","공덕역",5.3,5.6531196865,5.2575199,0.3531196865,0.0424800999999997
"2018_4","광화문",2,2.9609506438,2.5601987,0.9609506438,0.5601987
"2018_4","군자",5,7.36086191545455,5.71931153636364,2.36086191545455,0.719311536363636
"2018_4","논현역",18.9,11.7797393889375,17.26355053125,7.1202606110625,1.63644946875
"2018_4","동대문",14.6,15.4187656005,12.4524265,0.818765600500001,2.1475735
"2018_4","명동",7.7,6.9247070106,10.4600104,0.7752929894,2.7600104
"2018_4","목동",7.5,7.45145238938461,7.33737063846154,0.048547610615385,0.162629361538461
"2018_4","불광역",3.8,5.25872792766667,3.58336217777778,1.45872792766667,0.216637822222222
"2018_4","사당",1.6,4.75644975814286,2.26048756642857,3.15644975814286,0.660487566428571
"2018_4","서초",5.6,7.9889961018,5.08738076,2.3889961018,0.512619239999999
"2018_4","성신여대",9.4,9.60910466441667,7.93424720833333,0.209104664416666,1.46575279166667
"2018_4","수유",1.8,4.85463553314286,3.26836477142857,3.05463553314286,1.46836477142857
"2018_4","신림역",3.1,4.9499332314,3.43933836,1.8499332314,0.33933836
"2018_4","신촌",10.8,10.5248343525,16.5303265,0.275165647500001,5.7303265
"2018_4","압구정",6.5,7.11476475871429,10.4536816,0.614764758714286,3.9536816
"2018_4","영등포",7.5,10.0575026254444,8.60449044444444,2.55750262544444,1.10449044444444
"2018_4","오류동역",7,4.23112900766667,3.0498784,2.76887099233333,3.9501216
"2018_4","왕십리",5.8,8.63159031333333,5.43757943333333,2.83159031333333,0.362420566666667
"2018_4","용산",9.7,9.75727857293333,10.0483239066667,0.0572785729333347,0.348323906666668
"2018_4","이태원",21.6,11.8687190271111,20.7965563333333,9.73128097288889,0.803443666666666
"2018_4","잠실",8.9,11.06934382225,9.120842125,2.16934382225,0.220842124999999
"2018_4","장안동",5.9,7.6660700405,5.50445765909091,1.7660700405,0.395542340909091
"2018_4","종로",5.5,5.4094260363,4.451627055,0.0905739636999998,1.048372945
"2018_4","천호",6.6,7.44465818991667,5.18638864166667,0.844658189916667,1.41361135833333
"2018_4","청담",11.2,7.52449502266667,5.93673379166667,3.67550497733333,5.26326620833333
"2018_4","청량리",6.6,6.191696851,4.61043035,0.408303149,1.98956965
"2018_4","테헤란로",11.8,8.528061172325,13.3058067,3.271938827675,1.5058067
"2018_4","혜화동",9.6,10.8231705894,8.73921734,1.2231705894,0.86078266
"2018_4","홍대합정",4.6,6.05775616153846,6.23649070769231,1.45775616153846,1.63649070769231
"2018_4","화곡",6.9,8.6298819905,6.92951018888889,1.7298819905,0.0295101888888887
"2019_1","건대입구",6.1,5.012805852,4.72087078,1.087194148,1.37912922
"2019_1","경희대",3.9,4.87987517242857,6.63682377142857,0.979875172428571,2.73682377142857
"2019_1","공덕역",6.7,6.50664436975,6.380023125,0.19335563025,0.319976875
"2019_1","광화문",10,3.5852110418,4.25982102,6.4147889582,5.74017898
"2019_1","군자",4.7,7.34347526263636,5.9750737,2.64347526263636,1.2750737
"2019_1","논현역",13.5,12.6058947925,20.0694900625,0.894105207500001,6.5694900625
"2019_1","동대문",10.6,11.1162270795,11.77134725,0.5162270795,1.17134725
"2019_1","명동",8.8,7.1084118284,13.0377405,1.6915881716,4.2377405
"2019_1","목동",6.4,7.47645128607692,8.07659209230769,1.07645128607692,1.67659209230769
"2019_1","불광역",2.8,5.71790299577778,4.16419074444444,2.91790299577778,1.36419074444444
"2019_1","사당",3.3,6.29417457685714,3.32583472142857,2.99417457685714,0.0258347214285717
"2019_1","서초",4.9,7.84999558735,6.429763415,2.94999558735,1.529763415
"2019_1","성신여대",7,7.88065248183333,8.66445638333333,0.880652481833334,1.66445638333333
"2019_1","수유",2.1,5.62318151121429,3.29829453571429,3.52318151121429,1.19829453571429
"2019_1","신림역",2.6,4.4741136096,3.82471054,1.8741136096,1.22471054
"2019_1","신촌",7.6,7.6432888595,10.31301925,0.0432888595000005,2.71301925
"2019_1","압구정",10,6.46946609114286,10.9805243285714,3.53053390885714,0.980524328571429
"2019_1","영등포",8,9.94363398666667,6.9016537,1.94363398666667,1.0983463
"2019_1","오류동역",14.6,3.94949734066667,4.23115943333333,10.6505026593333,10.3688405666667
"2019_1","왕십리",6,9.74324710866667,5.79840373333333,3.74324710866667,0.201596266666667
"2019_1","용산",9.5,9.48259703413333,10.32257554,0.0174029658666672,0.822575539999999
"2019_1","이태원",24.3,10.3793045773333,17.8501782222222,13.9206954226667,6.44982177777778
"2019_1","잠실",10.9,9.81466220125,11.89506,1.08533779875,0.99506
"2019_1","장안동",7.9,7.73826114004545,6.15149578636364,0.161738859954546,1.74850421363636
"2019_1","종로",3.4,5.6473147218,5.327096455,2.2473147218,1.927096455
"2019_1","천호",6.2,7.01123840675,5.7853268,0.811238406749999,0.4146732
"2019_1","청담",16.1,7.24140060725,9.76236115,8.85859939275,6.33763885
"2019_1","청량리",5.5,6.813485979,4.06613645,1.313485979,1.43386355
"2019_1","테헤란로",15.1,8.7055972564,14.7045756,6.3944027436,0.3954244
"2019_1","혜화동",9,9.3372193478,7.8090833,0.3372193478,1.1909167
"2019_1","홍대합정",4.6,6.706567724,7.66480082307692,2.106567724,3.06480082307692
"2019_1","화곡",13.8,8.02917956961111,7.22576872777778,5.77082043038889,6.57423127222222
