"Date","상권","임대료","임대료_예측_머신러닝","임대료_예측_딥러닝","임대료_차이_머신","임대료_차이_딥"
"2015_1","건대입구",50.2,43.9640666666667,49.7079576,6.23593333333334,0.492042400000003
"2015_1","경희대",49.6,42.952,48.6924654285714,6.648,0.90753457142857
"2015_1","공덕역",37.2,30.9813333333333,34.629322,6.21866666666667,2.570678
"2015_1","광화문",69.8,51.0606666666667,78.2579946666667,18.7393333333333,8.45799466666668
"2015_1","군자",38.5,35.7494,43.1630785,2.7506,4.6630785
"2015_1","동대문",34.8,46.0335,49.7579825,11.2335,14.9579825
"2015_1","명동",273.7,158.0282,291.99644,115.6718,18.29644
"2015_1","목동",30.5,27.68025,34.7601760833333,2.81975,4.26017608333333
"2015_1","사당",53.6,44.5711538461538,57.7090494615385,9.02884615384615,4.10904946153846
"2015_1","서초",30.6,27.50645,35.5898388,3.09355,4.9898388
"2015_1","성신여대",41.1,38.1810833333333,43.7262621666667,2.91891666666667,2.62626216666666
"2015_1","수유",56.8,45.1104166666667,56.6672009166667,11.6895833333333,0.132799083333332
"2015_1","신촌",60.2,42.6055,76.1639575,17.5945,15.9639575
"2015_1","영등포",33.6,32.4165555555556,44.5041112222222,1.18344444444445,10.9041112222222
"2015_1","용산",23.7,25.9361333333333,34.3745794666667,2.23613333333333,10.6745794666667
"2015_1","이태원",45.3,37.988,59.3604624444444,7.312,14.0604624444444
"2015_1","잠실",40.5,32.3416,42.6237384,8.1584,2.1237384
"2015_1","장안동",26.1,26.1686666666667,28.6680075238095,0.0686666666666653,2.56800752380952
"2015_1","종로",90.9,75.0738333333333,104.200188333333,15.8261666666667,13.3001883333333
"2015_1","천호",38.6,35.3599090909091,43.9218858181818,3.24009090909091,5.32188581818182
"2015_1","청담",69,47.5472727272727,69.9483161818182,21.4527272727273,0.948316181818186
"2015_1","청량리",43.4,35.883,46.340687,7.517,2.940687
"2015_1","충무로",29,45.53,37.3170205,16.53,8.3170205
"2015_1","테헤란로",46.4,36.9245675675676,48.9114543513514,9.47543243243243,2.51145435135135
"2015_1","혜화동",70.2,52.7774,66.3921526,17.4226,3.8078474
"2015_1","홍대합정",46.4,39.1939230769231,54.9831062307692,7.20607692307692,8.58310623076923
"2015_1","화곡",22.7,24.7696111111111,27.78792525,2.06961111111111,5.08792525
"2015_2","건대입구",51.7,47.1628,47.0092826666667,4.53720000000001,4.69071733333334
"2015_2","경희대",49.6,41.8112857142857,46.3955002857143,7.78871428571428,3.20449971428572
"2015_2","공덕역",39.9,32.4963333333333,38.7744053333333,7.40366666666667,1.12559466666666
"2015_2","광화문",69.8,46.215,70.4899866666667,23.585,0.68998666666667
"2015_2","군자",38.3,33.6822,35.4057415,4.6178,2.8942585
"2015_2","동대문",34.8,36.2505,43.6975495,1.45050000000001,8.8975495
"2015_2","명동",270.9,172.5962,287.370468,98.3038,16.470468
"2015_2","목동",30.4,27.1784166666667,33.9408204166667,3.22158333333333,3.54082041666667
"2015_2","사당",53.6,43.8036153846154,52.0042443846154,9.79638461538462,1.59575561538462
"2015_2","서초",30.7,27.21215,33.3744316,3.48785,2.6744316
"2015_2","성신여대",41.3,37.7029166666667,43.29906825,3.59708333333333,1.99906825
"2015_2","수유",55.3,45.99325,57.34567775,9.30674999999999,2.04567775
"2015_2","신촌",60.3,41.836,75.343785,18.464,15.043785
"2015_2","영등포",33.3,32.6871111111111,39.1884412222222,0.612888888888882,5.88844122222223
"2015_2","용산",23.7,23.441,30.5372647333333,0.259,6.83726473333333
"2015_2","이태원",45.2,38.9406666666667,49.1093521111111,6.25933333333334,3.9093521111111
"2015_2","잠실",40.6,34.0374,39.8750854,6.5626,0.724914600000005
"2015_2","장안동",26.1,24.8638571428571,28.0043747142857,1.23614285714286,1.90437471428571
"2015_2","종로",90.5,67.2195555555556,99.2794387777778,23.2804444444444,8.77943877777778
"2015_2","천호",38.6,34.4234545454545,38.1937539090909,4.17654545454545,0.406246090909093
"2015_2","청담",69,48.7991818181818,70.5862729090909,20.2008181818182,1.58627290909091
"2015_2","청량리",43.5,43.913,41.78941,0.412999999999997,1.71059
"2015_2","충무로",29,25.6665,34.2842735,3.3335,5.2842735
"2015_2","테헤란로",46.4,37.5525945945946,48.6349455135135,8.8474054054054,2.23494551351352
"2015_2","혜화동",70.2,55.4518,62.4681288,14.7482,7.7318712
"2015_2","홍대합정",46.3,40.85,56.2877163076923,5.45,9.98771630769231
"2015_2","화곡",22.7,23.7872777777778,26.7765190277778,1.08727777777778,4.07651902777778
"2015_3","건대입구",51.7,46.2892666666667,46.2293575333333,5.41073333333333,5.47064246666667
"2015_3","경희대",49.4,42.7308571428571,46.7477162857143,6.66914285714286,2.65228371428572
"2015_3","공덕역",39.9,31.843,39.9504116666667,8.057,0.050411666666669
"2015_3","광화문",70.3,47.996,72.3869266666667,22.304,2.08692666666667
"2015_3","군자",38.3,34.6611,35.3734928,3.63889999999999,2.9265072
"2015_3","동대문",34.8,36.604,42.1247935,1.804,7.3247935
"2015_3","명동",270,197.1106,282.10517,72.8894,12.10517
"2015_3","목동",30.4,27.0454166666667,34.2010870833333,3.35458333333333,3.80108708333334
"2015_3","사당",53.6,44.1876923076923,52.8609683076923,9.41230769230769,0.739031692307691
"2015_3","서초",30.7,27.1271,33.8498106,3.5729,3.1498106
"2015_3","성신여대",41.3,37.2331666666667,44.5129323333333,4.06683333333333,3.21293233333333
"2015_3","수유",54.9,47.0585,57.4749704166667,7.8415,2.57497041666667
"2015_3","신촌",60.3,42.337,74.5319975,17.963,14.2319975
"2015_3","영등포",33.5,32.1826666666667,38.6501374444444,1.31733333333333,5.15013744444445
"2015_3","용산",23.7,22.979,31.7416034666667,0.721,8.04160346666667
"2015_3","이태원",45.3,39.6874444444444,48.6134998888889,5.61255555555555,3.31349988888889
"2015_3","잠실",40.6,35.2442,38.0917722,5.3558,2.5082278
"2015_3","장안동",26.1,24.5228095238095,28.5639003809524,1.57719047619048,2.46390038095238
"2015_3","종로",90.3,70.2354444444445,97.7057841666667,20.0645555555555,7.40578416666666
"2015_3","천호",38.6,34.3476363636364,37.9782345454545,4.25236363636364,0.621765454545454
"2015_3","청담",69.6,48.6766363636364,69.2009605454545,20.9233636363636,0.399039454545445
"2015_3","청량리",43.4,41.924,43.926464,1.476,0.526464000000004
"2015_3","충무로",29,24.7535,36.4941675,4.2465,7.4941675
"2015_3","테헤란로",46.4,37.3191891891892,48.0445971081081,9.08081081081081,1.64459710810811
"2015_3","혜화동",70.2,56.579,63.8945424,13.621,6.3054576
"2015_3","홍대합정",46.4,41.2464615384615,55.4064713076923,5.15353846153846,9.00647130769231
"2015_3","화곡",22.7,23.5692777777778,27.7302661388889,0.869277777777778,5.03026613888889
"2015_4","건대입구",52.1,47.1847333333333,46.5476636,4.91526666666667,5.5523364
"2015_4","경희대",49.5,42.8137142857143,46.2726947142857,6.68628571428572,3.22730528571429
"2015_4","공덕역",39.9,35.7073333333333,39.1388093333333,4.19266666666666,0.761190666666664
"2015_4","광화문",70.2,52.6053333333333,77.654832,17.5946666666667,7.454832
"2015_4","군자",38.4,34.9574,36.9881516,3.4426,1.4118484
"2015_4","동대문",34.8,35.298,41.88369,0.498000000000005,7.08369
"2015_4","명동",270.1,229.4146,297.440356,40.6854,27.340356
"2015_4","목동",30.4,27.0900833333333,34.5174650833333,3.30991666666667,4.11746508333334
"2015_4","사당",53.8,44.0924615384615,51.575298,9.70753846153846,2.224702
"2015_4","서초",30.7,27.1475,33.7761376,3.5525,3.0761376
"2015_4","성신여대",41.3,37.5756666666667,43.4186854166667,3.72433333333333,2.11868541666667
"2015_4","수유",54.9,45.218,59.4227384166667,9.682,4.52273841666667
"2015_4","신촌",60.4,44.2275,78.888386,16.1725,18.488386
"2015_4","영등포",33.6,32.6927777777778,40.2555223333333,0.907222222222224,6.65552233333333
"2015_4","용산",23.7,22.6362,31.7801083333333,1.0638,8.08010833333334
"2015_4","이태원",46,39.6863333333333,50.0075738888889,6.31366666666667,4.00757388888889
"2015_4","잠실",40.7,34.637,38.4921858,6.063,2.2078142
"2015_4","장안동",26.1,23.8616666666667,29.4280346666667,2.23833333333333,3.32803466666666
"2015_4","종로",90.2,71.6098888888889,98.4439814444444,18.5901111111111,8.24398144444444
"2015_4","천호",38.6,34.8028333333333,38.5261871666667,3.79716666666667,0.073812833333335
"2015_4","청담",69.6,47.1106363636364,70.2815571818182,22.4893636363636,0.681557181818192
"2015_4","청량리",43.2,40.241,41.889793,2.959,1.31020700000001
"2015_4","충무로",29.1,27.696,35.293005,1.404,6.193005
"2015_4","테헤란로",46.4,37.6498648648649,47.9773949459459,8.75013513513513,1.57739494594595
"2015_4","혜화동",70.2,55.7688,65.0780454,14.4312,5.12195460000001
"2015_4","홍대합정",47.4,41.3952307692308,56.081668,6.00476923076923,8.681668
"2015_4","화곡",23.3,23.3892222222222,28.4884194166667,0.0892222222222223,5.18841941666667
"2016_1","건대입구",52.4,45.5816428571429,49.8611505,6.81835714285714,2.5388495
"2016_1","경희대",49.5,43.7491428571429,47.5993912857143,5.75085714285714,1.90060871428572
"2016_1","공덕역",40.4,34.9626666666667,39.507449,5.43733333333333,0.892550999999997
"2016_1","광화문",70.5,48.8636666666667,76.150448,21.6363333333333,5.650448
"2016_1","군자",38.4,35.5725,37.5899922,2.8275,0.810007800000001
"2016_1","동대문",34.8,36.451,45.826969,1.651,11.026969
"2016_1","명동",271.7,241.6324,300.945888,30.0676,29.245888
"2016_1","목동",30.5,27.3199166666667,36.1184069166667,3.18008333333333,5.61840691666666
"2016_1","사당",53.9,44.3969285714286,51.1955715714286,9.50307142857142,2.70442842857143
"2016_1","서초",30.7,27.35865,33.599456,3.34135,2.899456
"2016_1","성신여대",41.5,38.4135,43.532154,3.0865,2.032154
"2016_1","수유",54.9,46.858,59.4003953333333,8.04199999999999,4.50039533333334
"2016_1","신촌",60.3,45.7325,72.160234,14.5675,11.860234
"2016_1","영등포",33.7,31.8661111111111,39.8668473333333,1.83388888888889,6.16684733333333
"2016_1","용산",23.7,23.7330666666667,31.5899658,0.0330666666666666,7.8899658
"2016_1","이태원",46,39.4674444444444,49.8184404444444,6.53255555555555,3.81844044444444
"2016_1","잠실",40.8,33.8324,39.3394002,6.9676,1.4605998
"2016_1","장안동",26.1,24.4777142857143,29.7249788571429,1.62228571428572,3.62497885714286
"2016_1","종로",89,71.3516111111111,96.5443324444444,17.6483888888889,7.54433244444445
"2016_1","천호",38.6,34.7945833333333,39.6138355833333,3.80541666666667,1.01383558333333
"2016_1","청담",69.6,48.91425,70.9407243333333,20.68575,1.34072433333334
"2016_1","청량리",43.2,41.1595,37.713401,2.0405,5.486599
"2016_1","충무로",29.1,28.976,34.5027725,0.124000000000002,5.4027725
"2016_1","테헤란로",46.4,37.8624736842105,47.9784773157895,8.53752631578947,1.57847731578948
"2016_1","혜화동",70.2,59.6072,68.400812,10.5928,1.799188
"2016_1","홍대합정",47.4,42.3886153846154,55.4273463076923,5.01138461538461,8.02734630769231
"2016_1","화곡",23.3,24.0669714285714,29.2517819428571,0.766971428571427,5.95178194285714
"2016_2","건대입구",52.5,47.9944,49.3233164666667,4.5056,3.17668353333333
"2016_2","경희대",49.5,43.1887142857143,47.8224511428571,6.31128571428572,1.67754885714286
"2016_2","공덕역",40.4,34.7466666666667,42.6098343333333,5.65333333333334,2.20983433333333
"2016_2","광화문",70.5,54.1226,72.088466,16.3774,1.588466
"2016_2","군자",38.4,34.1482,36.3874813,4.2518,2.01251869999999
"2016_2","동대문",34.9,33.705,44.672824,1.195,9.772824
"2016_2","명동",271.6,206.8202,285.07183,64.7798,13.47183
"2016_2","목동",30.5,28.1585833333333,37.1238300833333,2.34141666666667,6.62383008333333
"2016_2","사당",54,49.011,51.8479946,4.989,2.1520054
"2016_2","서초",30.7,26.93815,36.31648725,3.76185,5.61648725
"2016_2","성신여대",41.5,39.5013333333333,42.8395118333333,1.99866666666667,1.33951183333333
"2016_2","수유",55.3,48.50525,57.77856875,6.79475,2.47856875
"2016_2","신촌",58.4,46.344,64.0055885,12.056,5.6055885
"2016_2","영등포",33.7,33.1366666666667,42.3886222222222,0.563333333333333,8.68862222222222
"2016_2","용산",23.7,22.6631333333333,32.1602774666667,1.03686666666666,8.46027746666666
"2016_2","이태원",46.1,41.4957777777778,53.0796825555556,4.60422222222222,6.97968255555556
"2016_2","잠실",40.8,34.98975,38.6927945,5.81025,2.1072055
"2016_2","장안동",26.1,24.2089047619048,34.1978526190476,1.89109523809524,8.09785261904761
"2016_2","종로",88.9,74.7417,94.9548354,14.1583,6.0548354
"2016_2","천호",38.6,34.6615833333333,37.6685038333333,3.93841666666667,0.931496166666669
"2016_2","청담",69.6,48.8515833333333,72.10355025,20.7484166666667,2.50355025
"2016_2","청량리",43.5,40.8095,37.8996755,2.6905,5.6003245
"2016_2","충무로",29.1,21.6505,34.7419585,7.4495,5.6419585
"2016_2","테헤란로",46.4,38.2945,49.826215075,8.1055,3.426215075
"2016_2","혜화동",70.2,62.6042,66.6057678,7.5958,3.59423220000001
"2016_2","홍대합정",47.5,40.5016153846154,61.3675313076923,6.99838461538462,13.8675313076923
"2016_2","화곡",23.3,23.8501714285714,29.9428854857143,0.550171428571428,6.64288548571428
"2016_3","건대입구",52.6,47.6566923076923,51.6379915384615,4.94330769230769,0.96200846153846
"2016_3","경희대",49.4,43.9368571428571,46.6171027142857,5.46314285714286,2.78289728571428
"2016_3","공덕역",40.4,33.231,40.364436,7.169,0.0355640000000008
"2016_3","광화문",71.2,54.438,75.172818,16.762,3.972818
"2016_3","군자",36.8,33.2711,34.3248682,3.5289,2.4751318
"2016_3","동대문",34.9,31.14,45.13566,3.76,10.23566
"2016_3","명동",271.2,224.6588,271.40648,46.5412,0.206479999999999
"2016_3","목동",30.5,27.8428181818182,34.2821433636364,2.65718181818182,3.78214336363637
"2016_3","사당",54,47.0339285714286,50.9292428571429,6.96607142857143,3.07075714285714
"2016_3","서초",30.9,26.37005,35.3192686,4.52995,4.4192686
"2016_3","성신여대",41.4,38.2825,43.8239539166667,3.1175,2.42395391666667
"2016_3","수유",55.3,46.5539166666667,56.4600709166667,8.74608333333333,1.16007091666667
"2016_3","신촌",58.4,44.9705,68.0311875,13.4295,9.6311875
"2016_3","영등포",33.7,31.721,40.2970872222222,1.979,6.59708722222222
"2016_3","용산",23.7,21.8688,30.9413437333333,1.8312,7.24134373333333
"2016_3","이태원",46.1,41.1166666666667,52.2846981111111,4.98333333333333,6.18469811111111
"2016_3","잠실",41,36.2185,35.90202525,4.7815,5.09797475
"2016_3","장안동",26.1,24.6648095238095,33.1633243809524,1.43519047619048,7.06332438095238
"2016_3","종로",88.9,74.4046,92.06565185,14.4954,3.16565184999999
"2016_3","천호",38.6,33.3836666666667,35.6604044166667,5.21633333333333,2.93959558333334
"2016_3","청담",69.1,50.5681666666667,69.462837,18.5318333333333,0.362836999999999
"2016_3","청량리",43.5,35.9535,36.595734,7.54649999999999,6.904266
"2016_3","충무로",29.1,21.9375,35.3650285,7.1625,6.2650285
"2016_3","테헤란로",46.4,37.15505,49.190390625,9.24495,2.790390625
"2016_3","혜화동",70.2,57.5734,64.5683332,12.6266,5.6316668
"2016_3","홍대합정",47.5,39.8452307692308,61.3421862307692,7.65476923076923,13.8421862307692
"2016_3","화곡",23.3,23.2735714285714,29.0881060285714,0.0264285714285712,5.78810602857143
"2016_4","건대입구",52.6,47.3446153846154,51.1200846923077,5.25538461538461,1.47991530769231
"2016_4","경희대",49.3,41.718,45.658544,7.58199999999999,3.641456
"2016_4","공덕역",40.4,31.26325,42.66904325,9.13675,2.26904325
"2016_4","광화문",71.3,53.8338,73.99628,17.4662,2.69628
"2016_4","군자",36.8,32.1658,35.2756874,4.6342,1.52431259999999
"2016_4","동대문",34.8,31.805,45.025799,2.995,10.225799
"2016_4","명동",271.1,219.9098,268.744178,51.1902,2.35582199999999
"2016_4","목동",30.5,28.0749090909091,34.6432216363636,2.42509090909091,4.14322163636363
"2016_4","사당",54,47.5652307692308,51.4244990769231,6.43476923076923,2.57550092307692
"2016_4","서초",30.9,26.105,34.4057193,4.795,3.5057193
"2016_4","성신여대",41.4,38.0384166666667,42.4729569166667,3.36158333333334,1.07295691666667
"2016_4","수유",55.2,46.94175,57.2117394166667,8.25825,2.01173941666666
"2016_4","신촌",58.4,48.7065,67.81331,9.69349999999999,9.41331
"2016_4","영등포",33.7,31.5387777777778,43.0062078888889,2.16122222222223,9.30620788888888
"2016_4","용산",23.7,22.0700666666667,31.7934553333333,1.62993333333333,8.09345533333333
"2016_4","이태원",46,38.7664444444444,54.1814545555556,7.23355555555555,8.18145455555555
"2016_4","잠실",41.1,35.58525,38.319393,5.51475,2.780607
"2016_4","장안동",26.1,24.4126666666667,32.80286,1.68733333333333,6.70286
"2016_4","종로",88.7,71.7308,94.40023005,16.9692,5.70023005
"2016_4","천호",38.6,33.7233333333333,35.5991359166667,4.87666666666667,3.00086408333333
"2016_4","청담",71.6,52.0081666666667,66.63724525,19.5918333333333,4.96275475
"2016_4","청량리",43.5,40.1605,35.9586115,3.3395,7.5413885
"2016_4","충무로",29.1,25.833,30.5496425,3.267,1.4496425
"2016_4","테헤란로",46.1,37.10985,48.158983025,8.99015,2.058983025
"2016_4","혜화동",70.1,56.8854,69.0076908,13.2146,1.09230919999999
"2016_4","홍대합정",47.3,41.3959230769231,65.459903,5.90407692307692,18.159903
"2016_4","화곡",23.3,23.3798571428571,29.0278663428571,0.0798571428571435,5.72786634285714
"2017_1","건대입구",62.5,51.2736428571429,58.3220353571429,11.2263571428571,4.17796464285714
"2017_1","경희대",43.4,41.862,43.549434,1.538,0.149433999999999
"2017_1","공덕역",40.8,34.4495,40.679066,6.3505,0.120933999999998
"2017_1","광화문",69.7,55.3708,70.0390082,14.3292,0.339008199999995
"2017_1","군자",29.7,31.6960909090909,31.198994,1.99609090909091,1.498994
"2017_1","논현역",39,33.6260714285714,38.8385972142857,5.37392857142857,0.161402785714287
"2017_1","동대문",36.5,32.686,54.1179335,3.814,17.6179335
"2017_1","명동",277.2,237.2184,266.88957,39.9816,10.31043
"2017_1","목동",33.4,30.1941818181818,36.3787380909091,3.20581818181818,2.97873809090909
"2017_1","불광역",37,34.5087777777778,38.7305843333333,2.49122222222222,1.73058433333333
"2017_1","사당",58,49.7659285714286,52.7888255,8.23407142857143,5.2111745
"2017_1","서초",27.8,26.0575,31.83298355,1.7425,4.03298355
"2017_1","성신여대",43.7,38.95875,44.551117,4.74125,0.851116999999995
"2017_1","수유",54.6,49.4865384615385,55.0400036153846,5.11346153846154,0.440003615384612
"2017_1","신림역",69.7,52.3796,69.0336452,17.3204,0.666354800000008
"2017_1","신촌",57.3,48.158,121.18264,9.142,63.88264
"2017_1","압구정",58.1,44.0888333333333,59.3782208333333,14.0111666666667,1.27822083333333
"2017_1","영등포",37.8,34.8294444444444,43.9121974444444,2.97055555555556,6.11219744444445
"2017_1","오류동역",46.6,41.6703333333333,39.8695856666667,4.92966666666667,6.73041433333334
"2017_1","왕십리",37.4,36.3803333333333,40.217461,1.01966666666667,2.817461
"2017_1","용산",24.8,23.0915333333333,30.1572642666667,1.70846666666667,5.35726426666666
"2017_1","이태원",47,40.2022222222222,53.9058118888889,6.79777777777777,6.90581188888889
"2017_1","잠실",41.2,36.7335,36.2180595,4.4665,4.9819405
"2017_1","장안동",21,24.2324,31.4761606,3.2324,10.4761606
"2017_1","종로",83.9,72.0265,89.163329,11.8735,5.263329
"2017_1","천호",35.3,34.7839166666667,33.3707821666667,0.516083333333327,1.92921783333333
"2017_1","청담",68.9,49.7495,67.5273415,19.1505,1.3726585
"2017_1","청량리",45.9,44.8235,36.624948,1.0765,9.275052
"2017_1","테헤란로",46.2,38.0165641025641,48.0892312564103,8.1834358974359,1.88923125641026
"2017_1","혜화동",73.5,61.3752,72.3276728,12.1248,1.1723272
"2017_1","홍대합정",55.2,44.9736923076923,72.3635731538461,10.2263076923077,17.1635731538461
"2017_1","화곡",26.2,25.7204,30.2220537428571,0.479599999999998,4.02205374285714
"2017_2","건대입구",62.7,55.2030714285714,57.6677497857143,7.49692857142858,5.03225021428572
"2017_2","경희대",43.5,41.02,43.7135898571429,2.48,0.213589857142857
"2017_2","공덕역",40.8,32.7375,39.11498125,8.06249999999999,1.68501875
"2017_2","광화문",69.3,54.0294,74.1757218,15.2706,4.87572179999999
"2017_2","군자",29.8,30.7267272727273,30.7070434545455,0.926727272727273,0.907043454545455
"2017_2","논현역",39,33.1303571428571,39.668568,5.86964285714286,0.668568
"2017_2","동대문",36.5,34.608,50.76583,1.892,14.26583
"2017_2","명동",277.2,242.2628,262.448538,34.9372,14.751462
"2017_2","목동",33.4,30.0780909090909,36.7181499090909,3.32190909090909,3.31814990909091
"2017_2","불광역",37,33.2501111111111,38.7389182222222,3.74988888888889,1.73891822222222
"2017_2","사당",58.7,50.7057857142857,55.0603472142857,7.99421428571429,3.63965278571429
"2017_2","서초",27.8,25.71355,31.80624745,2.08645,4.00624745
"2017_2","성신여대",43.7,39.2574166666667,45.3832333333333,4.44258333333334,1.68323333333333
"2017_2","수유",54.6,50.6809230769231,55.8891822307692,3.91907692307692,1.28918223076923
"2017_2","신림역",70.3,56.454,71.1516124,13.846,0.851612400000008
"2017_2","신촌",57.3,45.9105,100.8343,11.3895,43.5343
"2017_2","압구정",58,44.4306666666667,64.1920283333333,13.5693333333333,6.19202833333334
"2017_2","영등포",38.2,35.425,45.0457755555556,2.77500000000001,6.84577555555556
"2017_2","오류동역",46.6,44.8806666666667,38.3857503333333,1.71933333333333,8.21424966666667
"2017_2","왕십리",37.4,36.3238333333333,39.952928,1.07616666666667,2.552928
"2017_2","용산",25,23.2175333333333,30.4261234,1.78246666666667,5.4261234
"2017_2","이태원",47,40.8315555555556,58.6354282222222,6.16844444444445,11.6354282222222
"2017_2","잠실",41.3,36.9405,36.8417405,4.3595,4.4582595
"2017_2","장안동",21,22.7681,27.80576665,1.7681,6.80576665
"2017_2","종로",83.9,69.52795,90.78123795,14.37205,6.88123795
"2017_2","천호",35.4,33.1886363636364,31.565524,2.21136363636364,3.834476
"2017_2","청담",68.1,48.9088333333333,66.3532075833333,19.1911666666667,1.74679241666666
"2017_2","청량리",45.9,45.768,38.4360425,0.131999999999998,7.4639575
"2017_2","테헤란로",46.2,37.9182564102564,49.5630473333333,8.28174358974359,3.36304733333333
"2017_2","혜화동",73.2,59.9386,70.7034254,13.2614,2.4965746
"2017_2","홍대합정",55.2,46.393,73.2533083076923,8.807,18.0533083076923
"2017_2","화곡",26.2,25.2426,29.6284388285714,0.9574,3.42843882857143
"2017_3","건대입구",64.3,54.8695714285714,60.0278112857143,9.43042857142857,4.27218871428571
"2017_3","경희대",43.5,40.238,44.4188795714286,3.262,0.918879571428569
"2017_3","공덕역",40.8,33.278,39.6124535,7.522,1.1875465
"2017_3","광화문",69.2,54.2912,75.0064738,14.9088,5.80647379999999
"2017_3","군자",29.8,30.5854545454545,31.1246064545455,0.785454545454545,1.32460645454545
"2017_3","논현역",39,32.9078571428571,39.459536,6.09214285714285,0.459536
"2017_3","동대문",36.5,33.4135,42.6575525,3.0865,6.15755249999999
"2017_3","명동",270.4,249.147,269.431692,21.253,0.968307999999979
"2017_3","목동",33.5,31.1743636363636,35.3362012727273,2.32563636363636,1.83620127272727
"2017_3","불광역",37,33.8364444444444,39.5091518888889,3.16355555555555,2.50915188888889
"2017_3","사당",58.8,50.7357142857143,54.9504305,8.06428571428571,3.8495695
"2017_3","서초",27.8,25.96685,31.47200425,1.83315,3.67200425
"2017_3","성신여대",43.9,38.81925,44.5608813333333,5.08075,0.660881333333336
"2017_3","수유",54.8,50.8641538461538,56.4549523846154,3.93584615384615,1.65495238461538
"2017_3","신림역",70.5,58.4322,74.5458606,12.0678,4.0458606
"2017_3","신촌",57.3,46.3455,111.1193485,10.9545,53.8193485
"2017_3","압구정",56.6,44.8768333333333,62.7077866666667,11.7231666666667,6.10778666666666
"2017_3","영등포",38.3,35.4383333333333,44.7126763333333,2.86166666666666,6.41267633333334
"2017_3","오류동역",46.6,45.2783333333333,38.5315816666667,1.32166666666667,8.06841833333333
"2017_3","왕십리",38,35.3666666666667,39.2477538333333,2.63333333333333,1.24775383333333
"2017_3","용산",24.8,22.8142666666667,31.774645,1.98573333333334,6.974645
"2017_3","이태원",47,40.6485555555556,57.1902588888889,6.35144444444445,10.1902588888889
"2017_3","잠실",41.6,36.84225,35.20597475,4.75775,6.39402525
"2017_3","장안동",21,22.82965,28.04688165,1.82965,7.04688165
"2017_3","종로",84,70.8067,91.0643068,13.1933,7.0643068
"2017_3","천호",35.4,33.8377272727273,31.7962827272727,1.56227272727273,3.60371727272727
"2017_3","청담",68.1,49.3815,66.9345536666667,18.7185,1.16544633333332
"2017_3","청량리",45.9,44.671,39.736545,1.229,6.163455
"2017_3","테헤란로",46.2,37.6358205128205,48.9856371282051,8.56417948717949,2.78563712820512
"2017_3","혜화동",73.2,57.3634,73.5083098,15.8366,0.308309800000004
"2017_3","홍대합정",55.5,46.5946923076923,74.5071549230769,8.90530769230769,19.0071549230769
"2017_3","화곡",26.3,25.1963142857143,29.3636565428571,1.10368571428571,3.06365654285714
"2017_4","건대입구",64.3,55.3390714285714,60.3230422857143,8.96092857142857,3.97695771428571
"2017_4","경희대",43.8,41.51,44.1524631428571,2.29,0.352463142857147
"2017_4","공덕역",41.6,33.808,40.16596225,7.792,1.43403775
"2017_4","광화문",69.2,57.6088,73.2153034,11.5912,4.01530339999999
"2017_4","군자",29.8,29.6755454545455,31.3051049090909,0.124454545454547,1.50510490909091
"2017_4","논현역",38.9,33.0168571428571,41.3361306428571,5.88314285714286,2.43613064285714
"2017_4","동대문",36.5,31.884,45.9319745,4.616,9.4319745
"2017_4","명동",270.4,205.7144,280.575732,64.6856,10.175732
"2017_4","목동",33.5,30.5273636363636,35.2734745454545,2.97263636363637,1.77347454545455
"2017_4","불광역",36.9,33.8571111111111,38.189628,3.04288888888889,1.289628
"2017_4","사당",60.7,51.5700714285714,56.1590774285714,9.12992857142857,4.54092257142857
"2017_4","서초",27.8,25.40855,31.2497671,2.39145,3.4497671
"2017_4","성신여대",44,39.0043333333333,45.8122925,4.99566666666666,1.8122925
"2017_4","수유",54.9,48.0828461538462,56.5425439230769,6.81715384615384,1.64254392307692
"2017_4","신림역",70.8,57.5702,73.812686,13.2298,3.012686
"2017_4","신촌",58.8,46.042,97.1875665,12.758,38.3875665
"2017_4","압구정",56.4,45.0728333333333,63.9105571666667,11.3271666666667,7.51055716666666
"2017_4","영등포",38.3,34.8201111111111,45.8595647777778,3.47988888888889,7.55956477777778
"2017_4","오류동역",46.6,39.362,36.705785,7.238,9.894215
"2017_4","왕십리",38,35.6586666666667,39.2196535,2.34133333333333,1.2196535
"2017_4","용산",25,22.4567333333333,30.0629788666667,2.54326666666667,5.06297886666666
"2017_4","이태원",47,40.5668888888889,58.0498057777778,6.43311111111111,11.0498057777778
"2017_4","잠실",41.8,35.205,36.48220425,6.595,5.31779574999999
"2017_4","장안동",21,22.5314,28.50207065,1.5314,7.50207065
"2017_4","종로",84.2,68.6764,92.2502962,15.5236,8.05029619999999
"2017_4","천호",35.4,33.1379090909091,31.6686768181818,2.26209090909091,3.73132318181818
"2017_4","청담",68,48.7976666666667,68.4799489166667,19.2023333333333,0.479948916666672
"2017_4","청량리",45.8,43.8805,37.2765615,1.9195,8.5234385
"2017_4","테헤란로",46.5,37.7804871794872,49.4397701794872,8.71951282051282,2.93977017948718
"2017_4","혜화동",73.7,58.4202,76.430718,15.2798,2.730718
"2017_4","홍대합정",55.8,47.1749230769231,72.7324476923077,8.62507692307692,16.9324476923077
"2017_4","화곡",26.4,25.3969142857143,30.125443,1.00308571428571,3.725443
"2018_1","건대입구",64.6,55.0504666666667,61.6025334666667,9.54953333333333,2.99746653333333
"2018_1","경희대",44.1,40.8401428571429,44.4312137142857,3.25985714285714,0.331213714285717
"2018_1","공덕역",41.5,34.757,38.7976455,6.743,2.7023545
"2018_1","광화문",69.1,54.704,77.7759476,14.396,8.6759476
"2018_1","군자",29.9,30.0898181818182,29.1230927272727,0.189818181818183,0.776907272727271
"2018_1","논현역",38.9,33.47475,40.2059605,5.42525,1.3059605
"2018_1","동대문",36.5,33.281,47.31003,3.219,10.81003
"2018_1","명동",270.4,229.9836,287.451572,40.4164,17.051572
"2018_1","목동",34.3,31.4551538461538,35.8543123846154,2.84484615384615,1.55431238461539
"2018_1","불광역",37.1,33.4864444444444,37.8418477777778,3.61355555555556,0.741847777777778
"2018_1","사당",60.7,51.9619285714286,55.405317,8.73807142857143,5.29468300000001
"2018_1","서초",27.8,25.0402,31.1324402,2.7598,3.3324402
"2018_1","성신여대",44.4,39.033,45.8854539166667,5.367,1.48545391666667
"2018_1","수유",54.9,48.3572142857143,55.2544784285714,6.54278571428571,0.354478428571433
"2018_1","신림역",73.9,58.0052,70.083577,15.8948,3.816423
"2018_1","신촌",58.8,48.1615,120.966245,10.6385,62.166245
"2018_1","압구정",56.3,44.6477142857143,63.8936412857143,11.6522857142857,7.59364128571429
"2018_1","영등포",38.9,36.0881111111111,43.5174493333333,2.81188888888889,4.61744933333333
"2018_1","오류동역",46.6,40.913,35.08223,5.687,11.51777
"2018_1","왕십리",38.6,35.9283333333333,39.8541046666667,2.67166666666667,1.25410466666667
"2018_1","용산",25.2,23.7576,30.9872679333333,1.4424,5.78726793333333
"2018_1","이태원",47,41.6845555555556,58.064226,5.31544444444445,11.064226
"2018_1","잠실",42.6,36.20575,35.75387025,6.39425,6.84612975
"2018_1","장안동",21,22.4919090909091,26.756706,1.49190909090909,5.756706
"2018_1","종로",84.2,71.29575,92.11488995,12.90425,7.91488995
"2018_1","천호",35.8,32.8499166666667,31.3012740833333,2.95008333333333,4.49872591666666
"2018_1","청담",67.9,49.7315,69.6195315833333,18.1685,1.71953158333332
"2018_1","청량리",45.9,43.957,35.6517465,1.943,10.2482535
"2018_1","테헤란로",46.6,38.466875,49.837098975,8.133125,3.237098975
"2018_1","혜화동",73.4,62.2024,75.9988858,11.1976,2.59888579999999
"2018_1","홍대합정",68.7,48.6971538461538,85.1247195384615,20.0028461538462,16.4247195384615
"2018_1","화곡",26.9,25.8796111111111,29.9781971111111,1.02038888888889,3.07819711111111
"2018_2","건대입구",64.9,57.9273333333333,61.5576029333333,6.97266666666667,3.34239706666667
"2018_2","경희대",43.9,41.5351428571429,44.433371,2.36485714285714,0.533371000000002
"2018_2","공덕역",41.6,35.53325,38.87923675,6.06675,2.72076325
"2018_2","광화문",69.7,54.6828,78.807626,15.0172,9.107626
"2018_2","군자",29.9,29.2069090909091,29.3595233636364,0.693090909090909,0.540476636363636
"2018_2","논현역",38.9,33.1986875,40.5673289375,5.7013125,1.6673289375
"2018_2","동대문",36.4,35.29,49.0299015,1.11,12.6299015
"2018_2","명동",271.7,194.9136,275.450796,76.7864,3.75079600000004
"2018_2","목동",34,32.4968461538462,37.1286407692308,1.50315384615384,3.12864076923077
"2018_2","불광역",37.1,33.3012222222222,37.6263304444444,3.79877777777778,0.52633044444444
"2018_2","사당",59.8,50.5954285714286,52.5129476428571,9.20457142857143,7.28705235714285
"2018_2","서초",27.8,25.5538,31.0625558,2.2462,3.2625558
"2018_2","성신여대",44.4,40.1171666666667,46.74451475,4.28283333333333,2.34451475
"2018_2","수유",54.7,49.3071428571429,54.979182,5.39285714285715,0.279181999999999
"2018_2","신림역",74,64.5244,73.509448,9.4756,0.490551999999994
"2018_2","신촌",57.8,49.2575,108.618255,8.5425,50.818255
"2018_2","압구정",56.2,44.141,68.0429814285714,12.059,11.8429814285714
"2018_2","영등포",39.2,38.1461111111111,43.9988226666667,1.05388888888889,4.79882266666667
"2018_2","오류동역",46.9,48.386,37.2882136666667,1.486,9.61178633333333
"2018_2","왕십리",39,36.7755,37.1440763333333,2.2245,1.85592366666667
"2018_2","용산",25.1,23.6194666666667,31.7513134,1.48053333333333,6.6513134
"2018_2","이태원",47.5,39.9733333333333,61.2277023333333,7.52666666666667,13.7277023333333
"2018_2","잠실",43.3,38.823,37.58710675,4.477,5.71289324999999
"2018_2","장안동",21,23.4116818181818,25.8900111818182,2.41168181818182,4.89001118181818
"2018_2","종로",83.7,70.65555,90.560816,13.04445,6.860816
"2018_2","천호",35.9,34.7683333333333,31.8174350833333,1.13166666666667,4.08256491666667
"2018_2","청담",67.6,51.0314166666667,68.7966974166667,16.5685833333333,1.19669741666667
"2018_2","청량리",46.6,41.8825,39.2456285,4.7175,7.3543715
"2018_2","테헤란로",46.9,38.09335,51.15910805,8.80665,4.25910805
"2018_2","혜화동",72.3,59.7756,72.354874,12.5244,0.0548739999999981
"2018_2","홍대합정",68.5,50.0710769230769,83.2399496153846,18.4289230769231,14.7399496153846
"2018_2","화곡",27,25.8199166666667,29.9566551388889,1.18008333333333,2.95665513888889
"2018_3","건대입구",65,57.101,62.0827874666667,7.899,2.91721253333333
"2018_3","경희대",44.1,42.1491428571429,45.2526654285714,1.95085714285715,1.15266542857142
"2018_3","공덕역",41.6,35.85175,39.5120755,5.74825,2.0879245
"2018_3","광화문",70,57.6962,79.9910158,12.3038,9.9910158
"2018_3","군자",29.9,29.4387272727273,28.2239380909091,0.461272727272725,1.67606190909091
"2018_3","논현역",39.2,33.8515,40.116465125,5.3485,0.916465124999995
"2018_3","동대문",36.4,34.861,48.681952,1.539,12.281952
"2018_3","명동",269.7,233.4486,296.560222,36.2514,26.860222
"2018_3","목동",34.6,32.1581538461538,37.8472412307692,2.44184615384616,3.24724123076923
"2018_3","불광역",37.2,34.362,39.8824935555556,2.838,2.68249355555555
"2018_3","사당",58.9,51.4268571428571,52.6396117857143,7.47314285714285,6.26038821428571
"2018_3","서초",27.7,25.2729,31.4167556,2.4271,3.7167556
"2018_3","성신여대",44.5,40.551,45.7385161666667,3.949,1.23851616666666
"2018_3","수유",56.1,50.4072857142857,53.4623881428571,5.69271428571429,2.63761185714286
"2018_3","신림역",73.5,63.3544,71.182318,10.1456,2.317682
"2018_3","신촌",57.8,50.3295,109.094466,7.47049999999999,51.294466
"2018_3","압구정",56.2,44.8101428571429,66.553002,11.3898571428571,10.353002
"2018_3","영등포",39.2,37.172,44.2577336666667,2.02800000000001,5.05773366666666
"2018_3","오류동역",46.9,48.973,36.2686066666667,2.073,10.6313933333333
"2018_3","왕십리",39,37.564,36.8384623333333,1.436,2.16153766666667
"2018_3","용산",25.1,23.4296,32.0241539333333,1.6704,6.92415393333333
"2018_3","이태원",47.5,40.7135555555556,61.2970441111111,6.78644444444444,13.7970441111111
"2018_3","잠실",43.5,37.9535,37.5274475,5.5465,5.9725525
"2018_3","장안동",20.9,23.207,25.559573,2.307,4.659573
"2018_3","종로",84.6,70.82455,89.6339461,13.77545,5.03394610000001
"2018_3","천호",35.4,35.1306666666667,31.5194248333333,0.269333333333336,3.88057516666667
"2018_3","청담",67.5,50.90075,68.9630936666667,16.59925,1.46309366666667
"2018_3","청량리",46.6,42.127,38.1619565,4.473,8.4380435
"2018_3","테헤란로",46.9,38.05815,51.654213625,8.84185,4.754213625
"2018_3","혜화동",72.3,60.61,78.0082036,11.69,5.7082036
"2018_3","홍대합정",68.4,49.9937692307692,85.2759305384615,18.4062307692308,16.8759305384615
"2018_3","화곡",27,26.0171111111111,28.9960619166667,0.982888888888887,1.99606191666667
"2018_4","건대입구",65.1,58.2576,61.8433664666667,6.8424,3.25663353333333
"2018_4","경희대",44.1,42.5855714285714,45.7346502857143,1.51442857142857,1.63465028571429
"2018_4","공덕역",42.1,35.73375,38.22628925,6.36625,3.87371075
"2018_4","광화문",70.1,57.4172,81.901462,12.6828,11.801462
"2018_4","군자",29.9,29.3781818181818,29.2240342727273,0.52181818181818,0.675965727272725
"2018_4","논현역",39.2,34.111375,40.1283544375,5.088625,0.928354437499998
"2018_4","동대문",36.4,32.635,48.558289,3.765,12.158289
"2018_4","명동",257.6,228.1418,290.924076,29.4582,33.324076
"2018_4","목동",34.3,31.6304615384615,37.5955689230769,2.66953846153846,3.29556892307693
"2018_4","불광역",37.4,34.8824444444444,41.452253,2.51755555555555,4.052253
"2018_4","사당",58.7,51.898,53.1926135,6.80200000000001,5.5073865
"2018_4","서초",27.8,25.75355,31.04869965,2.04645,3.24869965
"2018_4","성신여대",43.9,42.0913333333333,45.5837436666667,1.80866666666667,1.68374366666666
"2018_4","수유",56.1,49.4047142857143,54.7811749285714,6.69528571428572,1.31882507142857
"2018_4","신림역",72.3,64.6244,71.0243024,7.6756,1.2756976
"2018_4","신촌",57.7,50.834,98.0264425,6.866,40.3264425
"2018_4","압구정",56.1,44.3952857142857,69.9350137142857,11.7047142857143,13.8350137142857
"2018_4","영등포",39.2,37.4453333333333,45.8456942222222,1.75466666666667,6.64569422222222
"2018_4","오류동역",46.9,45.6956666666667,36.8318773333333,1.20433333333333,10.0681226666667
"2018_4","왕십리",39.1,37.4836666666667,37.3004813333333,1.61633333333334,1.79951866666666
"2018_4","용산",25.1,23.2366,29.9140627333333,1.8634,4.81406273333333
"2018_4","이태원",47.5,39.9001111111111,62.5374212222222,7.59988888888889,15.0374212222222
"2018_4","잠실",43.5,38.0325,37.377601,5.4675,6.122399
"2018_4","장안동",20.9,23.2230909090909,26.6232870909091,2.32309090909091,5.72328709090909
"2018_4","종로",84.9,70.4125,90.61439485,14.4875,5.71439484999999
"2018_4","천호",35.4,35.1171666666667,31.5153028333333,0.282833333333329,3.88469716666667
"2018_4","청담",66.4,49.7059166666667,65.7730235833333,16.6940833333333,0.626976416666679
"2018_4","청량리",46.6,43.7765,38.093156,2.8235,8.506844
"2018_4","테헤란로",46.9,38.72855,51.422799525,8.17145,4.522799525
"2018_4","혜화동",69.3,58.2574,76.8340494,11.0426,7.5340494
"2018_4","홍대합정",68.4,49.8418461538462,87.6331896923077,18.5581538461538,19.2331896923077
"2018_4","화곡",27,26.1155277777778,29.4554961944444,0.884472222222222,2.45549619444444
"2019_1","건대입구",64.2,57.3702666666667,60.040457,6.82973333333334,4.159543
"2019_1","경희대",46.1,44.7402857142857,45.9946337142857,1.35971428571429,0.10536628571429
"2019_1","공덕역",44.7,36.64475,39.962027,8.05525,4.737973
"2019_1","광화문",87.2,56.2094,84.179571,30.9906,3.02042900000001
"2019_1","군자",31.1,29.7172727272727,28.9556305454545,1.38272727272727,2.14436945454545
"2019_1","논현역",38.7,34.7283125,39.8453803125,3.9716875,1.1453803125
"2019_1","동대문",36.6,33.8045,46.937039,2.7955,10.337039
"2019_1","명동",295.1,234.8834,300.573462,60.2166,5.47346199999998
"2019_1","목동",34.5,33.016,37.1182355384615,1.484,2.61823553846154
"2019_1","불광역",38.5,35.2821111111111,39.8877894444444,3.21788888888889,1.38778944444444
"2019_1","사당",55.5,51.3838571428571,49.1370178571429,4.11614285714285,6.36298214285714
"2019_1","서초",27.4,25.70315,30.67263815,1.69685,3.27263815
"2019_1","성신여대",44.3,42.3139166666667,44.37826275,1.98608333333333,0.0782627500000004
"2019_1","수유",58,50.7764285714286,54.5228956428571,7.22357142857143,3.47710435714286
"2019_1","신림역",65.2,65.3088,67.4326442,0.108800000000002,2.2326442
"2019_1","신촌",56.7,50.04,87.1967525,6.66,30.4967525
"2019_1","압구정",55.8,45.1612857142857,64.6851227142857,10.6387142857143,8.88512271428571
"2019_1","영등포",39.3,37.1275555555556,41.854679,2.17244444444444,2.55467900000001
"2019_1","오류동역",36.7,44.4726666666667,35.128853,7.77266666666667,1.571147
"2019_1","왕십리",39.3,37.5223333333333,36.6450741666667,1.77766666666666,2.65492583333333
"2019_1","용산",25,24.9852,30.5802737333333,0.014800000000001,5.58027373333333
"2019_1","이태원",49.8,42.7634444444444,58.1536111111111,7.03655555555555,8.35361111111111
"2019_1","잠실",43.5,38.239,38.5657265,5.261,4.9342735
"2019_1","장안동",26.3,24.4209090909091,27.6613418181818,1.87909090909091,1.36134181818182
"2019_1","종로",79.7,71.04355,86.6904572,8.65645000000001,6.99045719999999
"2019_1","천호",34.9,34.5998333333333,31.8190309166667,0.300166666666662,3.08096908333333
"2019_1","청담",55.9,49.25825,65.44046425,6.64174999999999,9.54046425000001
"2019_1","청량리",46.7,42.3385,37.065982,4.36150000000001,9.634018
"2019_1","테헤란로",47.7,38.68885,51.887710925,9.01115,4.187710925
"2019_1","혜화동",67.6,64.041,72.9933866,3.559,5.3933866
"2019_1","홍대합정",67.7,50.9219230769231,79.3400648461539,16.7780769230769,11.6400648461538
"2019_1","화곡",27.6,26.73775,29.3782217777778,0.862250000000003,1.77822177777778
