상권_코드_명,행정동_코드
강남개포시장,11680670
화곡본동시장,11500590
까치산시장,11500593
송화골목시장,11500611
중부시장,11620575
방신전통시장,11500630
공항시장,11500640
독산동 우시장,11545610
남문시장,11545630
푸른터시장,11545630
대명시장,11545670
현대시장,11545670
박미시장,11545690
은행나무시장,11545710
강남시장_강남,11680510
녹번시장,11380580
신응암시장,11380590
대림골목시장,11380600
새마을시장,11710650
노량진중앙시장,11590510
본동인정시장,11590510
신노량진시장,11590520
강남시장_동작,11590530
상도전통시장,11590530
영도시장,11590540
성대시장,11590550
증산종합시장,11380640
수일시장,11380650
관악신사시장,11620685
신림종합시장,11620685
강남골목시장,11620725
신림중앙시장,11620725
삼성동시장,11620745
신신림시장,11620745
미성동도깨비시장,11620765
우림시장,11620775
영진시장A동,11560680
우리시장,11560700
대림중앙시장,11560710
구로시장,11530550
남구로시장,11530550
가리봉시장,11530595
고척근린시장,11530730
개봉중앙시장,11530750
오류시장,11530770
풍납시장,11710510
마천시장,11710550
방이시장,11710562
석촌시장,11710600
목4동시장,11470540
신영시장,11470560
월정로시장,11470560
상도4동도깨비골목시장,11590560
흑석시장,11590605
남성사계시장,11590630
사당시장,11590650
남부종합시장,11650590
양재시장,11650651
등마루시장,11500520
신월중앙시장,11500535
종로·청계 관광특구,11110615
남성역골목시장,11590650
잠실 관광특구,11710566
강남 마이스 관광특구,11680580
이태원 관광특구,11170650
명동 남대문 북창동 다동 무교동 관광특구,11140520
동대문패션타운 관광특구,11140590
삼양로93길,11305660
덕릉로60길,11320513
도당로13가길,11320700
도당로13바길,11320700
도당로19길,11320690
도당로29길,11320690
도봉로156길,11320522
도봉로169나길,11320521
도봉로181길,11320521
도봉산4길,11320521
도봉산길,11320521
명동길,11140550
삼일대로4길,11140605
독산로50길,11545700
청림3길,11620545
행운1길,11620575
목동중앙북로16길,11470520
목동중앙북로8길,11470530
오패산로4길,11290725
노해로17길,11305630
노해로23길,11305620
성덕정17길,11200670
성덕정길,11200650
성수이로18길,11200690
목동로9길,11470650
목동중앙남로3가길,11470540
목동중앙로13나길,11470520
목동중앙로3길,11470540
사당로29길,11590640
원신길,11620745
소담길,11620595
금하로24길,11545710
남부순환로112길,11545510
독산로108길,11545630
독산로40길,11545700
답십리로23길,11230560
답십리로56길,11230610
답십리로60길,11230610
답십리로63길,11230660
장한로26가길,11230660
장한로26길,11230650
장한로27가길,11230660
장한로27길,11230660
면목로17길,11215760
아차산로40길,11215820
여의대방로22길,11590680
여의대방로22나길,11590680
여의대방로22카길,11590680
여의대방로24길,11590660
구로중앙로19길,11530530
서초대로4길,11650610
서초대로64길,11650510
답십리로68길,11230650
답십리로69길,11230660
답십리로72길,11230650
망우로18가길,11230730
망우로18길,11230730
망우로21길,11230720
무학로45길,11230536
사가정로13길,11230570
사가정로23가길,11230660
사가정로2길,11230600
서울시립대로16길,11230560
서울시립대로29길,11230560
한천로124나길,11305590
겸재로29길,11260565
겸재로36길,11260565
겸재로54길,11260565
삼양로24길,11305555
동일로130길,11260600
동일로139가길,11260610
동일로139길,11260610
구로중앙로28길,11530560
구로중앙로34길,11530560
왕십리로31길,11200520
왕십리로6길,11200660
용답29길,11200790
용답중앙길,11200790
장터길,11200615
무학로16길,11230536
오패산로52길,11305545
공릉로2길,11260620
답십리로75길,11260540
면목로78길,11260565
봉우재로33길,11260590
봉화산로4길,11260610
봉화산로56길,11260680
사가정로42길,11260570
사가정로54길,11260570
신내로7가길,11260580
도봉로152가길,11320522
동일로140길,11260600
동일로149길,11260630
동일로157길,11260630
가산로3길,11545610
가산로5길,11545510
금하로14길,11545670
금하로1길,11545610
청계천로10나길,11200540
한강대로104길,11170530
한강대로15길,11170625
사근동길,11200550
상원12길,11200660
상원길,11200660
서울숲2길,11200660
봉화산로30길,11260600
학동로38길,11680531
개봉로11길,11530760
개봉로17길,11530750
토정로37길,11440590
효창원로93길,11440565
동남로65길,11740540
동작대로17길,11590620
동작대로29길,11590630
동작대로33길,11590630
동작대로35길,11590630
동작대로7길,11590620
등용로14길,11590660
강남대로23길,11650651
선유서로25길,11560610
곰달래로5길,11470560
남부순환로33길,11470600
남부순환로40길,11470580
남부순환로58길,11470580
남부순환로70길,11470611
남부순환로79길,11470610
삼성로69길,11680630
삼성로75길,11680630
선릉로121길,11680531
선릉로132길,11680565
선릉로133길,11680531
선릉로146길,11680565
양천로73가길,11500510
남부순환로234길,11620585
마포대로12길,11440555
마포대로20길,11440565
천호대로197길,11740685
천호대로219길,11740520
천호옛14길,11740650
천호옛길,11740650
풍성로37가길,11740650
국회단지길,11620605
중앙로32길,11470620
강서로5나길,11500540
강서로5라길,11500550
강서로8길,11500593
개화동로23길,11500640
개화동로25길,11500640
곰달래로25길,11500593
영등포로80길,11560630
난향길,11620715
남부순환로142길,11620765
남부순환로151길,11620685
남부순환로161길,11620685
남부순환로172길,11620765
송이로23길,11710632
관악로28길,11620575
관악로30길,11620545
관천로15길,11620685
관천로22길,11620695
개포로17길,11680690
개포로20길,11680690
사당로16가길,11590650
세무서길,11410640
양재대로62길,11710620
양재대로64길,11710620
양재대로71길,11710561
양재대로72길,11710570
오금로11길,11710562
오금로36길,11710620
독산로78다길,11545640
동남로20길,11710632
마천로51길,11710550
백제고분로21길,11710610
백제고분로22길,11710610
백제고분로31길,11710610
백제고분로32길,11710610
송이로32길,11710641
송이로36길,11710641
송파대로30길,11710620
동교로19길,11440660
동교로25길,11440710
동교로27길,11440710
양천로14길,11500640
사당로16길,11590650
사당로20길,11590620
사당로23길,11590640
사당로23나길,11590640
논현로27길,11650651
영동대로112길,11680580
영동대로65길,11680610
일원로3길,11680730
상암로14길,11740610
상암로4길,11740610
상암로51길,11740530
상암로5길,11740580
상일로5길,11740520
성내로5길,11740640
대림로7길,11560710
대림로8길,11560700
화곡로13길,11470600
신촌로12길,11440660
신촌로28가길,11440555
신촌로30길,11440555
양화로11길,11440660
가로공원로58길,11470580
곰달래로10길,11470560
곰달래로2길,11470560
양천로24가길,11500630
양천로24길,11500630
양천로26길,11500630
양천로49길,11500603
양천로71길,11500510
삼성로64길,11680610
일원로9길,11680730
테헤란로81길,11680580
고덕로10길,11740570
고덕로25길,11740590
고덕로61길,11740550
구천면로36길,11740600
구천면로41길,11740610
구천면로42길,11740600
신길로60길,11560515
양평로19길,11560620
양평로22라길,11560620
양평로28길,11560620
여의대방로35길,11560680
여의대방로39길,11560690
망원로2길,11440690
매봉산로2길,11440740
효령로23길,11650600
효령로31길,11650600
효령로34길,11650620
효령로72길,11650520
방배중앙로21길,11650590
청두곶길,11650610
서초중앙로8길,11650510
도신로29길,11560585
곰달래로3길,11470560
진황도로27길,11740620
시흥대로84길,11545620
시흥대로94길,11545620
논현로10길,11680690
논현로115길,11680521
논현로123길,11680521
마포대로4길,11440585
만리재옛길,11440565
망원로11길,11440700
구암길,11620565
도곡로37길,11680650
도산대로15길,11680510
우장산로6길,11500615
월정로20길,11500540
초록마을로3길,11500590
초록마을로8길,11500590
초원로16길,11500630
도신로15길,11560585
공항대로8길,11500620
도림로6길,11530595
범안로17길,11545610
벚꽃로56길,11545510
시흥대로120길,11545640
시흥대로138길,11545630
시흥대로141길,11545610
문성로5길,11545630
범안로11길,11545610
남부순환로248길,11620625
삼성로63길,11680630
모래내로15길,11410690
북아현로4길,11410555
세검정로1길,11410660
세무서2길,11410655
도산대로23길,11680510
도산대로30길,11680531
도산대로38길,11680531
도산대로50길,11680531
도산대로81길,11680565
동광로12길,11650621
개포로28길,11680690
개포로82길,11680670
오금로46길,11710632
풍성로25길,11710510
수색로8길,11410710
신촌로37길,11410555
연희로10길,11410615
응암로1길,11410720
증가로10길,11410700
논현로139길,11680521
독산로85길,11545630
중앙로36길,11470620
중앙로45길,11470640
중앙로47길,11470640
중앙로51길,11470570
중앙로55길,11470570
동교로38길,11440710
가재울로6길,11410700
독립문로8길,11410520
명지대길,11410700
동남로82길,11740560
동남로85길,11740550
명일로13길,11740700
남부순환로365길,11680655
곰달래로31길,11500550
곰달래로47길,11500550
곰달래로53길,11500570
곰달래로60길,11500570
개봉로17다길,11530750
개봉로1길,11530760
도림로112길,11560585
논현로106길,11680640
도림로147길,11560605
도림로63길,11560670
도림천로21길,11560710
난우길,11620765
성안로3길,11740640
강남대로34길,11650651
남부순환로88길,11470640
논현로159길,11680510
논현로26길,11680656
논현로28길,11680656
논현로63길,11680640
논현로8길,11680690
공항대로59다길,11500510
공항대로61길,11500510
강동대로53길,11740660
이문로42길,11230750
용마산로100길,11260660
용마산로112길,11260655
용마산로118길,11260655
동일로100길,11260520
창경궁로43길,11290525
대흥로28길,11440610
성균관로5길,11110650
숭인동길,11110710
옥인길,11110515
율곡로10길,11110615
율곡로16길,11110630
이화장길,11110640
퇴계로12길,11140540
퇴계로18길,11140550
퇴계로46길,11140580
뚝섬로24길,11215847
오목로3길,11470590
오목로5길,11470590
은행정로5길,11470620
신목로5길,11470630
상도로61길,11590530
상도로62길,11590530
연서로5길,11380625
은평로10길,11380580
은평로13길,11380510
상도로47길,11590530
도봉로109길,11320680
도봉로114길,11320511
서초대로8길,11650610
신반포로45길,11650540
언남길,11650652
주흥15길,11650560
주흥길,11650560
구로동로7길,11530595
독산로64길,11545620
독산로70길,11545640
신월로20길,11470610
오목로23길,11470650
오목로30길,11470650
한천로130길,11305590
한천로132길,11305590
노해로33길,11305620
솔샘로65길,11305555
수유로12길,11305610
오패산로30길,11305545
삼양로27길,11305575
삼양로41길,11305534
사당로8길,11590651
구로중앙로42길,11530510
구로중앙로7길,11530550
구로중앙로8길,11530550
남부순환로97길,11530750
대방동2길,11590660
사당로2차길,11590651
사당로30길,11590620
구로동로8길,11530550
국사봉1길,11590550
오패산로67길,11305590
인수봉로56길,11305660
인수봉로72길,11305660
인수봉로79길,11305660
한천로139가길,11305630
한천로140길,11305630
덕릉로40길,11305600
덕릉로41길,11305590
도봉로13길,11305555
한천로101가길,11290760
한천로76길,11290810
삼양로54길,11305555
삼양로77길,11305610
역말로9길,11380570
한글비석로24길,11350670
한글비석로44길,11350670
삼양로8길,11290685
성북로8길,11290525
서울시립대로4길,11230560
약령시로17길,11230545
왕산로32길,11230536
왕산로33길,11230545
왕산로43길,11230705
한천로109길,11305606
솔매로41길,11305535
솔매로45길,11305535
솔매로50길,11305545
종암로24가길,11290705
종암로5길,11290705
지봉로20길,11290610
화랑로13길,11290725
화랑로19길,11290770
화랑로1길,11290715
장충단로8길,11140580
청구로17길,11140625
청구로1길,11140645
화랑로14길,11290725
가좌로7길,11380600
갈현로1길,11380631
노해로60길,11320680
노해로63다길,11320515
목동중앙서로7길,11470540
목동중앙서로8가길,11470540
신목로2길,11470630
왕십리로26길,11200535
마조로16길,11200540
마조로1길,11200550
매봉길,11200645
무수막길,11200615
무학로6길,11200535
무학봉28길,11200520
무학봉길,11200520
시흥대로62가길,11545670
시흥대로63길,11545670
신길로17길,11560670
신길로39길,11560650
신길로42가길,11560630
신길로42길,11560660
법원단지9길,11620775
봉천로33길,11620605
서림7길,11620665
승방길,11620630
선릉로18길,11680670
압구정로2길,11680510
언주로81길,11680650
월드컵로16길,11440660
사평대로26길,11650581
사평대로57길,11650560
서초대로15길,11650621
가로공원로76가길,11500540
가로공원로80길,11500540
고척로52길,11530720
북촌로11길,11110600
북촌로5길,11110540
능동로13길,11215710
능동로19길,11215710
능동로34길,11215780
동일로123길,11260610
조원중앙로2길,11620725
중앙길,11620615
청룡8길,11620595
법원단지길,11620775
복은길,11620665
동광로39길,11650581
동산로10길,11650652
동산로19길,11650652
방배천로4안길,11650610
마방로2길,11650652
지양로7길,11470611
월드컵로19길,11440690
공항대로55길,11500520
공항대로59길,11500520
시흥대로150길,11545630
시흥대로153길,11545510
시흥대로22길,11545690
시흥대로36길,11545690
신림로65길,11620695
북촌로5나길,11110540
삼청로5길,11110540
서달로10길,11590605
서달로14길,11590605
서달로15길,11590605
서달로8가길,11590605
도봉로99길,11305630
삼각산로28길,11305630
동호로20길,11140580
동호로8길,11140635
성수이로7길,11200690
성수일로6길,11200690
답십리로64길,11230650
고산자로6길,11200560
금호산2길,11200615
여의대방로43나길,11560690
신림동길,11620695
양재대로101길,11740660
양재대로116길,11740685
양재대로124길,11740685
양재대로133길,11740600
학동로56길,11680590
양재대로95길,11740660
양재대로96길,11740700
올림픽로48길,11740640
올림픽로71길,11740610
올림픽로77길,11740610
올림픽로78길,11740610
올림픽로80길,11740610
삼양로20길,11305555
화랑로32길,11290810
화랑로40길,11290810
상계로12길,11350640
상계로1길,11350640
마장로39길,11200540
천호대로129길,11215860
여의대방로46길,11590660
동일로163길,11260630
망우로68길,11260655
망우로73길,11260655
면목로21길,11260540
면목로33길,11260540
면목로45길,11260575
면목로56길,11260565
양재대로91길,11740660
강서로5가길,11500540
강남대로8길,11650652
부일로1길,11530790
새말로18길,11530560
신도림로13길,11530510
오류로8길,11530780
올림픽로98길,11740570
중앙로1길,11530720
사당로26길,11590620
시흥대로68길,11545670
조원로10길,11620725
목동동로12길,11470510
목동동로8길,11470630
목동로19길,11470650
능동로3길,11215847
능동로4길,11215840
동일로18길,11215847
동일로24길,11215710
뚝섬로23길,11215840
영신로9길,11560515
강서로15길,11500540
강서로17가길,11500540
강서로18길,11500593
한천로40길,11230660
경희대로3길,11230710
경희대로4길,11230710
난계로30길,11230536
창신2길,11110680
우마길,11530595
개봉로3길,11530760
목동남로4길,11470680
양화로1길,11440680
양화진길,11440680
와우산로29가길,11440660
와우산로29길,11440660
와우산로3길,11440655
영등포로62길,11560515
월드컵로25길,11440700
월드컵로36길,11440730
월드컵로7길,11440680
월드컵로8길,11440660
당산로31길,11560550
당산로37길,11560560
조원로18길,11620725
우사단로10길,11170700
우사단로14길,11170685
난계로11길,11140670
난계로21길,11140670
성대로1길,11590560
서초대로23길,11650621
면목로49길,11260575
구로동로15길,11530530
구로동로28길,11530530
구로동로38길,11530530
구로동로41길,11530530
구로동로42길,11530530
서초대로25길,11650621
양지길,11620745
월드컵로10길,11440660
월드컵로11길,11440690
국회대로7길,11500550
신림로11길,11620735
신림로28길,11620665
신림로38길,11620665
신림로48길,11620645
관악로10길,11620585
관악로14길,11620585
학동로6길,11680521
학동로77길,11680565
개봉로20길,11530750
개봉로23가길,11530740
개봉로2길,11530760
신목로6길,11470630
신월로15길,11470590
공원로6가길,11530560
동호로10길,11140645
동호로11길,11140625
동호로15길,11140625
상계로9가길,11350640
한천로46길,11230660
휘경로14길,11230720
휘경로23길,11230740
휘경로2길,11230740
도봉로143길,11320690
도봉로147길,11320690
청룡길,11620595
신림로64길,11620695
성미산로32길,11440710
성산로4길,11440720
고무래로8길,11650581
남부순환로317길,11650530
남부순환로325길,11650530
남부순환로339길,11650510
논현로1길,11650652
천호대로170길,11740650
천호대로187길,11740685
증산로17길,11380632
갈현로33길,11380552
갈현로41길,11380551
석계로1길,11350560
한글비석로22길,11350624
고척로21나길,11530740
고척로27길,11530740
고척로27다길,11530730
방배로18길,11650600
면목로55길,11260565
창신5길,11110680
창신길,11110680
뚝섬로48길,11215830
뚝섬로54길,11215830
뚝섬로58길,11215830
뚝섬로64길,11215830
면목로48길,11260575
중앙로25길,11470640
남현3길,11620630
경인로15길,11530770
경인로31길,11530740
여의대방로61길,11560630
영등포로25길,11560550
영등포로27길,11560550
영등포로35길,11560535
종로65길,11110710
지봉로8길,11110700
창경궁로35길,11110650
은평로20길,11380580
은평로3길,11380625
다산로39길,11140615
강서로47길,11500611
강서로47라길,11500611
행운길,11620575
호암로20길,11620735
호암로24길,11620735
영등포로84길,11560630
신사로20길,11620685
신원로3길,11620655
양녕로6길,11620615
은천로25길,11620565
인헌길,11620625
장군봉1길,11620595
장군봉2길,11620595
백제고분로33길,11710600
백제고분로34길,11710600
까치산로4길,11500590
남부순환로11길,11500620
가마산로61길,11560650
경인로77길,11560605
경인로80길,11560605
경인로90길,11560605
연서로11길,11380560
연서로13길,11380560
연서로16길,11380625
경인로35길,11530740
경인로47길,11530720
솔샘로6길,11290640
아리랑로4길,11290575
다산로33길,11140615
다산로36길,11140665
다산로38길,11140665
한강대로52길,11170625
한강대로62길,11170625
한강대로7길,11170625
한강대로88길,11170530
한남대로20길,11170685
모래내로7길,11440730
방울내로9안길,11440700
백범로16길,11440600
성미산로11길,11440720
성미산로1길,11440720
도산대로89길,11680565
등촌로13길,11500570
국회대로56길,11560535
만양로8길,11590510
진황도로47길,11740685
천중로39길,11740600
천중로51길,11740530
천호대로162길,11740650
당산로38길,11560560
안암로5길,11290600
오패산로19길,11290715
강서로45길,11500560
강서로45다길,11500560
은평로8길,11380580
응암로12길,11380600
응암로13길,11380600
둘레9길,11200650
뚝섬로5길,11200670
마장로27길,11200540
공릉로12가길,11260620
자양로26길,11215850
자양로45길,11215770
방배로35길,11650590
도신로60길,11560630
도신로62길,11560630
디지털로37길,11560710
디지털로57길,11560710
디지털로74길,11560700
남현2길,11620630
증가로20가길,11410720
당산로46길,11560560
남현길,11620630
당곡길,11620525
대학14길,11620735
대학길,11620735
미성5길,11620765
거마로20길,11710550
응암로14길,11380600
응암로22길,11380600
수색로18길,11380650
한강대로43길,11170625
통일로12길,11110580
방배로42길,11650590
사임당로17길,11650510
사평대로22길,11650581
통일로87길,11380551
통일로92길,11380530
연서로34길,11380530
양산길,11620745
도림로12길,11530540
화곡로20길,11500540
화곡로31길,11500615
화곡로44나길,11500591
화곡로59길,11500591
화곡로64길,11500520
선유로55길,11560620
선유서로24길,11560610
백제고분로39길,11710600
백제고분로42길,11710580
백제고분로45길,11710580
백제고분로46길,11710580
백제고분로50길,11710562
삼전로13길,11710650
봉은사로109길,11680580
평창길,11110560
필운대로1길,11110530
광성로6길,11440630
대흥로21길,11440600
후암로28길,11170510
송정12라길,11200720
송정4가길,11200720
아차산로11길,11200690
아차산로15길,11200690
아차산로5길,11200690
왕십리로14길,11200660
왕십리로21길,11200560
장승배기로10길,11590540
디지털로27길,11530595
디지털로32가길,11530540
디지털로32길,11530540
부일로11길,11530790
부일로15길,11530790
만양로14길,11590510
선유서로28길,11560610
장승배기로19길,11590520
장승배기로27길,11590520
흑석로13길,11590605
흑석로9길,11590605
강남대로118길,11680521
강남대로136길,11680521
강남대로140길,11680521
봉천로13길,11620525
명륜길,11110650
백석동길,11110550
오패산로3길,11290715
통일로78길,11380530
장한로14길,11230650
회나무로13길,11170660
효창원로39길,11170590
장한로25길,11230650
긴고랑로7길,11215740
긴고랑로8길,11215740
긴고랑로9길,11215760
등촌로39길,11500530
등촌로51길,11500530
등촌로55길,11500530
등촌로5길,11500570
방화대로21길,11500620
방화대로6라길,11500620
공항대로38길,11500615
공항대로42길,11500615
대림로22길,11560700
대림로29길,11560720
대림로31길,11560720
대림로34길,11560720
대림로44길,11560720
화곡로3길,11470600
화곡로4길,11470600
도봉로18길,11305545
도봉로45길,11305535
도봉로67길,11305535
도봉로76길,11305535
도봉로8길,11305545
응암로34길,11380580
도화4길,11440585
자양로50길,11215860
자양로53길,11215770
자양번영로3길,11215840
천호대로109길,11215750
천호대로123길,11215750
광나루로52길,11215870
종암로19길,11290705
동광로1길,11650590
증가로23나길,11410720
증가로6길,11410685
충정로4길,11410565
충정로6길,11410565
통일로11길,11410520
통일로37길,11410620
통일로39길,11410620
홍연길,11410615
홍제내길,11410620
성지3길,11440680
숭문8길,11440610
숭문길,11440610
도화길,11440585
독막로22길,11440655
독막로32길,11440630
독막로8길,11440680
동교로17길,11440660
계동길,11110600
난계로27길,11110710
돈화문로11가길,11110615
연서로3길,11380625
연서로41길,11380530
갈현로7길,11380625
불광천길,11380600
서오릉로21길,11380560
서오릉로8길,11380570
암사길,11740570
낙성대역길,11620625
난곡로24길,11620775
난곡로26길,11620775
난곡로34길,11620775
난곡로74길,11620685
봉은사로29길,11680531
봉은사로43길,11680531
봉은사로57길,11680590
봉은사로68길,11680590
삼성로115길,11680590
삼성로147길,11680565
삼성로57길,11680600
중앙로15길,11530730
서울 서초구 방배역,11650600
매봉역,11680656
문정역,11710641
양재역,11680655
신대방삼거리역,11590550
교대역_4,11650531
대림역_1,11530550
은마아파트입구사거리_1,11680600
서울 영등포구 영등포시장역,11560535
학동사거리_2,11680565
서울 양천구 신정네거리역_2,11470650
서울 영등포구 여의도역_1,11560540
청담사거리_1,11680565
청담사거리_2,11680565
청담역_1,11680565
청담역_2,11680565
영등포유통상가,11560550
청담사거리_3,11680565
서울 영등포구 여의도역_2,11560540
아현가구거리상점가,11410555
영등포전통시장,11560535
영등포청과시장,11560550
도림시장,11560585
영일시장,11560605
양남시장,11560610
대신시장,11560630
사러가시장,11560650
봉일시장,11620605
봉천현대시장,11620605
봉천중앙시장,11620615
인헌시장,11620625
종암로21길,11290705
용마산로94길,11260575
중랑천로10길,11260520
길음로7길,11290660
돌곶이로14길,11290810
돌곶이로22길,11290810
연서로17길,11380552
신사동 가로수길,11680510
오목교역,11470510
서울 강동구 둔촌동역,11740660
압구정 로데오거리_1,11680565
서울 영등포구 영등포구청역,11560550
서울 강남구 압구정역,11680545
서울 종로구 종로3가역_3,11110615
서울 종로구 경복궁역_1,11110530
서울 종로구 안국역_1,11110600
서울 종로구 안국역_2,11110540
서울 종로구 경복궁역_2,11110530
서울 동대문구 청량리역,11230560
디지털미디어시티,11440740
혜화역 대학로_1,11110640
신원시장,11620655
동진시장,11440710
마포농수산물시장,11440730
인왕시장,11410640
포방터시장,11410660
모래내시장,11410690
백련시장,11410700
공덕시장,11440555
마포시장,11440555
아현시장,11440555
신수시장,11440630
서교시장,11440660
영진시장,11440660
합정시장,11440680
망원시장,11440690
청파로47나길,11170555
청파로71길,11170555
청파로73길,11170555
자양로15길,11215820
한림말3길,11200645
한림말길,11200645
광나루로12길,11215710
압구정 로데오거리_2,11680545
국회의사당역_1,11560540
서울 용산구 신용산역,11170625
국회의사당역_2,11560540
용산 전자상가_1,11170625
용산구청,11170650
용산 전자상가_2,11170625
목동사거리,11470540
한남오거리,11170685
혜화역 대학로_2,11110650
혜화역 대학로_3,11110650
서울 성북구 안암역,11290600
경희대학교,11230710
서울 성북구 성신여대입구역,11290575
미아사거리_1,11290715
서울 중구 을지로3가역_1,11140605
동대문역사문화공원역,11140590
서울 강동구 천호역_1,11740650
망원월드컵시장,11440700
신월7동골목시장,11470611
신정제일시장,11470620
신정2동골목시장,11470630
신정3동골목시장,11470640
목2동시장,11470520
목3동시장,11470530
동묘시장,11110710
창동신창시장,11320512
창동골목시장,11320513
신도봉시장,11320521
연서로21길,11380552
연서로27길,11380552
연서로28길,11380570
연서로29길,11380551
연서로33길,11380530
증산로21길,11380631
퇴계로56길,11140580
서울 용산구 이태원역,11170650
용산 전자상가_3,11170570
서울 광진구 강변역,11215870
당산역_1,11560620
용산 전자상가_4,11170560
용산 전자상가_5,11170560
서울 강동구 길동역,11740685
도산공원사거리_1,11680545
당산역_2,11560560
서울 강동구 천호역,11710510
서울시청,11140550
시청역_2,11140520
동대문시장_1,11140590
서대문구 서대문역_1,11110580
종각역 젊음의 거리,11110615
종각역,11110615
서울 종로구 광화문역_1,11110530
서울 종로구 종로3가역_1,11110615
백운시장,11320660
쌍문역골목시장,11320680
방학동도깨비시장,11320700
공릉동도깨비시장,11350595
상계시장,11350665
상계중앙시장,11350670
경창시장,11470570
신월3동골목시장,11470580
신곡종합시장,11470610
신월6동골목시장,11470610
명일골목시장,11740530
광나루로24길,11215710
광나루로36길,11215850
광나루로37길,11215860
광나루로40길,11215850
퇴계로8길,11140540
퇴계로90길,11140650
녹사평대로11길,11170690
녹사평대로26길,11170650
영등포역_3,11560535
여의도 시범아파트앞,11560540
서울 강남구 역삼역_2,11680640
서울 광진구 구의역,11215850
건대입구역,11215840
서울 광진구 건대입구역_1,11215847
서울 강동구 천호역_2,11740610
서울 마포구 마포역_1,11440585
장한평역_1,11230650
서울 강서구 발산역,11500535
왕십리역_2,11200535
시청역_1,11140520
미아사거리_2,11290685
서울 은평구 불광역_1,11380570
동대문시장_2,11110630
서울 종로구 동대문역_1,11110680
서울 은평구 불광역_2,11380520
서울 은평구 불광역_3,11380570
장위전통시장,11290770
번동시장,11290780
새석관시장,11290810
석관시장,11290810
석관황금시장,11290810
번동북부골목시장,11305590
수유전통시장,11305610
밤나무골시장,11290715
우이시장,11305620
강북종합시장,11305630
수유중앙시장,11305630
녹사평대로32길,11170650
녹사평대로40나길,11170660
녹사평대로46길,11170660
대사관로34길,11170685
긴고랑로20길,11215750
장한로5길,11230650
장한로8길,11230650
전농로29길,11230560
장한평역_2,11230650
서울 강서구 송정역,11500620
남영역,11170530
서울 용산구 숙대입구역,11170520
공덕역,11440555
서울 마포구 공덕역_2,11440555
어린이대공원역,11215730
서울 강북구 미아삼거리역_1,11305545
서울 종로구 동대문역_2,11110670
장안동사거리,11230660
동묘앞역,11110670
서울 종로구 광화문역_2,11110530
서울 동대문구 신설동역_1,11230536
신설동역,11110710
장미원골목시장,11305645
수유북부시장,11305660
동북시장,11305534
방천골목시장,11305545
숭인시장,11305555
솔샘시장,11305575
화곡중앙골목시장,11500540
대원종합시장,11500560
남부골목시장,11500570
영동전통시장,11680521
논현종합시장,11680531
청담삼익시장,11680565
전농로3길,11230600
전농로4길,11230610
제기로21길,11230705
돌곶이로27길,11290770
돌곶이로28길,11290770
돌곶이로41길,11290760
서울 강동구 명일역,11740530
등촌역,11470530
서울 중구 약수역_1,11140635
서울 중구 약수역_2,11140625
서울 마포구 홍대입구역_1,11440660
강서구청,11500591
신촌역,11440600
왕십리역_1,11200560
서울 종로구 종로5가역_2,11110630
종로구청,11110615
서울 종로구 종로5가역_3,11110630
서울 종로구 종로5가역_4,11110615
인사동,11110615
홍익대학교 주변,11440660
암사종합시장,11740570
양지골목시장,11740590
고분다리골목시장,11740600
동서울시장,11740610
천호시장,11740610
성내골목시장,11740650
둔촌역전통시장,11740660
정릉아리랑시장,11290630
고덕전통시장,11740560
정릉시장,11290640
길음시장,11290660
돌곶이로8길,11290810
동소문로13길,11290575
동소문로15길,11290575
동소문로26가길,11290575
동소문로2길,11290555
동소문로6길,11290555
증산로5길,11380640
증산로9길,11380640
서울 중구 충무로역_1,11140570
서울 중구 충무로역_2,11140570
북창동,11140520
서울 중구 신당역_1,11140650
롯데백화점,11140520
명동거리,11140550
서울 동대문구 신설동역_2,11230536
서울 종로구 종로3가역_2,11110615
서울 마포구 홍대입구역_2,11440660
서울 마포구 홍대입구역_3,11440660
서울 서대문구 신촌역,11410585
서울 서대문구 이대역,11410585
한양시장,11200550
장충동 족발거리,11140580
서울 중구 명동역,11140550
장한평역,11200790
동일로101길,11260520
동일로112길,11260590
상도로15길,11590540
상도로37길,11590530
바우뫼로39길,11650651
반포대로9길,11650530
목동중앙본로7길,11470540
증산서길,11380640
진흥로12길,11380510
진흥로1길,11380625
통일로69길,11380570
두텁바위로1길,11170530
서울 강남구 역삼역_1,11680640
대림역_2,11530560
역삼역_2,11680650
구로역,11530560
선릉역_1,11680650
서울 강남구 강남역_2,11650531
석촌역,11710600
서울 송파구 석촌역_1,11710580
서울 동작구 노량진역,11590510
서대문구 서대문역_2,11410565
서울 중구 신당역_2,11140615
서울 중구 을지로3가역_2,11140605
서울 강북구 미아삼거리역_2,11290685
서울 은평구 연신내역_1,11380570
서울 은평구 연신내역_2,11380551
서울 강북구 수유역_1,11305590
서울 강북구 수유역_2,11305630
등나무근린공원 주변,11350625
종로24길,11110615
종로58가길,11110710
국사봉2길,11590680
국사봉길,11590550
노량진로6길,11590520
대방동27길,11590660
자하문로7길,11110530
강서로29길,11500540
강서로35길,11500560
백범로79길,11170580
백범로90길,11170560
서빙고로71길,11170690
소월로20길,11170520
신흥로20길,11170510
제기로5길,11230545
천장산로7길,11230740
천호대로12길,11230536
방이동 먹자골목,11710562
학동역,11680521
강남구 논현역_4,11650540
잠실역,11710710
서울 강남구 강남구청역_1,11680531
서울 강남구 학동역_3,11680531
서울 동작구 노량진1동_1,11590510
서울 강남구 학동역_2,11680531
강남구 신사역_1,11650540
창동역,11320514
서울 노원구 노원역_1,11350695
서울 노원구 노원역_2,11350695
서울 노원구 노원역_3,11350640
서울 종로구 종로5가역_1,11110630
서울 은평구 연신내역_3,11380530
서울 강북구 수유역_3,11305630
구의시장,11215860
동부시장,11230600
답십리시장,11230610
전곡시장,11230660
청량리청과물시장,11230545
은행정로7길,11470650
성대로29길,11590560
신대방길,11590670
양녕로26길,11590560
증산로13길,11380640
증산로15길,11380632
천호대로17길,11230536
천호대로45길,11230536
휘경로3길,11230740
인촌로17가길,11290600
인촌로1길,11290610
개운사길,11290600
인촌로24길,11290600
서울 강남구 강남구청역_2,11680531
영등포역_1,11560535
강남구 신사역_2,11680521
문래동 주민센터,11560605
영등포역_2,11560535
선릉역_2,11680630
서울 송파구 석촌역_2,11710580
서울 강남구 선릉역_1,11680590
회기시장,11230710
이경시장,11230720
이문제일시장,11230750
동부골목시장,11260590
동원시장,11260565
면목골목시장,11260570
합동(새벽)시장,11140680
마장축산물시장,11200540
행당시장,11200560
금남시장,11200615
뚝도시장,11200670
방학로15길,11320710
방학로5길,11320670
방학로6가길,11320690
삼양로144길,11320660
시루봉로23길,11320521
방학로10길,11320700
우이천로32길,11320660
인촌로5길,11290600
인촌로6길,11290610
천호대로77길,11230650
천호대로97길,11230650
한천로14길,11230650
한천로33길,11230570
보국문로16길,11290650
보문로13길,11290610
서울 서초구 강남역,11680640
고속터미널역,11650581
서울 강남구 선릉역_2,11680640
삼성역_1,11680610
서울 강남구 강남역,11680640
오류동역,11530770
은마아파트입구사거리_2,11680610
성동용답상가시장,11200790
동부청과시장,11230536
용두시장,11230536
청량리수산시장,11230536
경동시장,11230545
동서시장,11230545
서울약령시장,11230545
청량리농수산물시장,11230545
청량리전통시장,11230545
청량리종합시장,11230545
전농로터리시장,11230560
답십리현대시장,11230610
한아름시장,11215710
보문로32길,11290575
삼선교로10길,11290555
삼선교로10다길,11290555
삼선교로16가길,11290555
우사단로4길,11170700
원효로19길,11170570
원효로41길,11170570
보문로26길,11290600
보문로31길,11290555
동작구 총신대입구역_1,11590630
서울 관악구 신림역_4,11620695
뱅뱅사거리_1,11680655
뱅뱅사거리,11650520
개봉동 현대아파트 인근,11530760
교대역_1,11650530
은마아파트입구사거리_3,11680630
은마아파트입구사거리_4,11680610
서울 강남구 한티역,11680630
서울 광진구 건대입구역_2,11215710
서울 마포구 마포역_2,11440590
서울 마포구 공덕역_1,11440565
삼정역_1,11680640
삼정역_2,11680531
삼성역_2,11680610
화양제일골목시장,11215710
중곡제일시장,11215740
면곡골목시장,11215760
신성골목시장,11215770
자양골목시장,11215820
자양종합시장,11215830
노룬산골목시장,11215847
능동로골목시장,11215840
영동교골목시장,11215847
남대문시장,11140540
신중부시장,11140590
인현시장,11140590
평화시장,11140590
원효로53길,11170590
원효로89길,11170560
이촌로22길,11170640
이태원로27길,11170650
아차산로51길,11215850
아차산로55길,11215850
아차산로65길,11215870
보라매공원,11590680
뱅뱅사거리_2,11680640
서울 강남구 대치역_1,11680600
관악구 사당역_2,11590620
가산디지털단지역_2,11545510
관악구 사당역_1,11650610
서울 관악구 서울대입구역_1,11620595
구로디지털단지역,11530595
강남구 논현역_1,11650560
신천역,11710650
선정릉역_1,11680590
강남구 논현역_2,11680521
신도림역,11530510
잠실역 롯데월드,11710680
방산종합시장,11140605
통인시장,11110515
광장시장,11110615
동대문종합시장,11110630
종로신진시장,11110630
충신시장,11110630
동문시장,11110670
창신골목시장,11110680
신설종합시장,11110710
후암시장,11170510
신흥시장,11170520
만리시장,11170555
용문전통시장,11170590
이촌종합시장,11170630
이태원시장,11170650
아차산로78길,11215810
용마산로21길,11215750
용마산로3길,11215750
자양로11길,11215820
장월로1길,11290725
장위로50길,11290780
정릉로26길,11290630
가산디지털단지역_3,11545510
서울 관악구 서울대입구역_2,11620575
양재역_1,11650651
서울 금천구 시흥1동_4,11545670
양재 화물트럭터미널앞_1,11650652
양재 화물트럭터미널앞_2,11650652
양재동 꽃시장,11650652
서울 금천구 독산1동_1,11545610
서울 관악구 대학동_1,11620735
포스코사거리_1,11680590
포스코사거리_2,11680580
강남구 논현역_3,11680521
선정릉역_2,11680590
서울 강남구 학동역_1,11680521
코엑스,11680580
삼성역_3,11680580
서울 강남구 대치역_2,11680600
서울 서초구 서초역,11650530
서울 송파구 가락시장역,11710620
이태원제일시장,11170660
보광시장,11170700
남평화시장,11140615
동평화시장,11140615
제일평화시장,11140615
청평화시장,11140615
약수시장,11140635
백학시장,11140650
서울중앙시장,11140670
조양시장,11215847
연서시장,11380530
갈현시장,11380551
역촌중앙시장,11380552
대조시장,11380570
해등로16길,11320515
공릉로58길,11350611
정릉로27길,11290630
정릉로8길,11290640
종암로16길,11290705
우이천로4다길,11320513
관악구 사당역_3,11620630
포이사거리_2,11650652
포이사거리_1,11680690
장지역,11710642
가산디지털단지역_1,11545510
구로디지탈1단지,11530540
서울 서초구 남부터미널역_2,11650530
서울 관악구 신림역_3,11620695
서울 강남구 수서역,11680750
교대역_2,11650510
역삼역_1,11680640
금호산길,11200615
서울 강동구 고덕역,11740540
낙성대시장,11620585
봉천제일종합시장,11620595
도곡시장,11680650
교대역_3,11650530
가락시장,11710631
방배동카페골목,11650590
서울 강남구 강남역_1,11650520
서울 광진구 군자역,11215730
학동사거리_1,11680531
길동복조리시장,11740685
사가정시장,11260575
중화제일시장,11260630
태능시장,11260610
묵1동도깨비시장,11260620
우림골목시장,11260655
유영시장,11260660
돈암제일시장,11290555
영천시장,11410520
동일로173가길,11350595
동일로192길,11350595
동일로242길,11350630
이태원로54길,11170685
장문로45길,11170700
청파로47길,11170555
서울 서초구 남부터미널역_3,11650510
동작구 총신대입구역_2,11650621
양재역_3,11650520
양재역_2,11650651
서울 관악구 신림역_1,11620645
서울 관악구 신림역_2,11620645
서울 서초구 남부터미널역_1,11650510
